temperature,humidity,visibility,wind_speed,hour,weather_condition,risk_level
18.66,59.4,7.73,12.22,20,Cloudy,Low
2.52,66.1,11.91,17.28,21,Clear,Low
24.01,42.7,7.7,12.15,6,Cloudy,Low
26.29,40.0,10.06,10.36,3,Cloudy,Medium
-8.41,68.3,8.62,12.25,9,Cloudy,Medium
-0.63,51.4,9.13,9.42,15,Clear,Low
16.53,38.9,9.28,25.94,2,Cloudy,Medium
11.21,82.4,7.66,14.43,15,Thunderstorm,Medium
14.8,53.6,5.31,7.62,7,Cloudy,Low
4.76,85.7,11.3,4.27,10,Heavy Rain,High
25.55,65.5,13.78,10.23,9,Clear,Low
24.33,70.3,13.98,6.81,17,Clear,Low
15.79,61.2,7.34,6.47,7,Thunderstorm,High
28.53,17.2,6.8,20.48,11,Rain,Low
20.61,44.5,7.34,12.72,15,Rain,Low
4.69,62.7,8.47,3.14,20,Cloudy,Low
19.43,71.6,8.84,17.57,10,Heavy Rain,Medium
3.49,32.8,6.01,2.24,3,Fog,Medium
25.54,64.0,4.56,18.24,13,Clear,Medium
14.4,44.8,9.15,7.72,0,Clear,Medium
12.78,69.2,0.1,12.78,15,Snow,High
6.83,64.7,8.7,11.78,9,Clear,Medium
29.67,78.4,6.17,10.67,15,Cloudy,Low
13.15,84.2,11.34,13.89,3,Clear,Low
9.86,73.3,12.14,12.74,11,Cloudy,Low
10.77,80.5,12.21,28.83,4,Cloudy,Medium
21.39,58.7,7.96,14.02,13,Clear,Low
19.39,100.0,5.59,14.22,1,Clear,Low
19.95,43.1,6.56,5.61,12,Cloudy,Low
20.17,55.5,9.86,15.43,10,Cloudy,Low
40.7,81.2,4.06,2.79,3,Rain,High
10.12,78.5,13.18,22.35,17,Rain,Medium
8.85,73.8,8.01,1.36,20,Clear,Low
5.23,77.2,10.5,4.41,13,Cloudy,Low
22.39,27.5,3.66,2.66,12,Snow,Medium
28.55,93.6,6.22,15.78,8,Rain,High
13.63,61.3,3.28,8.19,6,Snow,Medium
4.92,87.4,12.06,18.17,0,Thunderstorm,High
5.11,28.4,8.52,3.22,11,Cloudy,Low
22.81,69.6,10.71,16.78,12,Clear,Low
23.92,54.9,9.19,17.22,0,Clear,Medium
21.52,75.3,10.41,13.91,7,Clear,Low
7.01,70.7,7.99,12.28,13,Rain,Low
17.79,71.6,8.39,13.23,5,Clear,Low
16.4,45.9,8.72,3.8,14,Thunderstorm,Medium
17.62,64.0,10.22,2.32,10,Rain,Low
25.46,61.8,10.3,16.89,22,Thunderstorm,Medium
17.68,73.9,15.0,8.68,4,Cloudy,Medium
23.15,82.8,14.04,16.08,0,Clear,Low
15.81,67.7,3.66,25.96,7,Clear,Medium
18.47,42.0,8.57,7.89,19,Heavy Rain,High
22.58,66.9,7.78,6.6,22,Clear,Low
-2.49,100.0,12.84,9.08,15,Snow,High
11.16,94.6,8.05,12.35,14,Clear,Low
9.36,11.5,10.39,17.53,17,Rain,Medium
7.33,66.1,1.99,11.74,23,Cloudy,High
11.7,81.8,4.46,30.71,22,Rain,Medium
32.94,61.7,15.0,15.79,15,Heavy Rain,High
4.61,56.7,9.15,19.03,8,Clear,Low
26.62,60.2,6.0,11.67,2,Fog,High
-5.19,74.9,9.73,21.11,3,Rain,High
10.98,44.3,5.84,10.15,15,Cloudy,Low
16.95,86.4,8.15,6.2,1,Thunderstorm,High
22.03,64.0,4.64,20.15,20,Snow,High
23.53,48.2,6.63,11.48,11,Clear,Low
24.52,85.2,7.75,14.21,21,Clear,Low
10.82,37.2,12.36,20.84,20,Fog,Medium
9.45,55.0,10.39,13.25,13,Rain,Low
25.3,54.7,10.92,10.66,10,Cloudy,Low
12.7,100.0,8.92,7.18,2,Clear,Medium
-0.31,52.7,11.47,21.56,23,Cloudy,Medium
1.4,26.2,6.38,8.92,15,Clear,Low
3.97,54.5,6.8,11.54,9,Clear,Low
20.97,73.2,10.22,14.58,3,Cloudy,Medium
16.71,79.1,8.16,14.55,20,Clear,Low
23.29,100.0,8.96,21.12,1,Rain,High
9.87,90.3,8.51,11.37,16,Rain,Medium
16.9,68.4,12.76,24.39,5,Rain,Low
22.51,49.0,12.92,9.76,15,Clear,Low
11.29,94.2,7.12,15.34,2,Clear,Low
20.48,58.4,3.72,10.35,19,Heavy Rain,High
7.06,53.2,6.87,30.84,10,Cloudy,Low
10.64,57.5,6.31,8.84,10,Clear,Low
10.42,42.5,11.5,9.66,22,Rain,Low
0.65,56.6,11.76,13.03,4,Cloudy,Medium
20.84,60.8,5.91,9.6,15,Clear,Low
9.37,78.2,6.74,14.83,13,Heavy Rain,Medium
15.15,58.0,4.56,23.06,16,Cloudy,Medium
20.77,42.2,9.4,13.33,15,Cloudy,Low
20.36,36.1,8.87,13.66,19,Snow,Medium
22.98,68.8,11.37,9.94,8,Clear,Low
13.82,66.3,10.49,7.45,5,Cloudy,Low
9.92,55.0,10.83,12.87,16,Clear,Medium
14.04,56.6,4.37,12.07,13,Thunderstorm,Medium
-5.25,72.0,7.12,22.56,21,Clear,Low
-2.37,90.0,11.85,3.37,17,Fog,High
-0.87,51.0,7.38,25.09,5,Cloudy,Medium
3.03,66.6,4.12,10.68,7,Snow,High
19.8,82.2,11.42,13.34,16,Heavy Rain,High
4.13,51.0,7.27,2.42,9,Clear,Low
10.46,64.7,12.19,17.06,22,Rain,Low
30.59,64.3,8.94,3.36,16,Clear,Medium
10.72,41.4,8.17,15.36,8,Clear,Medium
23.85,68.0,13.09,14.48,19,Clear,Medium
3.8,65.6,5.09,9.07,16,Rain,Medium
12.53,75.0,13.3,6.59,8,Clear,Low
3.6,43.6,7.08,31.45,10,Rain,Low
10.93,65.2,9.49,2.51,15,Heavy Rain,Medium
25.08,89.9,9.52,14.45,5,Clear,Low
-5.73,100.0,7.72,5.43,15,Clear,Low
20.21,88.0,6.71,21.43,7,Rain,Medium
17.85,43.8,7.89,8.58,22,Clear,Low
7.87,73.1,5.96,5.23,13,Clear,Low
-2.35,56.3,14.89,17.36,18,Clear,Medium
15.87,70.1,7.56,0.55,13,Clear,Low
8.65,51.1,12.48,8.28,4,Rain,Medium
17.79,34.2,12.08,18.21,16,Cloudy,Low
15.26,58.8,10.09,25.56,15,Fog,High
34.22,78.0,8.59,3.34,3,Heavy Rain,High
12.13,70.2,9.58,6.5,22,Thunderstorm,Medium
2.72,72.3,10.72,15.17,2,Rain,High
17.15,68.9,9.3,5.98,9,Clear,Low
17.64,72.3,4.3,24.22,2,Clear,Medium
31.31,74.5,3.55,3.0,18,Clear,Low
25.02,60.1,13.53,8.06,10,Rain,Medium
19.28,66.5,1.1,14.35,12,Rain,Medium
32.56,96.4,9.59,12.46,21,Clear,Low
0.73,67.6,8.3,3.33,10,Rain,Low
7.32,65.8,9.48,27.49,11,Clear,Low
3.88,66.9,5.58,11.18,13,Rain,Medium
10.32,61.1,10.05,1.9,22,Clear,Low
-1.52,57.2,9.62,6.27,10,Clear,Low
22.62,68.8,15.0,3.45,5,Cloudy,Medium
12.33,55.9,9.39,22.98,7,Thunderstorm,High
-2.65,62.4,13.04,2.93,13,Rain,Medium
2.81,50.8,4.5,26.02,18,Cloudy,High
18.76,66.9,12.06,9.5,20,Cloudy,Low
25.06,75.5,9.68,0.25,12,Cloudy,Low
38.96,61.2,9.81,6.91,11,Clear,Low
45.0,28.8,9.85,10.06,22,Rain,Medium
19.97,75.6,14.12,5.68,16,Clear,Low
3.13,67.2,9.77,14.13,0,Cloudy,Low
-10.58,47.1,6.65,7.94,15,Clear,Low
18.21,78.9,7.15,20.6,18,Heavy Rain,High
5.24,39.8,11.45,10.72,18,Clear,Low
10.02,83.8,10.34,8.18,3,Cloudy,Low
7.65,64.0,4.41,20.76,12,Cloudy,Low
13.31,24.2,10.54,14.05,18,Heavy Rain,High
27.79,68.2,5.75,18.97,22,Thunderstorm,High
16.88,57.7,10.31,22.34,20,Clear,Low
13.1,55.0,6.58,9.36,18,Clear,Low
2.57,51.7,8.16,12.34,18,Rain,Medium
-5.1,62.7,7.37,19.59,8,Clear,Medium
9.16,56.3,13.56,10.06,14,Clear,Low
14.35,31.6,10.21,11.08,0,Clear,Low
36.22,87.9,12.78,9.98,2,Clear,Low
16.56,60.6,15.0,15.37,6,Cloudy,Medium
26.79,51.8,9.14,4.79,23,Cloudy,Low
9.01,44.7,13.51,21.86,5,Cloudy,Low
0.78,78.9,6.9,5.36,7,Clear,Low
3.42,41.6,12.76,7.87,19,Clear,Low
6.3,67.4,6.58,6.02,0,Snow,Medium
40.54,54.5,8.94,23.07,4,Cloudy,Low
5.14,55.5,10.61,6.77,0,Snow,High
25.06,45.1,11.08,28.08,14,Thunderstorm,High
4.16,53.8,5.18,25.26,17,Cloudy,Medium
26.18,65.2,6.4,6.92,22,Fog,Medium
19.62,69.2,10.83,21.24,19,Clear,Low
13.12,50.9,7.9,13.17,17,Clear,Low
14.51,63.4,4.81,26.88,19,Rain,Medium
7.14,81.0,8.79,20.56,22,Clear,Low
20.35,35.1,8.64,31.74,13,Rain,Medium
9.54,64.9,9.53,2.06,3,Fog,Medium
0.29,47.9,10.59,13.72,15,Thunderstorm,High
-0.34,46.1,10.4,3.52,7,Cloudy,Medium
17.07,69.7,6.7,7.33,21,Rain,Low
33.95,55.2,7.77,32.25,12,Rain,Medium
16.92,43.1,11.78,16.21,15,Cloudy,Low
13.58,88.8,7.37,20.86,12,Cloudy,Low
18.43,81.6,7.81,16.63,8,Rain,Medium
30.67,30.2,4.49,16.05,21,Cloudy,Low
17.63,38.5,8.91,7.3,22,Heavy Rain,Medium
10.07,75.7,10.04,5.62,21,Clear,Low
28.28,59.9,3.07,7.06,23,Rain,Medium
20.15,92.0,5.79,12.57,0,Cloudy,Medium
33.43,76.1,4.73,11.26,15,Clear,Low
17.2,70.4,11.37,14.16,10,Snow,Medium
0.31,46.6,3.26,6.43,13,Cloudy,Low
-1.42,73.8,8.76,10.82,10,Rain,Medium
34.81,42.0,11.15,16.73,22,Clear,Low
35.68,88.5,9.56,19.96,19,Clear,Low
12.85,72.6,7.68,1.22,18,Snow,High
10.4,50.2,10.04,4.85,15,Cloudy,Low
32.54,79.5,12.11,18.78,2,Clear,High
1.72,100.0,8.68,17.3,4,Cloudy,Medium
4.26,61.1,2.28,24.1,22,Cloudy,Medium
22.72,74.9,12.44,23.73,1,Thunderstorm,High
10.26,57.2,10.2,33.73,17,Clear,Medium
14.94,66.5,8.9,9.37,14,Cloudy,Low
13.04,37.9,3.06,26.21,17,Cloudy,Medium
19.05,65.0,8.11,3.72,23,Clear,Low
31.89,65.8,6.37,33.55,9,Rain,Medium
16.09,97.4,5.35,16.09,14,Clear,Low
22.73,32.7,8.59,16.88,0,Clear,Low
-9.6,59.9,7.39,20.91,8,Cloudy,Medium
14.42,88.2,7.59,0.2,6,Cloudy,Low
4.88,60.6,11.22,2.33,19,Fog,High
0.37,61.9,9.77,13.04,7,Rain,Medium
4.46,50.0,7.51,15.11,7,Clear,Medium
10.99,48.2,7.13,30.74,10,Clear,Low
25.99,32.1,7.64,3.46,13,Rain,Medium
-0.92,53.7,8.26,25.86,16,Clear,Medium
15.37,47.2,10.75,9.61,23,Clear,Medium
9.19,67.1,5.87,9.48,10,Thunderstorm,Low
11.07,50.8,13.38,10.53,14,Rain,Medium
27.03,56.4,10.75,9.25,8,Clear,Low
21.46,56.9,0.79,16.38,14,Clear,Medium
31.05,64.1,9.26,8.45,5,Heavy Rain,Medium
13.15,55.5,12.12,0.69,5,Cloudy,Low
6.65,45.9,10.17,9.59,18,Clear,Low
12.31,66.5,7.76,16.11,16,Cloudy,Medium
17.91,84.2,8.82,0.62,18,Fog,High
17.12,67.3,9.53,17.24,17,Clear,Low
1.99,54.0,11.31,22.62,8,Rain,High
16.09,62.8,4.75,25.32,18,Snow,High
17.74,28.1,7.18,15.04,5,Cloudy,Low
45.0,62.5,13.92,4.24,0,Thunderstorm,Medium
37.52,57.8,9.1,17.83,5,Clear,Low
4.76,48.2,13.58,20.7,16,Rain,Medium
11.55,51.5,15.0,5.73,15,Cloudy,Low
-2.56,57.6,7.52,11.35,17,Cloudy,Medium
7.91,82.9,5.41,16.35,18,Rain,High
18.79,84.7,8.2,28.09,5,Rain,Low
29.47,48.3,12.3,9.7,18,Cloudy,Low
6.25,55.7,12.72,20.02,11,Cloudy,Low
7.15,56.1,15.0,14.85,20,Cloudy,Low
-10.77,79.6,8.89,13.79,0,Thunderstorm,High
13.05,67.6,10.46,23.97,18,Heavy Rain,High
2.25,66.7,6.86,4.52,16,Cloudy,Medium
8.65,74.7,1.48,14.07,11,Cloudy,Medium
4.48,54.3,8.88,12.24,20,Fog,Low
13.87,89.5,5.54,1.56,6,Heavy Rain,Medium
-6.09,65.0,10.93,23.09,8,Rain,High
-2.6,49.6,3.36,19.46,8,Rain,High
40.55,60.9,6.78,12.3,11,Clear,Low
-0.45,87.2,9.8,9.65,6,Clear,Medium
1.84,57.3,10.12,12.0,16,Clear,Low
37.04,82.1,8.86,18.37,2,Cloudy,Medium
45.0,53.7,14.6,12.48,0,Rain,Medium
0.94,51.2,13.71,5.99,3,Heavy Rain,High
10.58,76.9,6.95,7.35,10,Fog,High
19.1,49.3,13.83,11.89,0,Clear,Low
35.74,79.8,14.29,3.61,15,Heavy Rain,High
3.16,71.3,8.63,15.0,4,Thunderstorm,High
12.06,49.3,9.14,4.86,18,Clear,Low
24.33,63.7,8.85,3.41,20,Clear,Medium
20.22,55.1,7.07,40.74,20,Fog,Medium
10.49,71.3,7.36,29.46,12,Clear,Low
13.39,99.0,12.96,13.3,12,Rain,Medium
-1.5,58.3,10.31,19.66,9,Cloudy,Medium
12.14,74.6,7.34,21.19,3,Cloudy,High
11.8,65.4,6.22,11.32,5,Fog,Low
17.79,65.4,6.73,14.54,5,Cloudy,Medium
8.34,62.0,8.51,9.64,14,Cloudy,Low
20.66,49.6,11.74,23.3,0,Clear,Low
27.15,71.0,6.42,23.42,23,Clear,Low
16.87,59.8,11.71,26.06,2,Cloudy,Medium
19.22,48.7,9.59,14.39,8,Rain,High
15.64,83.3,9.43,31.51,7,Clear,Medium
15.0,66.8,12.08,11.31,20,Cloudy,Low
6.34,60.9,11.53,30.42,15,Cloudy,Low
18.8,89.1,4.79,7.83,22,Heavy Rain,High
13.83,32.0,5.75,0.32,21,Clear,Low
40.12,87.9,8.31,30.25,18,Fog,High
33.88,49.2,10.07,17.94,3,Fog,Medium
19.63,68.8,13.09,16.67,14,Clear,Low
5.84,54.4,9.2,8.76,14,Cloudy,Low
1.65,48.4,14.11,4.39,7,Rain,High
29.29,88.6,6.88,5.25,0,Clear,Low
18.15,98.4,7.39,13.25,0,Snow,High
20.76,61.0,8.08,10.65,9,Thunderstorm,High
-5.94,71.0,6.55,5.47,17,Rain,Medium
26.13,66.0,12.48,27.24,4,Clear,Medium
20.45,96.1,0.69,8.22,22,Clear,Medium
1.67,27.0,7.49,23.15,6,Cloudy,Low
9.34,71.8,12.44,5.65,16,Clear,Low
18.16,51.9,8.06,13.39,1,Heavy Rain,Medium
15.63,22.6,12.22,20.75,0,Cloudy,Low
11.49,58.5,15.0,19.51,12,Rain,Medium
13.76,98.3,9.24,9.59,3,Rain,Medium
11.98,53.2,12.51,16.58,15,Clear,Low
16.83,79.2,15.0,18.08,9,Rain,Medium
32.66,86.6,10.21,10.67,5,Snow,Low
-15.8,64.8,8.86,1.98,23,Cloudy,Medium
12.16,67.2,11.71,6.38,9,Rain,Medium
17.12,34.1,12.55,8.59,2,Clear,Medium
18.55,52.1,8.88,12.23,3,Rain,Medium
10.54,81.3,7.55,26.33,7,Fog,Medium
-6.08,66.1,14.15,20.17,11,Rain,High
18.94,71.6,8.19,4.66,13,Clear,Low
35.73,67.4,12.58,28.53,10,Clear,Low
-3.41,100.0,9.79,11.29,2,Thunderstorm,High
25.37,57.3,14.48,18.05,6,Rain,Low
11.06,93.9,6.45,3.55,2,Cloudy,Medium
14.26,67.4,6.45,7.93,12,Rain,Low
2.37,95.5,11.56,21.34,1,Clear,Medium
10.99,43.0,5.61,4.09,18,Fog,Medium
30.6,68.3,9.35,12.5,12,Cloudy,Low
21.99,57.9,13.65,16.24,6,Clear,Low
35.79,67.5,3.65,2.79,6,Clear,Low
29.13,87.0,10.21,4.0,0,Clear,Medium
20.27,71.8,12.64,20.17,0,Rain,Medium
35.93,87.0,8.92,37.77,15,Rain,Low
20.27,52.9,6.22,16.13,12,Rain,Low
24.94,50.2,8.21,17.86,3,Clear,Low
11.44,65.3,6.48,4.04,17,Heavy Rain,Medium
15.8,64.3,9.21,25.23,23,Snow,High
6.63,61.7,8.17,8.61,16,Rain,Medium
26.88,47.7,7.46,22.47,21,Rain,Low
0.86,86.6,10.4,17.47,16,Clear,Medium
24.39,58.5,13.74,17.69,22,Snow,Medium
12.71,90.7,9.98,17.34,13,Clear,Low
29.05,65.2,13.03,17.05,19,Heavy Rain,High
24.01,76.7,13.74,14.55,18,Cloudy,Low
36.85,75.0,7.24,20.72,7,Clear,Medium
23.77,50.2,9.82,5.47,1,Clear,Low
-3.86,71.6,7.73,9.85,10,Thunderstorm,High
14.2,99.7,4.55,25.21,4,Cloudy,Medium
0.94,69.5,10.07,13.56,20,Cloudy,Low
8.78,81.2,5.84,9.07,16,Fog,High
33.13,77.5,10.45,21.31,21,Cloudy,Low
22.65,70.5,4.33,19.54,8,Snow,High
6.61,68.4,9.51,0.3,13,Snow,Low
2.84,74.9,4.29,18.57,5,Heavy Rain,High
15.39,78.7,11.02,13.24,11,Clear,Low
0.4,40.7,7.82,18.41,0,Thunderstorm,High
6.95,69.5,7.53,12.1,8,Rain,Medium
18.74,61.7,12.38,16.18,20,Cloudy,Low
28.86,58.0,8.04,4.48,14,Heavy Rain,Low
22.31,88.3,9.33,3.95,20,Clear,Low
-12.5,51.8,8.4,18.66,18,Clear,Low
18.65,39.9,10.52,35.59,1,Rain,High
15.86,79.3,12.13,15.31,11,Rain,Low
19.97,39.4,11.51,5.76,7,Cloudy,Medium
34.39,30.3,7.6,13.22,2,Rain,High
-9.76,81.3,12.63,3.96,5,Fog,High
7.91,67.9,6.25,23.25,0,Clear,Low
22.09,73.5,6.77,12.43,4,Cloudy,Low
-3.98,57.0,8.62,21.48,16,Clear,Low
32.71,40.1,12.14,10.62,6,Fog,High
19.42,43.7,5.49,22.28,17,Clear,Low
25.16,60.1,11.67,2.61,7,Cloudy,Medium
8.15,42.1,8.84,12.22,1,Fog,High
24.77,70.5,7.7,16.86,16,Rain,Medium
27.82,56.7,12.29,9.58,3,Clear,Low
17.79,68.3,6.59,15.24,23,Thunderstorm,High
17.81,67.8,15.0,15.08,10,Clear,Medium
18.24,72.0,8.47,21.44,1,Cloudy,Medium
4.64,74.0,9.45,17.59,5,Clear,Low
13.23,58.8,13.63,15.54,7,Rain,Medium
13.17,68.3,9.53,19.92,11,Clear,Low
19.6,69.2,12.57,0.18,16,Snow,Medium
27.0,21.3,3.14,5.23,7,Cloudy,Medium
2.3,76.6,7.67,0.47,7,Clear,Low
13.5,67.7,10.19,16.94,22,Snow,Medium
32.78,75.2,12.24,15.72,4,Heavy Rain,High
6.08,41.8,11.31,24.47,17,Cloudy,Medium
5.13,59.3,11.03,15.16,4,Cloudy,Low
17.43,45.4,12.18,6.31,6,Cloudy,Low
25.13,78.4,10.43,13.21,14,Cloudy,Low
15.14,39.7,2.57,4.88,2,Snow,High
30.95,48.3,13.33,8.33,3,Clear,Medium
25.28,74.6,6.49,9.12,20,Cloudy,Low
25.1,53.7,9.94,14.96,2,Heavy Rain,High
21.65,48.3,9.54,9.49,3,Thunderstorm,High
42.93,81.3,9.14,10.81,17,Clear,Low
12.54,82.1,5.68,3.62,11,Clear,Low
-9.04,78.0,3.18,5.98,8,Heavy Rain,High
34.25,80.3,5.99,18.23,19,Thunderstorm,High
9.51,60.8,11.48,0.92,21,Rain,Medium
16.29,61.3,4.66,16.55,2,Cloudy,Medium
30.71,53.3,6.36,4.7,11,Clear,Low
-4.23,68.0,10.25,3.13,22,Thunderstorm,High
-0.02,55.5,5.92,23.04,3,Rain,High
-4.22,57.2,7.37,23.96,9,Rain,High
5.47,75.8,9.25,7.14,4,Fog,High
20.28,86.3,9.85,7.06,3,Snow,High
21.29,72.2,5.86,9.74,21,Clear,Low
18.32,97.3,9.42,4.71,15,Clear,Low
-1.95,52.3,10.2,6.3,3,Clear,Medium
-12.72,31.9,5.18,16.05,8,Fog,High
15.65,77.9,9.64,30.67,7,Cloudy,Medium
9.34,51.1,6.85,8.81,22,Rain,Low
20.51,60.1,9.37,21.21,7,Cloudy,Medium
23.42,33.1,11.17,15.18,2,Cloudy,Medium
16.66,48.8,8.47,3.05,23,Clear,Low
24.12,38.0,11.74,11.78,1,Fog,High
17.75,57.2,11.37,10.65,23,Cloudy,Medium
21.36,57.9,11.72,25.18,7,Snow,High
6.54,66.6,10.21,25.55,16,Clear,Medium
12.84,87.3,12.3,15.39,13,Clear,Low
17.36,77.2,10.16,22.93,5,Clear,Low
24.85,35.8,4.0,10.68,13,Clear,Low
10.28,75.9,6.62,22.07,4,Rain,Medium
21.25,67.0,8.37,12.9,12,Clear,Low
11.81,63.2,8.74,21.88,1,Cloudy,Low
13.59,64.6,10.07,22.79,5,Clear,Low
24.95,68.7,6.58,18.45,1,Thunderstorm,High
-8.92,52.5,15.0,5.33,15,Clear,Medium
-0.56,61.7,8.69,8.22,22,Heavy Rain,High
-2.79,86.3,8.98,18.77,1,Snow,High
-13.0,52.3,6.99,20.04,14,Thunderstorm,High
6.86,46.5,5.99,13.43,12,Rain,Low
23.99,63.9,8.62,9.19,4,Rain,Medium
11.58,44.6,9.08,13.72,16,Cloudy,Low
17.37,34.0,8.74,9.49,18,Heavy Rain,High
28.07,58.8,13.97,9.54,22,Snow,Medium
30.93,91.1,8.62,29.64,1,Cloudy,Medium
14.17,64.3,8.74,7.72,4,Rain,Medium
31.24,68.2,11.45,16.57,12,Thunderstorm,Low
16.11,26.7,8.49,13.38,18,Clear,Low
4.95,72.9,10.62,0.96,4,Rain,Medium
7.87,66.7,5.16,0.65,8,Clear,Low
-2.77,53.0,5.19,11.27,10,Cloudy,Low
4.34,68.2,9.37,5.57,15,Rain,Low
10.7,68.1,8.31,28.47,5,Cloudy,Low
24.64,45.9,6.57,8.75,7,Clear,Low
35.65,71.0,9.37,8.01,3,Snow,High
-1.59,86.5,9.63,23.01,5,Clear,Medium
19.71,60.9,6.87,10.73,22,Cloudy,Low
2.51,49.4,7.44,17.86,17,Clear,Low
20.7,61.8,9.65,6.85,22,Thunderstorm,High
13.43,80.4,5.94,12.41,22,Cloudy,Low
-6.97,42.9,7.19,20.72,11,Snow,High
26.14,75.4,10.6,4.24,4,Cloudy,Low
7.74,52.8,8.93,16.75,18,Cloudy,Low
8.59,69.4,7.57,9.75,23,Clear,Low
2.16,54.8,6.29,23.39,4,Cloudy,Medium
7.15,54.8,5.96,6.99,18,Snow,Medium
20.13,92.4,8.6,11.23,9,Rain,High
12.73,39.6,15.0,11.12,22,Clear,Low
18.94,73.7,10.7,3.23,5,Cloudy,Medium
19.34,96.2,5.0,2.54,15,Cloudy,Low
30.85,77.3,11.12,16.69,2,Rain,High
10.89,41.0,6.72,17.12,22,Heavy Rain,Medium
-2.72,41.9,8.99,4.03,10,Cloudy,Low
27.81,51.5,7.23,16.87,11,Snow,Medium
11.02,67.8,15.0,17.02,17,Rain,High
28.38,69.1,5.6,8.6,5,Cloudy,Low
19.6,42.1,9.94,0.36,17,Cloudy,Medium
13.43,49.3,6.94,11.66,2,Snow,Medium
19.19,50.4,11.22,15.29,10,Clear,Low
38.41,61.7,9.88,11.47,8,Clear,Medium
39.92,100.0,12.76,6.67,10,Heavy Rain,Medium
15.83,48.2,11.15,16.2,13,Cloudy,Low
16.92,47.4,6.92,23.39,14,Clear,Low
27.91,44.6,15.0,5.07,4,Snow,High
4.85,76.4,10.67,9.32,22,Clear,Low
19.0,64.3,7.35,36.69,15,Rain,Medium
14.69,48.9,9.62,14.62,3,Cloudy,Medium
18.77,58.5,10.89,0.6,3,Rain,Medium
5.0,50.8,10.78,7.7,9,Heavy Rain,High
-4.07,70.3,10.49,5.19,23,Clear,Medium
-9.88,100.0,11.9,15.42,21,Snow,High
1.59,74.9,11.6,14.77,5,Rain,Medium
9.5,63.3,6.46,6.27,13,Snow,Medium
11.48,53.0,15.0,28.71,7,Clear,Medium
38.25,40.8,14.91,12.77,19,Heavy Rain,Medium
28.27,78.2,11.4,7.9,17,Thunderstorm,High
3.45,77.2,9.12,1.01,11,Rain,Low
19.17,56.6,9.17,3.95,8,Fog,High
10.12,86.8,8.03,0.79,22,Cloudy,Low
11.59,65.4,8.42,10.28,10,Rain,Medium
17.22,78.9,2.44,4.04,21,Cloudy,Medium
22.43,70.3,13.59,19.06,0,Cloudy,Low
10.93,61.8,12.53,6.74,10,Rain,Low
27.77,47.8,3.97,19.56,13,Cloudy,Low
1.3,62.4,11.67,16.42,0,Fog,High
15.08,80.2,8.98,17.81,1,Heavy Rain,Medium
45.0,55.9,8.4,20.07,13,Snow,Medium
17.68,72.9,10.48,29.94,17,Rain,High
32.2,45.5,3.77,4.36,4,Snow,High
16.1,79.0,8.97,19.61,21,Cloudy,Low
21.97,70.6,9.24,15.58,5,Rain,Low
14.32,43.4,9.24,21.57,1,Cloudy,Low
12.96,61.0,4.9,13.0,10,Rain,Medium
5.65,81.8,10.34,22.58,2,Clear,Low
20.16,42.3,12.18,0.38,10,Heavy Rain,Medium
4.78,45.7,10.22,2.96,0,Cloudy,Low
22.99,63.7,8.31,6.88,20,Thunderstorm,Low
28.02,100.0,15.0,11.33,15,Snow,High
19.4,52.9,6.23,12.42,0,Rain,Medium
11.57,73.9,11.32,5.34,22,Clear,Low
20.45,69.7,9.73,3.08,7,Rain,Medium
11.3,54.4,15.0,6.1,12,Heavy Rain,Medium
26.23,67.9,10.16,3.38,15,Cloudy,Low
-6.98,56.9,10.8,9.41,9,Rain,Medium
10.97,58.6,10.52,11.47,14,Snow,High
-8.89,35.1,5.83,15.97,3,Clear,Medium
-2.94,64.6,6.39,13.5,7,Cloudy,Medium
31.37,81.2,8.17,28.14,16,Snow,Medium
25.74,66.0,11.87,19.31,4,Cloudy,High
6.37,84.6,9.7,18.64,7,Fog,Medium
-3.03,75.4,8.38,15.28,6,Cloudy,Low
-20.0,63.9,13.12,16.82,3,Cloudy,Medium
8.48,53.7,3.05,10.01,21,Thunderstorm,High
44.04,56.2,5.11,12.9,23,Clear,Low
20.22,38.5,1.51,29.29,6,Cloudy,Medium
8.29,60.2,12.62,11.37,20,Clear,Medium
20.58,67.6,8.71,0.01,11,Thunderstorm,Low
-3.73,95.9,11.9,18.27,5,Clear,Low
11.43,74.5,8.67,19.88,22,Clear,Low
16.19,49.4,12.07,13.39,3,Clear,Low
13.97,39.1,8.62,4.91,2,Rain,Medium
24.49,61.3,10.23,23.58,9,Clear,Medium
19.14,79.6,9.79,14.07,20,Cloudy,Low
23.02,61.0,10.01,9.21,7,Cloudy,Low
6.74,74.8,14.05,22.69,17,Rain,Medium
25.77,61.7,4.13,6.22,20,Cloudy,Medium
34.55,77.9,8.79,13.01,11,Rain,High
3.36,36.2,9.59,7.13,3,Rain,Medium
4.35,93.9,9.14,25.43,22,Snow,High
31.03,45.0,7.81,14.19,19,Rain,Medium
12.7,79.3,7.4,4.22,1,Rain,Medium
31.85,60.1,13.59,22.24,13,Cloudy,Low
9.69,62.9,8.79,10.13,20,Fog,Medium
32.46,60.7,15.0,16.57,13,Heavy Rain,Medium
16.58,69.6,10.58,0.63,4,Rain,Medium
18.1,73.2,8.13,7.84,22,Cloudy,Low
33.78,84.1,10.66,9.83,8,Clear,Low
10.66,90.3,9.33,20.19,0,Thunderstorm,High
3.71,71.0,13.03,31.83,2,Clear,Medium
9.62,95.8,5.5,4.02,11,Cloudy,Low
20.43,66.7,3.6,16.02,11,Cloudy,Medium
-3.79,84.4,10.08,31.82,14,Cloudy,Low
22.65,72.7,11.51,6.84,4,Cloudy,Low
8.53,55.1,9.86,6.29,2,Cloudy,Medium
28.77,68.3,11.02,14.12,6,Clear,Low
-13.73,74.1,10.58,19.46,1,Clear,Medium
5.56,64.4,4.56,17.92,1,Rain,High
-5.24,72.4,9.84,8.77,15,Rain,Medium
5.09,80.6,12.95,4.78,7,Rain,Medium
17.97,64.6,9.52,23.85,3,Thunderstorm,Medium
12.85,12.0,5.07,5.03,3,Clear,Low
11.96,95.2,8.0,5.25,19,Cloudy,Medium
13.09,59.6,10.67,1.08,16,Cloudy,Low
17.44,50.2,14.39,6.81,1,Clear,Low
2.9,44.8,3.13,25.43,15,Fog,Medium
23.48,58.9,10.08,1.3,14,Clear,Low
22.95,54.9,6.2,25.7,15,Cloudy,Low
19.62,51.7,10.52,23.76,18,Clear,Low
21.68,52.7,10.76,14.03,16,Cloudy,Low
18.56,74.5,8.3,10.94,17,Heavy Rain,High
39.42,100.0,10.89,1.34,2,Rain,High
13.95,79.8,12.42,6.3,22,Rain,Low
11.32,85.2,8.51,27.58,5,Clear,Low
5.96,58.2,4.99,6.88,18,Clear,Medium
2.61,66.9,13.28,5.04,17,Rain,Medium
0.07,72.7,11.49,13.69,11,Clear,Low
4.33,53.1,10.69,0.69,11,Cloudy,Low
14.15,57.3,6.93,11.78,21,Snow,Low
19.01,80.4,11.96,4.81,15,Cloudy,Low
15.61,84.6,15.0,36.19,6,Cloudy,Medium
5.81,66.2,8.64,3.74,1,Thunderstorm,High
25.8,43.5,9.28,29.37,3,Fog,High
23.87,59.7,5.8,1.74,9,Clear,Low
13.08,39.1,6.84,14.36,15,Snow,Medium
7.17,66.4,5.78,16.5,10,Cloudy,Low
21.58,69.6,9.39,13.28,18,Heavy Rain,Medium
17.26,60.1,7.98,12.72,16,Cloudy,Medium
-2.38,69.4,10.12,19.75,17,Thunderstorm,High
14.18,72.5,6.32,15.76,21,Heavy Rain,Medium
18.14,69.6,8.5,10.44,1,Cloudy,Medium
4.2,43.4,6.14,5.93,13,Cloudy,Low
17.28,60.4,9.56,10.51,8,Clear,Low
-2.46,72.4,4.1,10.4,18,Clear,High
31.03,93.4,9.45,10.22,19,Cloudy,Medium
29.98,60.1,8.16,12.69,15,Cloudy,Low
11.97,74.9,9.54,0.68,17,Rain,Medium
19.36,80.8,4.04,2.75,21,Rain,Medium
-13.92,61.5,10.96,19.49,13,Clear,Low
1.12,85.7,8.1,8.25,19,Clear,Medium
11.47,86.6,9.65,22.77,2,Clear,Medium
2.13,89.8,3.39,6.97,5,Cloudy,Low
23.57,73.3,5.27,27.03,21,Cloudy,Low
38.97,100.0,7.83,23.04,5,Clear,Low
0.88,53.9,13.13,9.05,0,Clear,Medium
4.95,100.0,10.58,9.99,21,Clear,Low
17.83,78.8,9.39,26.34,8,Cloudy,Medium
34.33,89.1,6.23,23.46,14,Thunderstorm,Medium
0.33,59.2,5.68,20.75,18,Fog,High
17.99,80.2,9.83,22.3,10,Cloudy,Low
36.86,90.7,11.1,2.21,0,Cloudy,Low
-4.82,45.4,9.63,13.85,16,Cloudy,High
-0.37,62.1,14.13,5.07,15,Cloudy,Medium
9.92,26.5,6.95,1.98,6,Snow,High
8.75,61.8,9.54,13.47,15,Clear,Low
24.75,50.3,3.92,8.28,19,Cloudy,Medium
17.9,61.1,9.63,10.5,23,Fog,Medium
-6.3,100.0,13.41,7.5,12,Cloudy,Low
21.18,95.9,5.88,0.71,1,Cloudy,High
8.07,39.1,11.53,27.27,20,Snow,Medium
30.29,75.0,13.32,13.4,10,Cloudy,Low
7.47,79.4,6.93,0.98,15,Thunderstorm,Medium
7.36,58.9,10.4,13.64,21,Clear,Low
21.49,68.2,13.74,25.69,6,Rain,Medium
24.16,70.0,9.69,20.63,0,Clear,Low
20.38,40.8,11.36,7.33,23,Cloudy,Medium
-5.23,46.4,3.68,7.55,3,Clear,Medium
21.46,68.1,10.79,3.39,9,Rain,Low
2.59,66.8,10.55,5.32,18,Rain,High
17.82,52.2,5.02,6.05,18,Cloudy,Low
-2.08,50.7,6.11,1.21,3,Fog,High
20.36,63.4,10.81,8.0,6,Fog,Medium
5.32,81.0,8.09,15.1,16,Rain,Medium
-0.39,63.6,12.34,8.27,10,Rain,High
23.57,94.2,9.93,13.96,12,Clear,Low
17.9,52.5,9.17,26.6,17,Cloudy,Medium
7.63,68.5,8.49,28.52,20,Clear,Low
32.41,58.6,9.88,11.39,16,Cloudy,Low
9.71,75.6,11.41,19.92,4,Clear,Low
15.39,50.9,10.6,10.5,22,Clear,Low
18.23,99.7,7.73,7.61,13,Cloudy,Low
7.56,34.6,12.72,1.95,19,Clear,Medium
20.65,95.9,10.97,12.78,14,Clear,Low
8.6,66.6,10.16,21.76,7,Rain,High
10.06,74.9,9.28,0.53,15,Clear,Low
31.35,89.0,10.5,9.42,20,Cloudy,Low
2.51,80.4,3.5,8.98,19,Snow,High
-13.95,51.9,9.72,14.22,22,Cloudy,Medium
34.33,75.8,13.92,14.36,1,Clear,Low
45.0,98.6,9.66,16.84,22,Heavy Rain,High
10.14,49.0,9.25,29.07,7,Rain,Medium
-8.24,100.0,7.21,4.17,21,Rain,Medium
11.27,71.9,10.48,3.67,12,Cloudy,Low
11.57,57.2,8.41,14.23,16,Heavy Rain,Medium
12.72,48.9,12.93,25.07,18,Cloudy,Medium
1.64,61.0,6.41,1.16,19,Cloudy,Low
21.95,29.8,7.64,14.98,7,Rain,Medium
21.29,57.5,7.2,10.19,15,Clear,Low
-2.93,60.3,14.5,19.69,13,Rain,Medium
23.39,45.7,8.43,17.65,7,Snow,High
39.63,78.5,7.36,12.44,0,Cloudy,High
17.06,61.1,2.73,16.39,19,Clear,High
10.95,53.6,6.27,6.08,10,Rain,Medium
13.3,59.1,10.58,19.2,5,Snow,Medium
22.38,71.4,10.57,24.48,8,Clear,Low
-5.77,66.3,7.05,12.9,10,Rain,Medium
16.97,52.4,7.21,8.33,23,Clear,Medium
10.31,67.3,14.58,10.69,8,Snow,High
37.17,64.1,15.0,19.11,3,Clear,Low
12.91,44.5,12.45,11.62,4,Rain,Medium
35.01,59.8,13.68,1.2,22,Rain,Medium
1.76,75.4,14.31,20.57,19,Cloudy,Medium
22.05,75.3,15.0,3.15,0,Fog,Medium
18.83,60.9,8.09,15.82,11,Fog,Medium
4.57,77.2,6.37,4.8,6,Cloudy,Low
17.13,47.4,14.5,12.97,12,Cloudy,Low
29.55,47.9,6.11,11.39,14,Rain,Medium
11.11,60.5,5.91,5.7,12,Clear,Low
-5.3,92.0,5.98,15.0,11,Clear,Medium
14.79,67.9,8.61,2.09,16,Clear,Low
4.17,60.0,3.05,12.76,17,Clear,Low
10.89,92.8,4.7,8.29,4,Rain,High
14.02,59.8,7.13,1.33,16,Cloudy,Medium
-5.47,100.0,5.41,2.59,12,Clear,Medium
-4.39,55.8,12.19,3.31,9,Fog,High
20.78,46.8,9.02,20.84,6,Clear,Low
8.73,62.0,10.73,19.52,13,Clear,Low
-15.78,60.5,10.4,31.75,23,Cloudy,Medium
24.42,50.5,8.38,7.39,11,Snow,Low
18.27,100.0,11.96,7.1,1,Snow,High
6.43,70.7,10.36,13.21,5,Clear,Low
-0.8,73.4,8.04,8.8,22,Heavy Rain,High
25.03,56.7,3.95,6.76,19,Cloudy,Medium
19.19,54.6,10.56,12.49,1,Rain,High
43.59,83.5,5.22,18.33,19,Cloudy,Medium
20.04,34.8,10.14,7.01,2,Clear,Low
19.65,44.4,9.24,6.85,7,Snow,Medium
13.0,60.5,4.92,0.63,21,Cloudy,Low
24.8,89.3,9.78,10.62,15,Cloudy,Low
22.5,58.3,9.57,15.89,15,Rain,Low
30.02,72.5,9.58,22.05,5,Cloudy,Low
8.74,65.5,9.44,8.1,7,Snow,Medium
9.78,88.3,7.04,12.96,2,Clear,Low
9.25,36.5,10.77,3.14,14,Clear,Low
24.49,78.2,6.94,4.26,11,Cloudy,Low
32.98,61.4,5.78,13.86,3,Clear,Low
9.49,81.6,11.02,0.23,7,Clear,Low
9.9,50.3,11.81,23.13,1,Clear,Low
18.77,65.4,10.82,16.71,1,Heavy Rain,High
12.05,63.2,8.38,3.86,1,Thunderstorm,High
26.42,47.0,3.18,1.34,7,Rain,Medium
-12.02,42.0,13.45,5.53,6,Heavy Rain,High
5.08,54.6,3.13,3.91,4,Snow,High
5.61,67.3,10.76,1.05,4,Heavy Rain,High
-12.84,51.4,15.0,0.66,22,Cloudy,Low
3.44,59.1,9.45,9.93,9,Clear,Low
4.02,31.1,9.87,18.59,12,Rain,Low
12.59,58.3,10.14,5.6,21,Fog,Medium
28.36,83.4,9.59,16.0,23,Fog,Medium
12.06,77.7,15.0,9.05,9,Clear,Low
2.63,63.4,6.47,17.51,18,Fog,Medium
14.32,69.4,6.09,4.92,9,Clear,Low
27.59,50.1,8.02,14.53,6,Cloudy,Low
3.29,94.2,14.22,13.08,2,Snow,Medium
4.07,100.0,7.27,24.26,8,Cloudy,Medium
21.7,68.0,10.29,17.03,23,Rain,Medium
12.34,100.0,12.21,14.3,4,Clear,Low
22.77,52.8,11.34,1.23,3,Thunderstorm,High
14.84,42.5,12.05,7.27,6,Clear,Low
23.42,52.2,13.25,4.8,8,Rain,Low
2.58,61.0,9.92,4.6,9,Clear,Low
14.85,100.0,7.63,12.14,22,Clear,Low
12.47,59.9,9.44,14.17,22,Clear,Low
0.41,49.5,7.98,14.52,10,Clear,Low
-3.76,48.8,15.0,23.35,21,Clear,Low
23.23,85.5,7.4,16.35,8,Clear,Medium
10.79,83.0,10.45,0.95,9,Fog,High
2.73,56.3,4.5,13.82,17,Clear,Medium
13.85,31.2,9.4,17.26,20,Rain,Low
28.54,44.7,8.14,23.36,0,Rain,Low
-12.37,96.0,11.03,10.61,14,Snow,High
-2.96,77.4,11.11,10.7,7,Cloudy,Medium
3.93,66.2,13.25,21.71,9,Clear,Medium
32.53,98.6,13.01,13.61,13,Clear,Low
18.39,100.0,8.8,2.39,12,Clear,Low
24.21,64.4,6.17,4.32,23,Cloudy,Medium
1.32,64.7,6.52,28.57,10,Rain,High
1.57,54.5,9.91,3.42,23,Heavy Rain,High
20.37,59.9,9.47,10.5,16,Heavy Rain,High
15.7,38.2,9.77,19.95,15,Snow,Medium
21.58,38.2,7.39,3.88,12,Clear,Low
12.75,34.0,13.31,2.27,8,Heavy Rain,High
18.34,84.5,4.58,0.78,14,Clear,Low
16.9,36.9,7.23,28.21,13,Fog,Medium
24.33,100.0,5.77,30.16,2,Cloudy,Medium
24.68,51.9,8.37,5.39,22,Rain,Medium
-4.44,96.3,12.74,17.22,21,Rain,High
-11.97,58.4,8.14,14.77,16,Cloudy,Medium
27.02,36.8,9.3,9.47,16,Cloudy,Medium
29.25,88.1,10.99,2.64,3,Fog,High
2.75,90.2,7.99,32.77,14,Cloudy,Low
-7.32,48.7,10.15,4.34,23,Heavy Rain,High
16.19,59.0,9.75,13.91,2,Cloudy,Low
26.17,48.7,5.61,6.17,21,Clear,Low
36.57,62.8,7.61,21.07,8,Cloudy,Low
21.2,66.9,10.06,19.61,5,Clear,Low
10.54,58.7,12.85,3.19,21,Cloudy,Low
4.28,32.3,12.84,4.89,15,Clear,Low
15.14,54.5,15.0,1.95,19,Heavy Rain,High
11.41,77.7,10.46,13.75,21,Rain,Low
2.82,61.2,7.76,18.4,0,Clear,Low
39.59,59.1,8.81,8.03,5,Rain,Medium
36.42,48.2,8.66,9.8,5,Thunderstorm,Low
28.63,54.0,7.78,29.17,22,Clear,Low
3.95,90.4,10.15,20.43,12,Cloudy,Low
25.26,44.5,10.29,24.13,4,Fog,High
22.68,78.0,5.48,8.18,16,Clear,Low
20.31,65.8,12.26,16.92,8,Fog,Medium
30.0,69.4,3.49,14.26,13,Thunderstorm,High
22.62,51.8,8.33,0.73,22,Cloudy,Medium
23.88,58.7,12.45,2.6,6,Cloudy,Low
22.64,64.9,10.82,10.03,22,Thunderstorm,Medium
19.09,55.6,7.93,0.08,17,Clear,Low
-6.4,71.0,14.91,4.81,0,Clear,Medium
16.0,73.2,7.68,7.85,9,Clear,Low
8.33,100.0,2.99,17.16,20,Heavy Rain,High
-0.36,70.0,10.36,5.64,20,Rain,Medium
35.18,30.6,3.66,7.97,16,Snow,High
35.75,85.9,6.51,21.22,16,Clear,Low
31.31,61.3,10.87,3.88,20,Cloudy,Low
18.06,100.0,7.62,14.05,3,Rain,Medium
31.21,91.5,10.74,15.5,11,Clear,Low
15.14,55.9,5.53,15.75,8,Fog,Low
17.43,78.0,11.58,7.49,23,Clear,Low
1.88,54.3,3.93,2.42,18,Clear,Medium
19.76,65.0,12.96,25.68,17,Clear,Low
15.72,77.2,7.57,4.29,2,Heavy Rain,Medium
-0.63,85.0,13.59,1.95,18,Rain,High
14.39,81.1,6.48,12.18,20,Fog,Medium
14.04,66.3,14.77,5.35,10,Rain,Low
36.57,100.0,6.13,21.46,20,Fog,Low
25.73,58.4,3.62,9.61,9,Cloudy,Medium
15.14,36.1,9.13,22.62,15,Fog,High
17.99,39.5,12.7,16.04,4,Snow,High
15.53,91.5,11.37,8.51,12,Cloudy,Low
12.57,63.6,12.49,22.03,1,Clear,Medium
2.01,67.9,11.43,6.14,2,Thunderstorm,Medium
13.19,55.2,6.54,9.12,21,Cloudy,Medium
6.05,56.9,11.3,16.76,16,Heavy Rain,High
-0.0,50.8,9.28,14.04,14,Cloudy,Low
21.13,73.5,6.87,5.94,9,Cloudy,High
19.7,63.2,9.54,1.83,13,Cloudy,Low
-6.44,72.8,8.83,11.83,16,Cloudy,High
13.53,71.1,13.25,5.46,8,Cloudy,Low
26.95,57.3,7.46,12.27,7,Heavy Rain,High
27.71,38.7,7.32,8.21,17,Cloudy,Medium
27.31,37.2,6.9,5.54,12,Cloudy,Low
15.47,100.0,14.69,9.59,9,Clear,Medium
4.86,91.6,7.07,11.34,10,Cloudy,Low
2.0,89.1,12.89,18.26,19,Clear,Medium
19.14,52.9,5.91,15.81,12,Heavy Rain,Medium
19.55,65.2,10.52,30.85,1,Heavy Rain,High
30.45,50.3,9.79,13.27,19,Clear,Low
28.2,41.4,12.7,5.94,5,Cloudy,Low
13.41,54.4,12.27,10.5,1,Clear,Medium
0.07,88.9,9.25,17.11,6,Thunderstorm,High
11.17,80.1,7.39,21.03,2,Clear,Low
17.61,47.5,13.87,24.07,0,Snow,High
12.58,59.3,7.09,2.85,16,Rain,Low
8.07,78.5,2.2,23.53,15,Thunderstorm,High
18.03,54.7,3.42,11.59,7,Rain,High
8.95,66.4,4.15,3.66,16,Rain,High
7.46,72.2,10.79,10.17,0,Cloudy,Medium
18.74,72.0,15.0,22.9,9,Cloudy,Low
10.18,69.6,2.88,16.12,13,Clear,Medium
17.93,53.2,6.65,1.09,19,Thunderstorm,Medium
18.28,55.1,9.27,1.16,6,Cloudy,Low
1.33,44.6,13.64,0.91,22,Rain,Medium
9.23,36.9,6.64,5.42,8,Clear,Low
32.25,62.9,10.77,12.7,17,Cloudy,Medium
1.06,79.7,8.25,1.86,4,Clear,Medium
-10.4,40.2,15.0,8.15,16,Clear,High
-7.34,69.9,9.43,24.62,13,Cloudy,Medium
15.35,79.1,10.07,26.56,10,Clear,Medium
15.37,31.9,9.25,25.95,6,Rain,Low
13.59,60.1,7.76,4.15,13,Cloudy,Medium
29.57,94.6,11.85,27.06,9,Cloudy,High
-17.07,74.9,5.52,12.83,6,Rain,Medium
19.75,31.3,2.99,12.7,12,Rain,Medium
33.74,76.9,8.55,21.26,5,Cloudy,Low
1.47,51.5,11.45,18.33,15,Fog,Medium
10.44,77.4,7.26,4.82,0,Cloudy,Low
5.97,52.6,9.56,6.49,5,Rain,Low
4.27,64.0,5.34,8.71,11,Heavy Rain,Medium
11.08,55.3,12.19,0.03,3,Clear,Low
32.13,65.1,10.96,20.97,5,Cloudy,Low
37.05,54.8,9.06,24.95,10,Clear,Low
10.97,61.0,9.51,11.9,11,Cloudy,Low
37.86,43.8,4.82,14.69,8,Clear,High
15.43,73.8,4.95,11.9,19,Heavy Rain,High
36.04,68.2,8.63,12.89,12,Clear,Low
13.88,35.9,10.54,22.06,8,Clear,Low
16.57,82.9,10.69,3.89,12,Clear,Low
19.39,61.8,7.91,16.37,7,Heavy Rain,Medium
45.0,67.9,11.24,12.11,1,Clear,Medium
25.22,78.8,13.26,5.58,10,Rain,Medium
6.51,70.9,8.73,7.47,8,Clear,Low
26.63,86.0,9.93,28.49,11,Clear,Low
10.66,59.7,8.38,0.05,12,Heavy Rain,Medium
9.12,83.6,8.62,10.48,6,Rain,Medium
25.9,67.2,9.51,26.67,10,Rain,High
15.37,74.1,14.11,0.57,14,Fog,Low
18.34,72.3,11.75,7.89,5,Snow,Medium
15.17,87.3,11.48,12.38,0,Snow,High
19.04,78.0,7.64,15.71,4,Clear,Low
20.1,57.0,6.31,11.28,11,Clear,Low
-8.24,53.5,10.17,3.94,16,Thunderstorm,High
23.0,64.1,12.73,16.03,15,Cloudy,Low
3.22,51.3,14.17,11.09,18,Cloudy,High
-2.31,46.1,1.64,17.65,11,Cloudy,Medium
14.3,26.7,15.0,20.31,21,Rain,Medium
16.01,37.1,10.25,1.38,23,Rain,Medium
6.68,100.0,11.73,21.3,0,Clear,Low
24.97,53.2,3.78,9.71,3,Clear,Medium
-1.11,99.3,8.29,19.43,9,Clear,Medium
10.12,72.3,11.47,16.44,10,Snow,High
7.98,64.1,5.48,28.69,4,Cloudy,High
14.44,38.0,0.34,12.06,7,Snow,High
18.35,65.1,10.01,8.37,1,Cloudy,Low
2.91,99.1,8.85,7.38,21,Fog,High
23.69,93.0,13.32,2.67,18,Fog,High
15.76,69.9,8.52,19.27,4,Cloudy,Low
-7.7,44.3,8.74,2.09,9,Cloudy,High
-8.5,47.8,11.09,19.19,12,Rain,High
14.85,49.7,12.1,9.99,10,Clear,Low
12.35,88.0,6.87,3.87,10,Clear,Low
13.76,94.4,11.83,25.39,13,Rain,Low
14.66,68.5,7.43,18.38,22,Fog,Low
17.71,59.5,9.05,11.26,12,Clear,Low
26.37,92.9,11.01,14.11,13,Cloudy,Low
1.67,47.4,11.54,8.75,6,Snow,Medium
0.94,65.9,9.95,15.97,11,Clear,Low
1.88,73.3,5.76,5.97,16,Fog,High
18.47,49.5,3.39,9.76,14,Clear,Low
29.94,53.6,8.44,24.09,11,Clear,Low
9.82,52.2,11.91,13.28,17,Clear,Low
-15.02,90.5,10.35,8.84,5,Clear,Low
-5.45,99.5,9.73,10.47,0,Clear,Medium
5.0,67.1,8.98,27.98,7,Rain,Medium
8.31,60.2,9.93,15.64,5,Clear,Low
10.1,54.2,6.02,4.05,21,Fog,Medium
15.46,65.0,11.34,7.61,5,Cloudy,Low
11.26,55.1,11.54,1.29,21,Cloudy,Low
27.59,63.3,7.93,7.93,9,Rain,High
6.89,72.4,10.31,26.47,17,Clear,Low
4.65,57.7,3.85,10.5,13,Rain,Medium
20.75,61.6,9.54,0.03,0,Clear,Low
-3.43,61.7,8.6,15.88,21,Snow,High
19.68,59.3,12.78,8.47,11,Cloudy,Low
16.23,57.1,8.4,17.05,13,Clear,Medium
13.23,78.7,11.61,9.82,6,Rain,Low
34.06,33.1,7.83,25.01,4,Clear,Low
7.53,93.3,2.14,3.8,0,Thunderstorm,High
39.72,67.4,8.32,1.51,12,Cloudy,Low
12.29,76.0,9.59,20.44,7,Cloudy,Medium
-0.32,78.1,9.45,6.03,10,Clear,Low
15.84,52.3,9.5,10.45,23,Cloudy,Medium
2.09,48.5,7.48,19.21,15,Heavy Rain,High
5.98,46.4,8.03,7.75,17,Cloudy,Medium
19.76,60.6,5.62,12.58,15,Rain,Medium
21.67,77.6,3.01,1.46,4,Clear,Medium
7.53,54.5,8.68,4.6,15,Snow,Medium
26.85,75.9,6.76,2.41,21,Cloudy,Low
28.89,22.4,12.24,10.35,23,Cloudy,Low
32.24,58.1,2.45,5.65,1,Clear,Low
21.35,86.0,9.87,21.96,0,Clear,Low
31.36,61.9,15.0,12.74,23,Cloudy,Medium
-7.57,50.1,8.45,7.6,18,Snow,High
11.19,53.2,8.99,0.21,0,Cloudy,Medium
4.6,10.5,10.28,14.02,20,Clear,Low
16.43,46.8,10.51,30.53,22,Rain,Medium
8.14,84.0,7.77,5.67,5,Cloudy,Low
13.01,54.5,5.98,6.73,5,Clear,Low
37.59,56.6,10.96,2.45,18,Rain,Medium
12.96,23.0,3.28,22.66,7,Clear,Medium
19.97,35.6,11.5,20.34,2,Rain,High
12.21,86.4,7.82,7.98,16,Rain,High
15.91,76.1,9.01,6.61,13,Clear,Low
15.07,41.6,7.42,3.51,6,Rain,Medium
20.38,53.6,13.29,9.4,7,Clear,Low
28.98,64.5,9.75,21.18,11,Snow,Medium
34.77,43.5,8.03,12.37,5,Clear,Low
18.72,28.9,7.95,23.59,1,Clear,Medium
22.07,62.1,8.56,5.52,15,Clear,Low
1.19,75.3,15.0,8.81,7,Cloudy,High
13.95,75.7,5.05,35.45,9,Clear,Low
26.28,80.8,12.25,13.93,7,Cloudy,Low
25.39,37.0,10.7,19.01,3,Snow,High
17.54,66.0,13.62,4.91,13,Clear,Low
25.64,60.2,10.89,0.26,14,Clear,Low
20.89,63.4,9.01,13.39,12,Clear,Low
29.4,61.2,12.06,5.93,12,Rain,Low
18.47,53.1,9.69,9.6,17,Rain,Low
10.73,10.7,11.26,21.2,1,Snow,High
19.03,85.9,13.28,16.04,18,Rain,Medium
-20.0,70.9,9.28,14.29,19,Rain,Medium
19.59,38.3,7.73,27.69,3,Clear,Medium
-20.0,73.5,7.07,15.38,23,Snow,High
-5.68,56.9,10.35,5.14,10,Clear,Low
20.42,57.5,6.37,10.66,8,Rain,High
20.73,51.2,7.95,29.33,7,Snow,High
1.05,74.7,6.1,9.22,23,Clear,Medium
6.45,50.6,10.53,28.78,13,Clear,Low
31.45,45.3,6.74,21.21,23,Clear,Low
9.19,85.4,5.14,8.32,17,Snow,High
41.92,61.8,5.67,2.28,11,Cloudy,Low
14.98,62.3,7.29,15.06,0,Cloudy,Medium
19.9,77.5,7.56,23.43,22,Cloudy,Low
34.4,53.0,9.75,2.21,5,Rain,Low
16.57,56.6,8.52,13.08,18,Rain,Medium
2.97,70.5,10.11,6.37,3,Rain,Medium
13.68,37.3,10.35,8.94,20,Fog,Medium
14.57,69.0,11.22,2.89,0,Clear,Medium
-1.38,51.4,3.28,17.06,2,Clear,High
11.93,80.4,5.62,5.8,7,Rain,Medium
6.09,74.8,10.66,22.42,18,Clear,Low
26.09,72.5,9.63,7.14,23,Rain,Medium
15.42,36.1,11.93,6.32,5,Thunderstorm,High
11.61,63.1,4.37,2.54,13,Cloudy,Low
13.73,43.8,7.57,15.52,17,Clear,Medium
17.68,64.3,8.11,16.43,21,Thunderstorm,Medium
22.4,23.3,9.5,20.46,5,Cloudy,Low
3.0,37.3,9.11,17.9,2,Clear,Medium
2.5,86.4,10.41,15.61,18,Cloudy,Medium
28.26,71.6,8.66,17.36,0,Clear,Low
10.05,58.6,13.12,18.27,21,Clear,Low
-2.0,48.6,14.07,20.17,9,Clear,Medium
20.33,45.5,5.65,1.75,12,Cloudy,Low
20.56,68.6,9.14,7.84,11,Cloudy,Low
-3.37,58.8,11.39,2.61,10,Rain,High
17.75,92.8,10.76,14.99,0,Cloudy,Low
23.83,61.7,7.78,26.67,3,Snow,Medium
19.49,66.1,9.76,20.07,8,Snow,High
22.58,40.0,4.25,6.54,5,Clear,Low
-1.85,58.5,8.94,16.55,19,Clear,Medium
18.97,68.2,4.62,15.14,23,Rain,Medium
11.37,58.3,10.52,14.1,4,Clear,Low
9.21,56.3,5.65,0.27,17,Cloudy,Low
25.45,70.9,9.49,23.84,12,Clear,Low
32.75,92.3,9.96,1.4,18,Cloudy,Low
36.53,67.6,9.23,8.7,18,Cloudy,Low
30.78,85.6,7.1,20.63,19,Snow,High
13.68,76.2,8.37,8.64,23,Rain,Low
19.23,84.5,12.54,12.71,14,Cloudy,Low
24.2,54.0,7.73,13.08,22,Cloudy,Low
16.45,61.3,9.06,12.59,10,Cloudy,Low
16.57,61.4,7.33,13.04,1,Clear,Low
24.89,74.8,12.06,13.93,8,Heavy Rain,High
14.29,79.3,9.23,12.67,16,Cloudy,Low
6.25,67.3,6.71,3.94,0,Rain,Medium
10.03,80.8,9.02,1.95,19,Clear,Low
22.61,54.9,8.28,20.98,19,Clear,Medium
15.04,80.9,13.18,21.39,5,Rain,Medium
19.08,83.3,8.87,15.04,20,Heavy Rain,Medium
23.04,77.2,4.85,14.96,18,Cloudy,High
10.5,67.4,10.5,3.76,8,Fog,High
24.07,77.8,14.36,9.95,22,Snow,Low
19.55,48.9,12.59,9.76,12,Cloudy,Low
0.18,68.6,5.69,5.08,10,Rain,High
32.31,70.4,8.19,13.66,13,Rain,Low
8.99,41.1,8.91,23.74,23,Clear,Low
-4.86,73.5,8.94,6.45,15,Clear,Low
2.46,42.5,10.14,6.97,12,Heavy Rain,High
2.75,57.3,7.97,2.95,15,Cloudy,Medium
15.63,65.7,6.25,12.4,17,Snow,High
11.71,51.8,11.86,11.7,4,Cloudy,Low
10.96,66.5,5.63,2.83,12,Clear,Low
22.44,66.2,6.59,20.21,16,Clear,Medium
19.08,50.2,5.61,36.32,4,Clear,Low
18.79,75.2,10.84,22.71,18,Rain,Medium
19.92,51.2,9.32,11.0,0,Clear,Low
22.39,100.0,11.65,10.9,0,Snow,High
-10.3,63.0,6.64,7.38,9,Rain,High
10.63,43.9,5.24,7.19,14,Cloudy,Low
-11.16,47.3,7.67,20.62,2,Cloudy,High
15.43,85.7,8.45,21.02,10,Fog,Low
14.94,57.6,9.63,1.47,4,Clear,Medium
27.55,40.5,3.95,15.3,21,Cloudy,Low
29.25,80.4,10.44,22.0,17,Cloudy,High
17.43,57.5,6.32,8.85,22,Thunderstorm,Low
9.0,76.8,7.06,10.1,8,Thunderstorm,High
20.82,81.8,12.52,18.26,14,Snow,Low
8.66,69.9,2.45,18.52,8,Cloudy,High
14.98,100.0,9.97,15.86,9,Fog,Medium
26.83,34.0,9.96,14.29,13,Cloudy,Low
8.31,50.3,6.54,15.5,22,Rain,Low
24.67,60.4,7.66,9.5,20,Fog,High
23.13,100.0,12.66,1.94,6,Clear,Low
3.54,97.4,14.89,2.01,7,Snow,High
26.69,88.2,12.19,17.36,11,Cloudy,Low
23.38,50.7,14.66,12.97,18,Snow,High
16.22,52.8,6.93,16.1,8,Cloudy,Low
5.85,50.1,4.26,4.54,1,Clear,Medium
4.69,50.9,8.84,12.92,3,Heavy Rain,High
8.55,91.9,11.41,12.71,9,Clear,Low
21.51,60.6,3.44,23.51,21,Clear,Low
3.53,63.0,6.22,19.67,16,Clear,Medium
20.25,78.9,6.55,5.34,6,Snow,Medium
0.1,35.1,10.07,16.54,14,Snow,Medium
12.55,65.9,9.68,5.28,19,Cloudy,Low
16.32,45.3,6.67,11.52,6,Clear,Low
44.34,59.7,9.54,27.53,18,Cloudy,Medium
-1.53,54.4,5.57,8.63,15,Clear,Low
32.66,53.5,7.72,21.36,16,Clear,Medium
16.8,69.1,5.21,6.05,3,Snow,High
19.93,69.0,8.55,4.73,2,Clear,Medium
16.42,61.0,6.6,7.08,10,Clear,Medium
20.34,71.7,11.07,14.27,9,Clear,Medium
13.16,49.4,8.92,13.59,7,Fog,High
32.45,77.3,8.32,16.48,22,Cloudy,Low
9.52,61.3,14.3,7.53,5,Rain,Low
28.59,56.3,10.15,12.36,8,Clear,Low
7.27,50.7,7.9,4.41,1,Cloudy,Low
14.28,60.7,7.25,25.22,0,Heavy Rain,High
2.14,98.7,5.46,0.17,7,Clear,Medium
20.46,63.9,8.8,4.6,17,Clear,Low
32.34,44.4,9.92,8.19,14,Cloudy,Low
14.07,81.5,3.26,33.5,16,Fog,High
12.64,56.5,4.91,18.9,18,Rain,Medium
1.62,70.1,7.45,4.32,13,Snow,High
12.25,54.1,5.71,19.4,10,Cloudy,Low
-4.11,88.1,9.13,16.64,8,Rain,High
4.05,54.4,9.55,14.46,0,Cloudy,Medium
17.72,90.2,8.63,18.26,7,Clear,Low
30.83,46.1,10.65,12.52,11,Cloudy,Low
45.0,59.7,7.25,13.54,5,Clear,Low
7.96,90.2,8.86,1.98,3,Clear,Low
32.22,68.0,5.99,24.99,14,Thunderstorm,High
17.93,100.0,9.85,7.97,11,Thunderstorm,Medium
13.19,60.2,9.23,0.86,23,Snow,High
20.19,69.6,5.4,7.46,19,Clear,Low
15.74,99.3,8.53,7.82,18,Clear,Low
16.32,37.7,8.89,4.79,11,Clear,Low
10.1,35.5,9.84,19.0,15,Snow,Medium
-1.78,50.7,9.95,20.77,21,Clear,Medium
-3.52,79.6,6.84,5.63,13,Clear,Low
22.84,36.0,11.29,7.37,6,Rain,Low
11.68,75.7,10.57,8.01,16,Cloudy,Low
7.85,74.5,6.83,10.45,2,Rain,Low
15.1,100.0,5.57,27.36,12,Cloudy,Low
24.54,83.8,7.06,4.68,20,Cloudy,Low
17.16,71.6,4.59,26.06,20,Snow,High
7.13,89.5,9.62,10.68,18,Clear,Low
29.72,74.7,12.55,26.15,13,Clear,Low
33.95,56.7,13.26,9.2,8,Cloudy,Low
20.93,44.4,5.73,8.15,5,Cloudy,Low
26.68,54.8,11.36,11.8,11,Cloudy,Low
29.9,64.3,9.25,23.63,13,Cloudy,Low
28.56,68.2,1.81,13.42,7,Cloudy,High
22.37,26.6,8.0,13.88,5,Cloudy,Low
22.18,61.0,7.67,17.73,18,Fog,Medium
21.24,65.5,12.63,4.08,12,Clear,Low
1.83,74.9,6.39,15.03,11,Fog,Medium
23.41,94.3,10.69,6.35,19,Rain,High
-1.27,68.3,8.68,25.24,23,Clear,Medium
5.46,48.6,4.66,15.77,17,Clear,Low
30.64,32.3,7.34,18.23,18,Cloudy,Medium
25.08,77.4,13.59,6.35,6,Rain,Medium
32.85,49.4,8.48,18.36,20,Cloudy,Low
11.74,80.6,11.72,10.4,17,Cloudy,Medium
1.17,90.2,11.55,0.93,13,Clear,Low
12.11,37.2,7.66,12.85,2,Rain,High
16.22,75.0,5.15,1.66,12,Fog,Medium
15.95,88.3,5.54,17.5,15,Cloudy,Low
28.6,83.3,13.36,24.91,4,Rain,Medium
10.66,27.3,9.46,4.12,7,Clear,Medium
19.22,49.6,3.8,11.73,18,Cloudy,Medium
3.14,42.0,11.5,10.52,14,Heavy Rain,Medium
20.4,74.4,3.64,5.91,5,Snow,Medium
15.04,72.4,6.52,20.25,20,Cloudy,Low
6.0,16.4,9.24,17.63,20,Cloudy,Low
12.17,59.6,15.0,30.23,3,Clear,Medium
12.79,79.4,11.45,16.47,1,Clear,Low
11.76,67.7,7.55,4.09,16,Rain,Medium
36.26,67.6,9.08,16.63,1,Heavy Rain,High
13.82,58.4,11.76,23.56,16,Clear,Low
12.07,45.9,13.27,7.82,12,Thunderstorm,Medium
-10.17,64.7,8.26,19.67,18,Thunderstorm,High
4.27,65.9,8.34,9.19,0,Clear,Medium
11.84,76.1,6.51,25.28,23,Clear,Medium
6.77,77.5,11.0,19.2,2,Cloudy,Medium
31.58,66.5,12.08,10.9,11,Thunderstorm,Low
13.02,84.7,3.18,15.44,19,Cloudy,Medium
30.46,58.3,7.81,5.88,3,Clear,Low
15.74,39.0,5.36,6.5,17,Fog,Medium
15.45,73.6,9.45,18.11,16,Clear,Low
13.93,67.3,5.29,10.78,21,Fog,Medium
15.05,73.9,5.04,23.31,13,Heavy Rain,Medium
35.63,42.2,12.37,12.57,7,Cloudy,Low
-12.84,97.2,8.5,11.66,19,Heavy Rain,High
-9.02,77.8,8.82,21.89,3,Heavy Rain,High
8.48,59.8,10.3,8.96,19,Cloudy,Low
15.17,48.2,11.91,11.77,3,Heavy Rain,High
23.28,84.4,7.74,12.96,17,Cloudy,Medium
20.68,45.2,7.81,11.39,0,Snow,High
10.39,100.0,7.82,22.44,9,Heavy Rain,High
27.23,54.0,12.24,6.0,21,Fog,Low
27.36,96.0,8.8,4.53,11,Heavy Rain,High
17.21,61.7,8.13,2.44,0,Fog,High
26.55,93.5,10.17,7.28,21,Clear,Low
18.27,51.8,14.49,25.35,14,Clear,Low
8.26,65.3,9.22,3.89,10,Cloudy,Low
23.37,79.5,8.19,9.85,21,Clear,Low
16.33,76.9,14.83,26.02,14,Fog,High
15.02,84.8,12.99,10.72,14,Clear,Low
32.68,56.2,12.55,16.63,16,Cloudy,Low
-14.41,66.5,7.5,0.79,4,Cloudy,Medium
-2.01,87.5,7.2,24.59,2,Snow,High
0.76,52.3,3.5,10.91,14,Clear,Low
10.64,75.3,11.89,2.84,18,Thunderstorm,High
11.94,61.1,9.23,2.83,23,Clear,Low
-3.09,68.7,3.6,27.21,0,Clear,High
3.18,66.5,12.61,6.72,1,Clear,Low
4.67,50.8,7.99,3.03,23,Fog,Medium
44.49,60.3,8.36,8.1,4,Clear,Low
36.62,67.6,4.46,12.41,13,Clear,Low
10.06,63.2,10.48,13.37,11,Clear,Low
10.64,93.3,10.51,16.0,4,Cloudy,Low
1.21,83.2,8.86,14.11,18,Cloudy,Medium
-7.9,70.2,7.75,17.82,18,Clear,Medium
13.6,51.3,15.0,9.55,6,Cloudy,Low
3.03,50.2,5.39,30.65,20,Rain,Medium
13.98,100.0,6.84,7.6,14,Cloudy,Low
-4.2,46.8,11.12,24.17,4,Cloudy,High
5.86,67.0,5.96,6.61,6,Fog,Medium
16.78,71.5,5.74,0.85,0,Heavy Rain,High
19.39,59.4,12.39,3.0,13,Heavy Rain,Medium
20.01,47.0,10.82,14.74,12,Clear,Low
-0.85,50.9,10.45,22.46,4,Cloudy,Medium
25.26,55.2,9.55,1.64,15,Cloudy,Low
5.4,52.2,6.92,4.1,7,Cloudy,Medium
22.59,88.9,8.24,15.48,4,Clear,Low
14.87,64.8,8.76,11.98,4,Cloudy,Low
-1.52,55.6,11.54,6.73,13,Cloudy,Medium
11.21,66.9,10.28,0.49,22,Cloudy,Low
19.38,77.0,6.22,14.78,12,Clear,Low
22.36,58.8,11.37,17.88,14,Clear,Low
13.31,81.2,3.96,16.43,20,Cloudy,Low
33.38,42.1,8.04,12.24,15,Cloudy,Low
27.09,86.1,5.57,2.5,19,Cloudy,Low
11.92,64.8,6.43,14.83,12,Rain,Medium
24.0,64.1,14.78,14.16,3,Rain,Medium
38.21,52.5,4.59,0.18,15,Clear,Low
38.53,42.9,6.54,9.28,16,Clear,Medium
0.26,35.0,10.53,15.3,10,Rain,Medium
3.88,51.3,7.59,11.3,12,Cloudy,Low
32.82,75.6,9.47,5.64,2,Cloudy,Low
2.3,47.7,13.29,6.24,11,Clear,Low
-0.87,37.1,10.96,5.64,22,Fog,High
9.17,48.6,7.59,17.03,3,Cloudy,High
20.04,58.1,8.6,35.39,15,Clear,Low
13.77,58.8,10.59,13.21,17,Rain,Medium
7.19,62.7,10.9,1.22,17,Clear,Medium
6.91,83.6,9.06,10.56,20,Clear,Low
6.45,87.5,10.08,12.1,4,Snow,High
4.45,100.0,10.08,18.81,4,Fog,High
42.38,35.8,8.72,23.18,8,Cloudy,Medium
18.57,49.6,7.18,24.52,0,Rain,Medium
25.64,77.6,11.23,16.84,0,Cloudy,Medium
9.13,56.8,9.88,11.99,14,Rain,Low
12.77,80.5,2.76,25.35,7,Rain,High
6.44,68.7,6.52,8.87,23,Rain,Medium
-16.82,93.4,7.56,12.49,20,Clear,Medium
-1.54,83.8,8.4,9.81,16,Clear,Medium
-6.73,84.1,12.61,7.18,19,Rain,High
-12.0,57.6,15.0,23.45,6,Cloudy,Medium
0.66,63.2,1.62,18.08,16,Fog,High
30.9,59.5,9.91,9.33,20,Clear,Low
14.47,37.9,9.21,21.02,3,Thunderstorm,High
30.49,91.5,8.46,9.27,12,Clear,Low
19.93,78.4,10.63,20.9,23,Clear,Low
24.39,58.8,9.45,12.68,12,Fog,Medium
4.19,88.5,7.92,0.22,19,Cloudy,Medium
21.29,53.7,9.09,12.24,1,Clear,Low
23.74,31.9,10.67,3.91,8,Cloudy,Medium
8.08,83.1,10.38,0.99,1,Cloudy,Low
21.71,42.0,9.57,19.8,17,Thunderstorm,High
21.79,61.5,7.25,15.52,13,Heavy Rain,Medium
8.41,68.7,15.0,25.48,4,Rain,Medium
1.53,71.9,10.08,8.45,19,Cloudy,Medium
0.79,80.3,11.29,3.33,12,Clear,Low
16.04,75.5,7.48,17.75,18,Heavy Rain,High
18.92,74.9,9.57,4.5,17,Clear,Low
5.49,50.8,9.54,9.21,22,Clear,Medium
15.32,70.3,3.26,16.73,5,Rain,Medium
21.85,37.9,6.85,10.87,12,Heavy Rain,Low
22.42,93.1,6.79,7.6,3,Cloudy,Medium
33.62,39.8,7.2,0.62,14,Rain,Medium
30.32,58.8,5.79,20.43,8,Thunderstorm,High
2.98,41.3,9.13,8.68,15,Clear,Low
35.2,51.9,13.19,17.56,1,Clear,Low
8.63,65.2,9.39,16.37,9,Clear,Medium
27.54,55.5,5.46,21.82,11,Cloudy,Low
15.82,85.6,5.91,9.88,0,Heavy Rain,High
10.05,69.1,7.87,8.87,3,Cloudy,Medium
-6.69,56.7,4.75,2.03,20,Rain,High
12.94,62.6,9.91,7.12,11,Cloudy,Low
-3.71,87.0,13.06,15.07,1,Cloudy,Medium
26.61,81.4,7.27,4.65,3,Clear,Low
33.2,44.5,9.23,14.84,23,Clear,Medium
5.44,52.7,7.71,25.21,4,Clear,Medium
18.62,73.5,7.11,7.99,20,Clear,Low
6.3,71.4,9.57,0.17,5,Clear,Low
7.46,46.1,7.01,8.28,2,Clear,Medium
24.29,78.5,6.57,0.8,20,Rain,Low
14.54,49.0,4.14,24.01,2,Cloudy,Low
35.88,88.5,9.19,12.76,19,Clear,Low
9.21,74.5,12.2,5.44,17,Clear,Low
26.99,44.6,11.12,6.96,23,Clear,Low
16.17,55.5,13.48,1.36,13,Rain,Medium
24.55,55.2,6.98,21.1,22,Cloudy,Low
9.63,67.9,11.55,28.53,15,Rain,Low
14.41,61.3,5.69,1.45,0,Cloudy,Low
13.61,44.4,11.13,21.39,6,Clear,Low
4.97,39.9,13.93,9.79,0,Snow,High
22.94,74.9,10.5,23.41,21,Clear,Low
22.8,70.2,13.99,4.5,9,Cloudy,Low
22.12,66.9,7.2,14.03,13,Rain,Low
33.44,69.9,8.6,8.33,19,Rain,Medium
32.39,53.9,6.25,17.93,13,Cloudy,Low
10.5,68.3,9.1,12.55,22,Heavy Rain,Medium
19.48,100.0,9.81,12.2,23,Cloudy,Medium
7.52,86.1,9.08,11.05,4,Snow,High
15.28,59.8,7.58,26.06,18,Clear,Low
7.8,55.6,7.53,10.43,4,Cloudy,Low
34.44,13.5,10.04,19.78,16,Clear,Low
19.36,84.2,8.52,17.66,12,Cloudy,Medium
12.38,79.2,5.54,20.0,20,Cloudy,Low
29.32,55.2,3.31,2.87,4,Rain,Medium
-11.05,39.2,7.21,18.36,23,Heavy Rain,High
-9.17,44.2,4.85,15.03,12,Cloudy,Medium
24.55,73.0,6.49,1.29,19,Rain,Medium
15.73,63.4,7.73,10.09,19,Rain,Medium
18.01,77.4,8.56,32.65,19,Snow,High
-0.92,66.6,7.0,8.47,5,Clear,Medium
14.72,82.4,15.0,8.69,4,Cloudy,Low
39.04,71.7,5.22,16.06,2,Fog,High
24.89,79.9,12.63,7.13,20,Clear,Low
17.04,27.4,8.51,13.26,14,Rain,Low
9.73,42.8,7.03,7.96,21,Clear,Low
10.27,58.4,10.76,15.62,8,Heavy Rain,Medium
-10.55,84.4,7.64,11.44,14,Heavy Rain,Medium
18.09,98.8,6.58,29.57,1,Fog,High
25.15,62.0,14.37,12.41,15,Rain,Medium
-3.91,54.0,2.42,10.0,21,Cloudy,High
7.06,29.8,8.27,21.26,14,Cloudy,Low
1.11,80.5,9.57,0.52,20,Heavy Rain,High
3.42,55.1,13.22,27.23,13,Rain,Medium
15.64,100.0,7.8,3.1,10,Clear,Low
-10.01,51.7,15.0,22.73,4,Clear,Medium
22.37,100.0,11.28,25.11,5,Rain,Medium
24.05,78.5,1.9,7.27,15,Clear,Medium
11.99,46.5,4.64,8.13,9,Rain,Medium
-14.77,69.2,9.71,11.02,9,Snow,High
3.04,78.9,5.57,17.59,13,Cloudy,Low
29.79,60.9,10.64,3.02,12,Clear,Low
-18.34,80.1,7.64,11.02,19,Snow,High
10.83,79.7,5.41,9.18,21,Cloudy,Low
0.84,75.7,6.11,1.64,3,Snow,High
24.65,64.7,11.56,2.59,2,Clear,Low
6.9,43.9,2.93,13.15,19,Clear,Medium
19.85,63.6,12.14,12.99,22,Clear,Low
21.79,68.2,12.22,5.12,12,Cloudy,Low
37.03,31.2,8.01,12.71,13,Fog,Low
12.56,68.0,4.79,6.18,17,Rain,High
19.51,63.3,10.67,23.76,22,Clear,Low
-2.82,41.7,7.54,11.07,8,Clear,Medium
29.28,59.0,4.45,21.88,4,Rain,High
5.87,59.4,14.73,3.23,19,Clear,Low
8.27,99.7,6.35,14.9,1,Clear,Low
14.73,69.0,4.58,17.36,2,Rain,High
-3.75,83.6,9.86,10.76,14,Clear,Low
17.75,62.9,8.8,7.15,7,Cloudy,Medium
26.61,31.3,13.46,10.62,12,Cloudy,Low
18.52,77.1,7.86,18.68,11,Cloudy,Low
-4.07,53.2,7.89,1.11,17,Clear,High
13.51,59.0,10.01,18.3,4,Cloudy,Medium
23.9,46.0,9.6,14.87,14,Clear,Low
-7.54,66.3,9.69,9.65,17,Thunderstorm,High
2.1,84.2,9.82,10.04,12,Clear,Low
25.52,81.8,9.49,12.56,7,Rain,Medium
18.24,93.6,7.75,26.93,21,Clear,Low
19.94,96.1,11.5,15.13,3,Clear,Low
37.31,28.2,7.92,3.52,7,Cloudy,Low
20.62,43.5,11.41,8.08,13,Rain,Low
22.89,32.5,13.16,1.7,6,Clear,Low
45.0,76.4,6.97,5.01,15,Clear,Low
12.43,52.5,15.0,1.54,19,Heavy Rain,High
5.43,56.2,6.86,13.08,12,Cloudy,Low
20.13,61.1,6.88,23.47,8,Snow,Medium
20.27,71.9,10.62,20.96,14,Clear,Low
8.68,38.3,10.32,1.6,13,Snow,Low
2.61,42.3,9.22,4.82,19,Rain,High
42.72,65.0,11.45,3.55,14,Clear,Low
18.92,86.6,9.76,11.23,0,Clear,Low
6.21,64.5,15.0,10.49,7,Fog,High
25.99,50.8,8.84,19.23,8,Clear,Low
13.69,26.3,6.44,9.73,8,Clear,Medium
11.97,82.1,7.34,0.59,20,Clear,Low
21.75,51.8,10.41,4.39,0,Cloudy,Medium
-0.5,44.3,10.46,9.04,17,Cloudy,High
19.23,34.1,9.62,18.93,6,Cloudy,Low
37.96,39.1,6.45,10.35,13,Snow,Medium
20.59,47.7,12.33,17.71,7,Clear,Low
10.49,60.7,14.81,11.27,1,Heavy Rain,High
8.91,43.2,9.09,14.13,0,Fog,High
10.08,68.3,14.43,3.54,9,Clear,Low
11.95,60.6,11.6,5.83,19,Heavy Rain,High
10.47,100.0,15.0,0.7,8,Clear,Low
26.0,34.3,10.42,17.41,21,Cloudy,Low
-5.8,67.9,9.41,9.38,21,Clear,Medium
25.34,68.1,11.53,20.38,4,Clear,Low
10.44,46.4,7.7,16.33,20,Clear,Low
19.52,66.7,10.22,20.77,14,Clear,Low
1.48,78.9,12.99,4.69,13,Clear,Low
30.94,66.7,11.46,16.32,10,Fog,Medium
29.95,89.9,8.91,10.11,22,Fog,Medium
26.52,25.8,9.6,7.06,3,Rain,Medium
-3.18,49.8,11.27,29.58,0,Cloudy,High
24.95,91.6,11.17,10.17,0,Fog,High
19.86,81.4,11.25,13.81,21,Thunderstorm,High
-4.26,74.7,10.02,6.38,15,Heavy Rain,High
14.71,87.2,6.53,9.34,12,Rain,High
19.37,30.5,7.0,13.45,1,Cloudy,Medium
21.67,79.3,10.38,2.62,3,Fog,Medium
17.13,84.2,11.49,27.25,21,Cloudy,Low
18.49,53.1,11.11,19.54,20,Rain,Medium
32.68,100.0,6.97,16.65,18,Clear,Low
29.71,68.5,8.55,10.72,21,Clear,Low
-19.4,25.5,5.48,5.15,17,Thunderstorm,High
11.19,71.9,4.83,21.27,18,Rain,High
13.02,52.0,9.24,17.5,20,Rain,Low
-6.03,86.0,13.07,8.41,10,Clear,Low
16.13,74.9,9.3,2.24,2,Cloudy,High
29.99,54.2,14.72,2.18,2,Clear,Low
1.96,92.0,8.51,12.26,15,Snow,High
19.04,81.9,9.09,9.76,4,Cloudy,Low
4.01,50.1,6.03,22.67,4,Cloudy,Low
6.94,62.3,7.96,20.93,21,Clear,Low
32.73,74.3,5.43,12.35,12,Cloudy,Low
8.49,58.4,4.36,11.27,11,Cloudy,Medium
20.55,59.0,5.48,1.63,8,Heavy Rain,High
-7.45,65.7,9.26,21.55,6,Snow,Medium
37.35,45.8,6.79,11.49,2,Cloudy,Medium
22.23,24.8,7.5,17.45,22,Cloudy,Low
12.81,69.3,10.23,22.59,17,Thunderstorm,Medium
21.91,29.2,4.35,6.91,20,Cloudy,Low
-1.92,47.1,9.24,4.55,7,Rain,High
29.19,33.1,11.54,34.22,2,Clear,Low
11.11,35.3,11.8,17.35,2,Cloudy,Medium
12.55,72.7,10.55,9.49,23,Clear,Low
9.1,61.0,8.84,23.16,21,Clear,Low
8.03,60.3,7.13,9.23,22,Clear,Low
23.34,41.3,8.75,14.93,3,Cloudy,Low
18.07,53.2,13.96,6.89,10,Clear,Low
22.82,71.8,9.82,11.85,4,Snow,Medium
14.89,64.1,8.68,9.53,14,Cloudy,Medium
21.16,79.8,10.69,5.23,0,Clear,Low
9.97,82.4,9.15,14.19,9,Cloudy,Low
41.76,60.5,9.68,6.25,12,Clear,Low
-3.82,31.7,8.26,17.18,6,Clear,Medium
30.13,51.4,7.76,9.26,19,Clear,Low
31.41,63.2,11.99,3.48,1,Heavy Rain,High
4.77,51.0,3.15,17.59,20,Cloudy,Low
41.75,46.0,10.44,17.74,0,Clear,Medium
26.95,66.3,7.57,32.28,17,Cloudy,Low
26.65,100.0,3.28,12.16,15,Clear,Medium
15.34,56.2,6.08,13.65,11,Rain,Low
12.39,64.9,8.89,16.31,1,Fog,Medium
12.49,41.4,9.3,21.18,21,Clear,Low
19.69,87.4,11.22,20.61,21,Clear,Low
31.81,80.7,11.42,14.87,18,Rain,Medium
17.18,79.5,4.36,11.7,22,Rain,Medium
4.06,89.5,10.13,19.58,21,Snow,Medium
24.89,57.3,11.19,11.33,19,Rain,High
26.05,59.6,9.66,0.4,5,Clear,Low
22.86,95.8,10.51,1.51,19,Snow,High
23.95,76.4,3.2,9.36,14,Clear,Low
11.75,25.1,6.03,13.08,1,Clear,Low
3.85,73.2,13.1,34.25,0,Fog,High
4.58,54.5,8.16,10.92,6,Rain,Low
-4.63,81.2,15.0,12.42,12,Cloudy,Medium
17.84,72.3,5.16,8.36,23,Clear,Medium
14.0,33.7,13.69,17.57,21,Clear,Low
9.72,69.8,7.17,14.52,23,Cloudy,Medium
-20.0,68.8,11.59,6.25,17,Snow,High
0.03,71.5,8.11,2.9,3,Rain,High
28.45,75.4,9.35,8.38,18,Heavy Rain,Low
7.02,91.9,10.79,4.41,9,Rain,Medium
19.33,72.5,7.16,9.92,7,Clear,Low
-1.69,65.4,11.4,13.27,12,Cloudy,Low
32.26,85.7,8.2,7.49,9,Clear,Low
13.27,100.0,9.53,25.09,15,Clear,Low
18.48,81.5,1.06,22.43,23,Clear,Medium
42.91,68.7,7.99,9.93,7,Fog,High
33.2,72.8,12.79,3.32,6,Clear,Low
11.32,69.6,11.08,11.73,23,Cloudy,Low
7.88,65.3,11.66,10.8,2,Snow,High
11.09,100.0,9.16,11.43,20,Rain,Low
21.12,51.5,14.03,8.42,9,Clear,Low
13.74,85.8,9.87,2.56,23,Cloudy,Medium
10.26,62.7,7.02,12.31,18,Heavy Rain,Medium
32.61,38.4,11.57,8.84,3,Cloudy,Low
13.63,61.6,11.77,9.64,12,Clear,Low
42.6,55.2,10.89,12.85,6,Rain,Low
16.09,75.4,7.79,11.38,1,Cloudy,Low
36.42,66.6,9.84,12.65,14,Cloudy,Low
19.29,46.6,13.18,8.43,15,Clear,Low
26.56,91.5,10.43,15.24,19,Fog,High
6.3,84.6,4.57,5.54,17,Fog,High
4.75,93.5,7.11,2.21,14,Clear,Low
20.52,69.3,6.97,3.99,14,Clear,Low
26.86,64.4,6.74,5.91,14,Clear,Low
15.48,77.7,2.67,0.41,4,Rain,Medium
-0.44,54.6,14.67,3.23,15,Clear,Medium
-1.32,67.3,6.37,16.53,4,Rain,High
-2.13,61.8,6.59,23.47,13,Fog,Medium
-6.21,38.7,3.17,17.02,9,Clear,Medium
16.31,67.3,11.6,7.65,20,Clear,Low
28.5,57.1,8.73,3.45,8,Clear,Low
14.84,60.6,7.95,13.73,0,Clear,Low
-12.12,71.5,8.11,2.47,2,Fog,High
12.71,87.9,10.76,11.22,4,Clear,Medium
13.05,49.7,7.56,4.8,20,Rain,Low
40.15,58.9,3.03,8.53,18,Cloudy,Medium
-2.49,51.2,5.13,25.32,22,Clear,Low
10.31,50.1,4.97,0.7,17,Clear,Low
35.47,54.3,9.83,8.8,3,Snow,High
20.4,61.5,11.79,10.84,1,Snow,High
21.76,75.5,13.4,7.77,13,Clear,Low
16.38,70.8,4.1,16.18,12,Cloudy,Medium
18.96,46.0,10.86,5.33,10,Cloudy,Low
24.33,88.3,7.15,15.44,14,Clear,Low
5.29,82.0,15.0,14.87,9,Clear,Medium
25.54,48.8,13.15,0.4,5,Clear,Low
-1.48,87.0,14.11,14.12,13,Heavy Rain,High
18.94,70.9,11.41,2.51,9,Cloudy,Low
17.14,62.2,10.15,1.51,10,Heavy Rain,Medium
7.6,71.4,7.79,14.62,19,Thunderstorm,High
14.73,64.5,7.2,8.32,10,Cloudy,Low
7.53,74.8,6.6,15.36,22,Cloudy,Low
2.14,68.4,10.85,15.44,3,Thunderstorm,High
10.76,58.9,13.68,0.85,15,Clear,Low
1.75,28.5,7.93,18.67,17,Clear,Medium
18.87,74.5,6.83,14.57,2,Cloudy,Low
1.2,58.3,4.55,6.72,13,Cloudy,Medium
23.54,79.0,9.73,10.78,17,Fog,Medium
0.82,73.7,12.69,18.92,1,Cloudy,Medium
8.2,58.7,12.84,9.12,19,Cloudy,Low
7.5,83.4,13.14,31.04,9,Cloudy,Low
30.9,68.7,10.25,25.42,15,Cloudy,Low
18.96,67.9,9.27,13.05,5,Fog,Medium
12.46,62.5,12.85,9.95,3,Rain,Medium
20.98,95.3,5.67,10.34,9,Heavy Rain,High
-10.29,52.2,7.68,6.59,3,Clear,Medium
14.48,59.2,14.13,13.13,2,Snow,Medium
38.97,42.7,5.78,18.19,13,Thunderstorm,High
16.59,78.1,8.9,0.15,14,Thunderstorm,Medium
15.81,54.5,10.89,17.79,22,Thunderstorm,Medium
21.58,56.5,9.25,20.4,13,Rain,Low
25.75,55.7,12.45,17.15,13,Rain,Low
-8.97,66.1,13.58,10.83,14,Clear,Medium
-5.19,42.5,10.44,16.78,23,Clear,Medium
17.52,24.6,13.17,23.69,8,Heavy Rain,High
6.42,73.2,6.21,11.48,16,Cloudy,Medium
30.74,27.0,8.53,12.21,17,Rain,Low
11.22,80.4,15.0,31.19,4,Rain,Medium
-8.21,93.1,14.83,14.77,20,Rain,Medium
-0.22,62.0,5.17,2.93,10,Cloudy,Low
-18.0,88.4,8.96,19.86,9,Fog,High
12.19,64.6,9.41,15.62,5,Clear,Low
12.74,93.8,10.25,6.1,10,Heavy Rain,Medium
9.91,56.8,12.82,2.06,13,Clear,Low
27.95,22.4,14.52,14.15,21,Snow,Medium
29.38,63.6,9.11,11.46,7,Heavy Rain,High
12.96,95.7,12.37,0.8,14,Thunderstorm,High
-10.62,74.6,10.94,11.2,20,Clear,Low
22.41,55.7,8.94,10.64,12,Heavy Rain,Low
21.66,70.9,3.91,11.44,4,Clear,Medium
18.71,82.5,12.06,16.42,17,Clear,Medium
26.78,63.5,10.82,3.86,13,Clear,Medium
1.02,100.0,10.17,1.99,7,Rain,High
39.11,55.7,6.06,7.62,20,Fog,Medium
3.49,83.0,14.88,23.94,0,Rain,Medium
23.99,78.7,9.46,33.31,23,Clear,Low
-5.25,52.4,5.58,12.04,16,Cloudy,Medium
3.84,57.4,5.09,12.41,16,Clear,Low
33.2,83.3,11.03,9.99,15,Clear,Low
11.87,67.6,11.12,20.14,23,Heavy Rain,High
25.08,71.1,7.61,16.05,10,Clear,Medium
17.84,35.6,10.39,14.55,23,Rain,High
13.74,76.8,11.0,0.78,1,Cloudy,Medium
31.37,70.2,9.42,29.82,22,Clear,Low
12.16,63.8,6.9,25.68,22,Clear,Low
-6.37,71.5,11.88,14.65,6,Clear,Low
5.36,57.6,11.51,20.93,17,Rain,High
21.61,54.3,10.7,12.46,9,Rain,Low
19.75,60.6,6.5,19.39,9,Fog,High
-3.8,56.6,5.01,0.23,12,Clear,Low
6.31,100.0,9.23,8.46,4,Clear,Low
8.02,81.4,11.79,0.57,5,Cloudy,Low
10.61,47.6,12.12,4.74,13,Snow,Medium
-1.51,100.0,10.75,6.21,23,Cloudy,High
7.46,57.2,7.65,16.03,0,Fog,Medium
6.26,65.5,6.59,9.68,11,Clear,Low
24.26,81.2,8.95,11.74,10,Rain,Medium
24.71,29.5,8.98,1.34,17,Rain,Medium
13.25,60.7,12.32,0.56,23,Clear,Low
10.3,54.7,7.56,12.37,13,Clear,Low
16.68,68.7,7.81,7.12,17,Cloudy,Medium
5.2,71.7,15.0,12.04,3,Cloudy,Low
1.24,63.6,13.65,16.9,23,Cloudy,Medium
3.72,62.8,6.35,26.76,22,Rain,Low
7.38,84.2,13.41,11.82,9,Clear,Low
1.04,70.4,5.63,28.32,17,Heavy Rain,High
16.94,65.7,7.7,15.66,2,Cloudy,Medium
23.76,67.7,8.04,18.21,13,Clear,Low
-4.05,98.0,8.77,21.48,23,Rain,High
15.3,68.1,10.86,18.48,3,Cloudy,Medium
12.36,55.7,9.32,4.78,20,Clear,Low
19.1,30.6,10.84,21.75,23,Rain,Medium
14.84,39.2,7.79,8.63,13,Clear,Low
-2.44,56.6,10.12,14.72,18,Clear,Medium
-0.15,63.0,9.24,13.2,5,Cloudy,Medium
15.35,55.0,4.84,22.3,10,Cloudy,Medium
27.35,71.3,10.45,15.54,17,Rain,Medium
-11.57,54.8,9.29,0.48,10,Cloudy,Medium
19.15,48.5,6.86,30.82,0,Cloudy,Medium
29.28,76.0,7.73,19.51,19,Cloudy,Medium
13.16,89.6,7.8,7.05,21,Fog,Medium
21.6,45.1,8.27,1.76,14,Clear,Low
6.56,69.4,14.28,20.54,16,Rain,Medium
13.57,30.7,15.0,2.83,3,Clear,Low
-4.45,38.5,0.82,19.21,4,Clear,High
-13.13,54.4,10.46,21.62,22,Heavy Rain,Medium
26.31,85.4,11.86,6.15,3,Cloudy,Low
3.18,51.0,8.35,5.35,22,Clear,Low
9.53,50.3,11.78,7.77,1,Cloudy,Medium
-1.64,65.6,13.96,3.1,11,Cloudy,Medium
-1.92,65.7,4.88,14.07,18,Fog,High
12.91,50.9,9.4,15.35,2,Fog,High
6.25,100.0,14.87,18.55,3,Clear,Medium
19.54,60.2,5.29,4.5,17,Snow,High
20.43,67.0,8.65,19.56,12,Cloudy,Low
18.85,57.8,7.65,3.11,19,Cloudy,High
17.86,72.9,12.16,19.55,8,Clear,Low
33.93,87.2,12.57,1.38,17,Snow,High
2.19,94.9,9.49,26.11,13,Rain,High
14.34,51.3,9.1,7.31,1,Thunderstorm,High
28.59,84.8,3.84,17.39,16,Heavy Rain,High
30.17,74.9,13.27,18.11,22,Cloudy,Low
-2.06,82.5,7.94,0.57,5,Snow,High
11.25,63.3,8.57,19.52,19,Clear,Low
31.3,61.6,11.91,7.04,4,Snow,Medium
21.1,81.8,9.59,9.25,22,Clear,Low
17.34,82.2,12.01,5.97,8,Cloudy,Medium
12.39,93.2,10.81,26.52,15,Snow,High
10.39,68.6,9.61,1.47,22,Clear,Low
18.46,63.1,9.93,15.87,13,Snow,Medium
11.97,20.7,5.63,6.39,10,Clear,Low
14.49,36.0,8.55,21.82,11,Rain,Medium
15.94,57.9,12.25,32.89,6,Rain,Low
6.86,45.2,6.3,6.33,1,Clear,Low
21.39,79.7,6.85,13.26,12,Snow,Medium
45.0,41.4,6.36,8.53,18,Clear,Low
-6.32,56.0,9.46,21.34,4,Snow,High
18.89,56.7,13.21,9.76,22,Thunderstorm,Medium
5.88,86.7,10.64,20.15,18,Rain,High
21.93,54.1,2.47,8.42,15,Fog,Medium
15.56,73.1,10.95,32.19,7,Rain,Medium
24.14,68.5,7.67,7.72,17,Thunderstorm,Medium
29.11,81.3,10.53,15.39,23,Heavy Rain,Medium
17.31,80.3,8.55,11.91,6,Rain,Low
28.58,64.4,6.42,11.58,15,Thunderstorm,Medium
-13.13,34.5,8.79,14.57,10,Cloudy,Medium
34.09,60.8,7.68,12.53,14,Cloudy,Low
19.5,64.6,9.92,13.97,6,Snow,Medium
27.93,70.1,6.34,15.67,6,Rain,Medium
0.36,51.7,5.63,27.74,21,Clear,Low
5.03,85.5,11.2,12.89,4,Clear,Low
16.75,65.2,12.33,28.62,20,Rain,Medium
14.8,48.4,10.74,35.04,1,Clear,Low
18.4,56.8,7.05,3.76,21,Cloudy,Low
28.01,99.7,6.78,12.43,20,Clear,Low
-6.18,77.0,6.95,24.34,22,Clear,Low
26.69,83.9,11.67,20.27,23,Fog,High
15.1,46.3,6.52,27.09,22,Clear,Low
12.55,52.6,11.65,15.35,5,Fog,Medium
-2.65,52.7,10.91,6.3,21,Cloudy,Medium
21.04,68.3,12.71,23.74,23,Fog,Medium
-13.97,61.9,12.19,17.72,13,Rain,Medium
22.78,56.2,10.63,25.2,14,Cloudy,Low
-2.91,58.4,4.59,1.81,21,Clear,High
15.64,50.7,10.83,1.06,18,Fog,Medium
13.57,61.8,9.35,12.15,19,Rain,High
29.03,85.0,7.88,24.0,23,Clear,Low
12.86,37.8,13.09,26.5,20,Fog,Medium
6.67,71.2,8.55,5.47,23,Cloudy,Medium
8.92,89.8,7.41,8.34,22,Clear,Low
30.27,61.7,12.37,37.85,13,Clear,Low
21.44,55.5,7.78,7.02,14,Snow,Medium
10.37,81.6,7.26,18.08,12,Cloudy,Low
12.16,47.3,5.62,7.93,7,Heavy Rain,Medium
-3.81,64.6,6.54,16.27,16,Cloudy,High
19.66,46.3,6.8,4.2,14,Clear,Low
-6.12,31.3,10.86,4.46,5,Clear,Low
24.02,62.3,5.94,8.66,20,Fog,Low
16.54,42.3,3.43,7.09,9,Clear,Low
43.64,64.8,9.91,9.26,11,Fog,Medium
1.8,85.1,7.1,16.73,19,Clear,Medium
13.77,98.4,8.95,29.01,14,Thunderstorm,High
36.58,66.7,12.85,6.69,2,Clear,Medium
29.3,83.3,9.21,3.1,7,Cloudy,Low
6.65,72.2,13.53,12.09,11,Clear,Low
17.69,58.1,8.8,4.34,17,Clear,Low
15.02,30.4,12.02,2.72,7,Snow,High
18.38,94.3,7.36,21.58,11,Clear,Low
6.62,46.1,9.32,12.72,13,Fog,Medium
13.93,89.9,6.2,13.61,12,Rain,Medium
-4.18,74.7,6.56,5.34,4,Rain,High
16.62,47.4,8.33,6.74,12,Cloudy,Low
20.4,70.6,5.01,0.74,22,Thunderstorm,High
12.27,100.0,9.48,11.82,15,Snow,High
-4.38,92.6,8.09,13.21,19,Fog,High
26.86,55.8,9.7,13.2,17,Clear,Medium
19.37,52.2,5.06,6.0,1,Clear,Low
6.29,66.8,11.11,4.32,11,Snow,Medium
11.63,62.0,14.09,10.26,7,Rain,Medium
-3.01,86.6,13.46,15.21,12,Cloudy,Low
2.7,78.3,14.71,6.79,1,Cloudy,Medium
8.55,34.5,9.13,3.56,5,Cloudy,Medium
29.74,73.3,7.94,3.95,2,Cloudy,High
7.33,61.8,10.46,6.07,1,Cloudy,Low
22.68,65.7,8.29,7.93,10,Cloudy,Low
8.54,69.5,3.78,2.12,18,Cloudy,Medium
17.98,86.6,11.46,7.99,7,Cloudy,Low
13.3,82.6,8.3,23.13,18,Clear,Medium
25.48,51.5,4.6,9.35,12,Clear,Low
8.58,63.9,7.48,0.85,16,Rain,Medium
-3.87,56.9,8.37,8.33,6,Thunderstorm,High
-1.58,34.7,9.04,28.53,10,Clear,Low
8.62,63.0,9.07,22.25,7,Fog,High
0.01,98.2,13.11,14.56,10,Rain,Medium
19.92,34.2,5.13,22.46,22,Thunderstorm,Medium
9.41,64.6,8.54,16.75,2,Cloudy,Medium
43.5,64.0,6.36,11.32,20,Rain,Medium
-5.85,70.2,12.77,0.84,22,Cloudy,Medium
17.44,47.7,7.32,29.18,0,Thunderstorm,High
1.46,39.3,7.97,8.07,9,Clear,Low
9.08,40.2,12.15,8.56,14,Clear,Low
16.7,89.0,12.97,12.34,7,Snow,High
-12.9,47.3,13.42,12.49,3,Clear,Medium
17.84,56.0,4.07,17.17,9,Fog,High
37.83,100.0,10.45,16.14,18,Clear,Low
9.56,51.8,9.81,6.81,11,Clear,Low
18.12,71.2,8.85,12.23,20,Cloudy,Low
27.3,84.1,9.2,16.89,8,Rain,Medium
13.03,83.3,12.86,6.04,15,Cloudy,Low
8.03,41.0,12.12,25.02,18,Fog,Medium
-12.31,52.2,11.69,11.82,16,Rain,High
22.69,70.4,9.62,26.39,10,Rain,Low
13.64,99.7,15.0,0.53,20,Cloudy,Low
2.85,51.3,7.8,17.89,4,Cloudy,Medium
16.52,56.1,4.15,3.99,2,Rain,Medium
8.0,72.6,8.2,6.29,0,Thunderstorm,High
8.66,76.2,9.17,20.14,16,Thunderstorm,Medium
22.28,77.2,12.91,9.94,8,Clear,Low
-1.06,49.8,7.47,35.38,2,Cloudy,High
27.57,55.4,10.47,16.66,4,Rain,Low
-1.77,68.9,4.57,5.74,1,Rain,High
7.05,87.7,12.24,16.68,9,Clear,Medium
38.08,60.7,9.2,9.87,15,Thunderstorm,Medium
28.53,64.6,8.16,19.49,6,Cloudy,Low
16.17,46.5,15.0,9.33,6,Clear,Low
3.71,98.5,12.21,15.66,23,Heavy Rain,High
8.65,67.8,5.88,13.79,1,Rain,Medium
15.88,84.4,8.67,12.71,20,Fog,Low
15.45,65.5,15.0,21.38,1,Clear,Low
13.91,66.5,14.94,4.23,18,Clear,Low
14.63,38.0,11.77,12.88,23,Fog,High
12.43,26.3,3.46,5.69,7,Cloudy,High
-2.3,87.5,13.0,0.14,5,Clear,Low
8.8,66.4,7.09,4.46,5,Heavy Rain,High
25.98,68.7,12.97,6.42,9,Thunderstorm,High
-1.42,42.5,6.83,9.88,6,Thunderstorm,High
12.73,48.7,10.47,15.04,6,Thunderstorm,High
5.16,84.1,7.08,16.88,4,Clear,Low
16.34,96.3,7.91,8.32,22,Snow,Medium
10.34,53.8,10.87,26.26,7,Clear,Low
32.73,77.1,5.04,8.66,1,Cloudy,Low
21.08,68.4,15.0,5.52,7,Clear,Medium
-0.74,62.8,5.92,8.9,13,Cloudy,Low
23.05,98.3,5.75,12.42,2,Clear,Low
5.7,56.8,10.88,17.46,11,Fog,Medium
8.08,87.3,12.88,22.87,23,Thunderstorm,Medium
18.77,71.9,8.03,11.11,16,Clear,Medium
9.1,64.7,5.79,1.63,8,Clear,Low
25.71,89.7,6.23,3.36,21,Clear,Low
5.71,70.2,5.91,18.86,7,Cloudy,Medium
7.57,63.3,9.92,19.96,0,Fog,Medium
7.12,89.8,8.79,6.16,5,Heavy Rain,High
8.21,87.5,10.28,0.2,0,Cloudy,Low
28.19,86.6,10.09,13.18,11,Thunderstorm,Low
22.55,10.0,11.47,14.83,9,Cloudy,Low
35.52,72.9,7.77,17.09,1,Heavy Rain,High
42.21,68.8,6.79,6.93,9,Cloudy,High
2.63,64.4,9.47,10.9,4,Rain,Medium
15.85,76.0,8.84,12.18,21,Cloudy,Low
0.89,69.7,9.76,20.7,14,Clear,Low
5.67,77.2,6.86,23.96,6,Rain,Medium
7.44,60.2,10.93,26.41,18,Clear,Medium
2.31,92.0,5.46,23.72,20,Cloudy,Low
2.38,79.0,7.68,28.32,18,Rain,Medium
13.27,74.8,12.39,21.12,2,Cloudy,Low
0.4,73.9,5.61,6.7,12,Clear,Low
25.11,85.8,12.15,25.8,1,Heavy Rain,High
3.99,83.4,4.77,0.39,15,Clear,Low
45.0,63.0,4.24,33.28,17,Clear,High
9.58,82.8,4.52,3.22,0,Clear,Low
15.86,68.1,9.35,19.99,18,Clear,Low
-0.54,99.5,11.19,25.0,5,Cloudy,Low
35.47,84.8,12.88,16.13,2,Heavy Rain,High
28.43,53.7,12.64,6.45,6,Heavy Rain,High
18.56,100.0,11.59,3.47,23,Cloudy,Low
-1.16,27.2,6.5,15.21,6,Clear,Medium
17.53,76.5,6.48,17.72,1,Thunderstorm,High
1.54,52.5,11.36,10.39,1,Snow,High
32.55,98.9,13.26,12.67,21,Clear,Low
24.71,69.6,5.91,1.22,15,Rain,Low
16.15,50.7,12.88,27.97,4,Fog,High
-14.24,60.2,3.24,8.6,15,Fog,High
3.2,52.1,10.17,19.1,0,Cloudy,Medium
23.25,59.5,8.69,24.63,16,Rain,Medium
29.55,59.1,8.39,1.6,20,Rain,Low
28.31,51.5,9.09,13.15,18,Rain,Low
-4.1,69.9,6.44,14.5,4,Fog,High
18.62,72.0,10.34,9.68,8,Cloudy,Low
27.19,47.1,9.18,20.35,12,Clear,Low
-4.9,35.2,11.81,5.99,1,Rain,High
14.91,70.6,13.77,12.49,19,Fog,Medium
18.29,74.6,9.38,8.66,14,Snow,Medium
11.39,78.1,6.54,32.93,3,Clear,Low
-7.23,74.9,5.59,6.03,18,Fog,High
11.09,93.3,14.09,18.7,17,Clear,Low
11.07,82.9,13.71,28.17,3,Thunderstorm,High
13.22,100.0,11.66,3.73,12,Heavy Rain,High
8.24,100.0,9.18,12.86,7,Clear,Low
9.68,33.4,11.45,3.12,6,Clear,Low
14.52,25.5,12.91,6.12,19,Clear,Low
20.31,64.9,7.15,4.93,0,Clear,Low
11.35,74.1,9.09,6.87,10,Clear,Low
10.08,63.6,5.68,7.4,6,Fog,Medium
16.11,77.7,8.61,9.3,7,Clear,Low
-8.05,60.1,13.63,12.06,10,Thunderstorm,High
20.72,52.5,12.24,1.23,13,Clear,Low
14.99,55.2,9.41,15.16,8,Cloudy,Low
15.48,61.4,0.92,22.92,13,Rain,Medium
26.53,80.2,7.03,23.98,17,Clear,Low
-8.43,56.2,9.31,9.66,4,Cloudy,Medium
-8.69,59.8,8.35,20.04,9,Heavy Rain,High
18.29,75.3,9.1,5.87,12,Clear,Low
14.91,61.4,9.73,8.91,9,Cloudy,Low
17.04,85.1,7.4,15.59,13,Heavy Rain,Medium
9.45,48.4,8.98,8.99,19,Cloudy,Medium
22.97,44.5,8.55,0.62,14,Clear,Low
26.19,70.5,6.89,19.5,11,Clear,Low
20.81,72.3,14.54,4.54,15,Rain,Medium
11.87,49.4,7.57,7.32,23,Thunderstorm,Medium
-10.29,89.2,2.24,21.52,0,Clear,High
24.23,99.6,14.35,16.83,13,Cloudy,Low
29.66,53.7,6.46,13.59,0,Clear,Low
22.73,91.8,11.7,1.22,22,Fog,Medium
4.44,22.1,6.96,1.53,17,Fog,Medium
23.09,84.4,10.71,15.58,21,Cloudy,Low
25.33,49.6,8.86,17.67,13,Clear,Low
33.71,82.6,12.0,14.28,9,Rain,High
4.49,47.7,8.36,7.74,0,Rain,High
12.28,63.8,7.03,7.44,14,Rain,Medium
23.97,50.4,9.77,13.94,21,Clear,Low
15.69,61.2,7.85,0.73,3,Clear,Low
1.59,97.9,3.21,12.83,5,Clear,Medium
19.98,63.1,7.2,0.5,12,Heavy Rain,Medium
21.94,100.0,15.0,2.53,12,Cloudy,Low
16.06,58.1,3.54,13.6,10,Clear,Low
17.64,91.9,9.72,17.25,3,Fog,Medium
11.9,35.7,8.27,15.08,11,Fog,Medium
32.74,59.8,14.51,1.97,12,Snow,Low
4.19,55.4,5.67,4.84,4,Rain,High
7.95,92.7,9.3,11.93,14,Rain,Low
15.13,68.3,11.06,5.09,20,Cloudy,Low
25.55,27.4,8.46,20.5,2,Clear,Low
-2.97,41.4,6.7,2.27,1,Rain,Medium
-0.72,46.8,8.93,32.11,13,Cloudy,Medium
-9.45,81.8,8.07,3.34,18,Cloudy,Medium
15.39,79.5,8.06,16.17,2,Rain,High
1.58,59.6,11.79,5.37,22,Cloudy,Medium
10.39,55.1,10.21,10.49,11,Rain,Low
22.94,77.9,10.66,13.66,2,Clear,Low
7.3,44.7,9.99,19.74,10,Snow,Medium
17.78,73.2,11.88,21.18,10,Thunderstorm,Medium
11.41,71.7,12.91,18.55,9,Rain,Low
23.07,60.1,8.14,21.34,14,Cloudy,Low
20.7,72.2,11.46,6.45,5,Clear,Low
6.7,66.8,5.11,17.84,23,Fog,High
12.98,74.0,2.24,8.93,6,Cloudy,Medium
27.52,41.0,14.48,20.88,20,Snow,Medium
19.72,76.1,8.0,13.04,19,Cloudy,Low
-1.76,83.5,9.76,17.58,9,Snow,High
22.87,70.8,5.32,14.62,4,Cloudy,High
1.98,75.8,5.19,18.84,23,Cloudy,Medium
31.95,63.0,6.86,4.73,13,Clear,Low
27.29,81.0,10.93,2.15,7,Thunderstorm,Medium
18.48,66.2,7.45,20.9,3,Cloudy,Medium
16.89,44.3,7.99,24.1,8,Rain,Medium
12.49,79.8,6.77,10.96,15,Clear,Low
23.14,35.6,12.5,19.3,12,Rain,Low
10.55,70.1,11.61,2.66,1,Cloudy,Low
17.83,58.1,7.55,6.41,18,Cloudy,Medium
25.46,56.9,11.05,12.74,7,Cloudy,Low
8.26,68.1,8.26,3.62,4,Cloudy,Low
7.61,52.2,7.99,1.77,16,Heavy Rain,High
0.67,74.2,8.85,13.42,17,Cloudy,Medium
2.23,66.0,10.93,6.55,19,Fog,High
-6.94,53.9,6.32,8.88,0,Clear,Low
23.76,89.1,10.51,8.34,9,Cloudy,Medium
36.71,68.7,15.0,0.45,6,Rain,Low
32.1,76.4,9.55,10.04,13,Thunderstorm,Medium
-4.51,90.5,9.11,11.88,23,Cloudy,Medium
23.7,90.2,8.75,6.76,2,Rain,High
32.07,75.4,10.43,7.49,15,Heavy Rain,Medium
9.52,59.6,4.17,10.16,10,Snow,Medium
16.22,39.3,14.1,19.38,11,Fog,Medium
-9.09,68.7,11.94,11.15,22,Cloudy,Medium
18.2,84.7,7.07,5.34,17,Snow,High
2.24,71.4,9.09,1.26,2,Thunderstorm,High
17.4,10.0,7.33,20.39,10,Cloudy,Low
-3.73,80.7,9.9,5.83,17,Rain,High
21.51,81.8,9.18,11.2,2,Cloudy,Medium
27.29,59.6,9.69,29.32,12,Clear,Medium
5.6,82.8,5.92,17.69,11,Clear,Low
1.36,76.3,7.56,7.33,1,Clear,Low
-10.87,52.7,12.44,25.0,22,Cloudy,Medium
11.8,87.9,7.4,13.35,8,Snow,High
8.02,42.2,1.07,15.32,6,Clear,Medium
-3.61,64.0,8.55,14.74,2,Clear,Medium
20.44,62.2,15.0,20.22,1,Clear,Low
9.6,50.1,11.55,11.28,4,Heavy Rain,High
2.09,70.5,7.25,1.33,17,Cloudy,Medium
8.35,88.6,8.85,14.91,6,Heavy Rain,High
27.86,87.5,11.04,0.44,10,Clear,Low
22.24,78.0,3.73,28.35,15,Rain,Low
13.44,34.5,6.43,8.74,8,Rain,Low
22.43,41.0,10.2,11.53,9,Heavy Rain,High
1.07,68.0,13.78,5.92,11,Rain,Medium
15.39,64.4,7.68,15.05,21,Fog,Medium
16.77,56.0,13.7,16.09,22,Clear,Low
9.36,99.3,6.74,5.89,6,Cloudy,Medium
20.23,66.9,0.1,16.08,6,Cloudy,Medium
5.63,74.8,11.23,12.61,9,Thunderstorm,High
21.12,82.8,10.62,11.14,4,Cloudy,Medium
21.62,66.0,11.21,5.24,13,Rain,Low
-20.0,100.0,11.09,32.83,12,Fog,High
29.28,48.1,9.58,22.65,11,Clear,Low
-20.0,54.1,8.22,18.56,11,Cloudy,Low
7.61,48.0,8.34,22.14,20,Cloudy,Low
27.3,93.1,7.62,14.7,3,Clear,Medium
11.19,79.4,7.8,8.86,18,Cloudy,Medium
-2.59,55.2,3.57,11.79,13,Clear,Medium
1.88,49.5,5.36,1.03,19,Clear,Medium
27.32,89.9,8.51,31.49,13,Clear,Low
-8.06,71.5,2.28,22.44,18,Clear,High
28.55,90.4,2.98,13.82,14,Cloudy,Medium
14.34,63.9,8.0,2.2,17,Rain,Low
0.69,74.2,8.62,17.71,9,Clear,Low
8.0,70.4,8.06,9.5,21,Fog,Medium
2.79,53.8,1.86,18.28,6,Clear,Low
25.39,62.4,13.66,1.99,17,Clear,Low
23.79,43.7,4.69,7.59,7,Clear,Low
-5.63,73.9,6.55,19.97,18,Clear,Medium
10.16,78.7,5.21,29.35,20,Thunderstorm,High
4.64,82.8,12.9,6.07,4,Rain,Medium
30.52,77.0,10.26,3.0,15,Clear,Low
-1.2,62.7,7.58,21.21,12,Thunderstorm,High
34.25,92.9,7.37,0.66,9,Rain,Medium
14.6,81.1,9.54,1.31,6,Heavy Rain,Medium
1.06,90.0,5.26,14.39,14,Cloudy,Medium
6.87,91.1,10.14,30.77,19,Clear,Medium
5.38,62.7,7.35,4.36,8,Cloudy,Low
-0.3,72.0,10.56,8.67,8,Cloudy,High
16.14,78.9,10.46,13.0,20,Thunderstorm,Medium
0.27,44.3,7.22,7.75,18,Clear,Medium
-11.16,44.7,2.84,3.9,17,Clear,High
10.44,41.6,8.26,19.22,14,Rain,Medium
-6.63,63.1,4.65,13.68,2,Cloudy,High
5.97,59.0,9.24,15.3,3,Cloudy,Low
4.09,39.2,8.23,10.72,1,Cloudy,Medium
4.55,67.7,7.24,25.62,7,Cloudy,Medium
39.01,63.3,5.11,7.46,0,Clear,Medium
15.68,86.3,12.56,2.31,11,Heavy Rain,High
17.94,100.0,7.64,26.97,0,Cloudy,Low
-6.32,73.2,15.0,7.79,23,Fog,High
7.15,52.5,9.1,10.62,11,Cloudy,Low
17.58,76.6,10.05,11.32,0,Fog,High
2.71,65.2,9.12,10.97,4,Fog,Medium
25.9,60.7,10.02,1.96,4,Cloudy,Medium
0.57,49.5,12.28,1.33,16,Heavy Rain,Medium
11.56,56.6,12.31,20.62,18,Clear,Low
7.97,61.8,3.7,24.47,11,Clear,Low
16.97,79.5,11.57,8.24,17,Rain,Medium
7.31,74.2,10.49,3.62,2,Clear,Medium
11.75,97.9,9.11,4.06,7,Rain,Medium
12.17,77.1,14.14,20.47,0,Clear,Medium
6.19,72.6,14.26,21.0,9,Clear,Medium
20.82,59.5,11.71,13.3,0,Cloudy,Low
17.86,46.3,7.37,9.82,18,Fog,High
13.94,54.7,5.42,13.23,12,Rain,Medium
9.83,52.4,11.26,14.4,18,Heavy Rain,High
24.56,18.9,13.08,7.7,14,Heavy Rain,Medium
12.17,46.8,2.91,11.7,0,Snow,High
11.32,93.8,12.26,9.77,8,Clear,Low
16.26,71.6,8.24,12.24,0,Fog,High
35.36,58.2,3.57,3.89,1,Cloudy,Medium
-1.08,72.2,10.41,11.89,22,Cloudy,Medium
24.24,29.8,11.73,5.93,22,Snow,Medium
-7.72,70.1,7.95,5.18,2,Snow,High
17.61,88.0,5.83,4.8,9,Cloudy,Medium
33.9,62.8,14.14,10.42,6,Cloudy,Low
20.86,33.1,6.99,19.23,10,Cloudy,Low
17.05,57.5,12.48,9.07,14,Clear,Low
8.27,88.0,4.46,8.82,9,Rain,High
15.37,69.7,10.25,23.3,19,Rain,Medium
11.98,39.5,10.16,21.22,1,Cloudy,Medium
5.57,100.0,11.62,27.61,14,Clear,Low
11.52,42.4,13.48,32.31,17,Cloudy,Low
17.38,60.6,6.56,12.54,13,Clear,Low
5.79,46.3,10.56,1.59,15,Cloudy,Low
5.32,46.4,4.9,7.31,14,Heavy Rain,High
-1.32,56.9,4.87,17.16,3,Clear,High
19.69,76.5,7.26,24.96,18,Fog,Medium
21.54,88.2,10.23,2.56,6,Rain,Medium
17.78,58.0,14.03,14.3,4,Clear,Low
26.58,46.8,14.58,4.86,13,Clear,Low
16.05,73.6,7.94,10.68,15,Clear,Low
19.7,74.1,9.92,10.55,9,Snow,High
18.65,69.3,11.83,15.43,1,Clear,Low
13.9,70.0,11.3,30.29,23,Rain,Medium
8.63,63.0,8.49,16.28,19,Heavy Rain,High
41.57,66.8,9.23,8.13,11,Clear,Medium
9.58,61.7,8.67,6.65,8,Cloudy,Medium
7.01,84.3,8.37,10.28,21,Clear,Low
20.21,100.0,7.98,4.15,8,Heavy Rain,High
18.02,68.2,8.64,13.26,4,Thunderstorm,Medium
-1.86,64.9,7.78,9.7,6,Thunderstorm,Medium
28.47,69.6,5.59,10.1,13,Clear,Low
13.87,53.2,11.59,10.81,17,Rain,Low
1.67,78.8,10.55,1.55,7,Rain,Medium
29.27,72.9,14.63,8.56,4,Fog,High
22.51,57.4,10.11,22.08,22,Cloudy,Low
-0.17,81.2,7.75,22.73,2,Cloudy,Medium
36.33,65.3,7.12,7.2,13,Cloudy,Low
22.91,47.5,9.14,16.71,4,Snow,High
14.88,71.3,10.66,1.49,15,Rain,Low
34.08,69.3,8.27,9.33,9,Clear,Low
16.91,82.3,4.59,14.08,1,Fog,High
14.66,80.0,6.78,25.74,4,Rain,High
7.08,63.0,9.05,22.74,11,Clear,Low
21.98,56.5,11.22,13.88,3,Cloudy,Medium
20.72,65.0,4.54,3.8,13,Clear,Low
15.18,71.5,9.8,24.23,19,Rain,Medium
5.52,73.7,9.66,8.94,6,Cloudy,Low
16.56,70.4,7.65,16.04,22,Thunderstorm,Medium
14.16,63.4,7.24,10.9,17,Clear,Low
-1.0,82.9,6.79,29.93,2,Cloudy,Medium
-2.66,52.9,9.42,6.51,11,Clear,Low
21.78,100.0,12.38,20.25,13,Clear,Low
-16.22,78.7,12.59,11.22,13,Heavy Rain,High
17.46,44.7,5.63,17.12,11,Heavy Rain,Medium
9.26,68.3,8.44,26.58,8,Fog,High
30.7,78.9,2.42,6.04,13,Rain,Medium
9.08,58.7,9.33,11.41,16,Clear,Medium
22.91,38.1,10.79,3.95,20,Cloudy,Low
10.24,46.3,13.71,16.01,2,Rain,Medium
16.36,74.8,3.64,18.22,3,Rain,Medium
23.84,33.4,5.74,7.77,12,Clear,Low
9.45,38.9,9.43,7.3,10,Fog,Medium
26.96,74.7,4.14,13.83,21,Fog,Medium
3.08,61.0,9.52,0.54,13,Heavy Rain,Medium
18.54,52.5,10.87,15.0,5,Clear,Low
26.07,56.1,5.16,4.64,20,Cloudy,Low
22.92,38.5,9.4,18.6,20,Rain,Medium
38.0,73.7,5.36,0.14,0,Clear,Medium
5.84,50.5,13.13,6.89,21,Cloudy,Low
-1.55,55.4,9.62,5.24,8,Rain,High
3.07,71.2,7.08,9.32,5,Clear,Low
22.93,60.4,5.29,24.39,2,Clear,Low
20.98,52.3,10.17,19.61,1,Clear,Medium
16.23,29.2,13.07,7.68,1,Clear,Low
1.52,71.6,6.69,7.68,18,Cloudy,Low
24.2,66.4,7.68,19.97,21,Snow,Medium
0.3,55.7,6.74,1.52,23,Clear,Low
28.91,46.3,13.67,12.2,12,Cloudy,Medium
45.0,65.2,3.27,6.55,6,Clear,Medium
19.4,73.6,12.86,10.45,21,Cloudy,Low
22.0,66.8,7.87,19.28,21,Clear,Low
9.09,94.5,8.79,5.98,9,Cloudy,Low
-6.72,77.7,7.98,20.77,4,Snow,High
7.77,63.1,9.72,31.8,20,Fog,Medium
1.89,78.3,6.81,17.44,8,Cloudy,Medium
-2.36,65.9,12.18,11.24,12,Clear,Medium
35.67,65.8,12.3,22.41,21,Heavy Rain,Medium
18.27,88.3,6.05,2.02,3,Rain,High
19.56,48.8,11.0,25.69,7,Cloudy,High
11.29,65.4,7.93,5.22,5,Fog,Medium
12.93,86.4,9.15,31.51,18,Cloudy,High
26.57,70.6,13.58,5.55,2,Fog,High
14.61,58.4,6.98,17.96,3,Fog,Medium
21.37,34.3,11.78,2.04,7,Fog,Medium
12.65,24.1,10.37,10.08,9,Clear,Medium
10.89,100.0,8.42,2.28,17,Clear,Low
-1.88,70.6,10.1,0.97,22,Cloudy,Low
-8.73,54.5,9.75,22.85,14,Heavy Rain,High
11.86,71.3,5.52,0.95,5,Clear,Low
15.68,47.9,7.18,5.38,15,Clear,Low
-0.43,59.0,5.86,4.34,16,Cloudy,Medium
14.59,48.1,8.17,22.26,2,Clear,Low
15.65,39.6,13.04,21.16,22,Snow,High
-10.87,27.1,10.74,23.43,12,Thunderstorm,High
4.02,36.2,4.7,4.92,18,Clear,Medium
19.89,83.4,8.18,24.15,1,Clear,Medium
19.64,47.2,9.7,4.85,22,Rain,Medium
1.16,74.6,11.23,5.21,23,Cloudy,Medium
16.9,82.2,7.05,5.71,22,Cloudy,Low
27.27,65.3,5.29,6.04,12,Cloudy,Low
24.32,59.6,8.83,11.18,2,Cloudy,Medium
13.86,67.4,10.71,4.45,10,Clear,Low
9.38,57.5,9.7,14.08,14,Rain,Low
7.45,86.7,6.35,11.48,10,Fog,Medium
20.61,98.8,14.26,14.05,10,Fog,Low
17.34,91.1,8.7,2.19,8,Rain,Medium
22.55,26.3,9.58,5.98,16,Cloudy,High
16.58,57.1,7.01,6.19,13,Fog,Low
24.83,65.1,12.32,20.49,17,Rain,High
16.14,73.3,10.72,16.54,1,Cloudy,Medium
24.42,33.9,9.94,10.51,5,Clear,Low
25.45,33.6,5.55,5.56,21,Heavy Rain,Medium
5.35,88.5,12.28,19.05,19,Heavy Rain,High
-6.7,54.9,11.27,28.15,16,Cloudy,High
33.52,38.2,12.04,11.75,9,Clear,Medium
18.08,45.1,9.11,2.38,10,Cloudy,Low
-5.57,72.0,8.78,5.67,15,Rain,Medium
6.43,50.2,8.45,17.03,18,Clear,Low
24.26,69.3,15.0,8.02,10,Cloudy,Low
11.64,47.4,7.37,4.27,21,Clear,Low
8.86,33.6,5.44,3.88,8,Heavy Rain,High
31.81,90.6,7.88,12.83,7,Cloudy,Low
2.43,72.2,7.4,1.8,16,Cloudy,Medium
5.42,59.0,12.78,11.69,18,Fog,High
17.54,55.6,4.93,12.8,13,Cloudy,Low
19.69,91.4,7.32,7.95,22,Cloudy,Low
20.96,75.6,9.57,2.61,20,Clear,Low
25.93,85.6,12.8,21.17,4,Heavy Rain,High
17.38,54.5,11.14,0.0,18,Cloudy,Medium
20.87,65.9,13.86,13.55,19,Cloudy,Medium
11.89,72.2,10.04,18.55,20,Cloudy,Low
15.75,55.1,8.39,13.44,12,Rain,Low
16.29,63.3,11.57,23.08,18,Cloudy,Low
17.58,54.5,4.9,1.78,17,Cloudy,High
24.27,72.2,3.87,4.88,22,Rain,Low
21.66,41.2,11.93,7.85,7,Rain,Low
15.53,75.3,9.63,41.62,3,Rain,Medium
5.29,70.6,11.89,16.57,18,Cloudy,Low
15.81,61.3,6.44,18.26,15,Thunderstorm,High
14.66,73.1,12.85,17.88,23,Cloudy,Medium
17.32,58.4,11.01,12.71,1,Heavy Rain,High
41.48,52.9,8.91,21.44,0,Cloudy,Low
8.71,74.8,9.62,4.83,11,Cloudy,Low
20.07,75.6,10.04,14.49,14,Cloudy,Low
27.82,55.9,6.43,15.85,20,Cloudy,Medium
16.18,54.3,7.84,21.17,16,Clear,Low
43.05,61.7,9.99,1.6,17,Heavy Rain,High
10.46,55.1,7.72,2.26,9,Cloudy,Medium
18.89,92.5,4.59,2.83,13,Rain,Medium
5.41,70.7,9.88,16.7,3,Clear,Medium
10.78,65.3,11.51,16.83,16,Cloudy,Medium
17.99,48.2,12.21,3.45,3,Cloudy,Medium
25.16,78.3,10.6,29.23,4,Cloudy,Medium
18.83,54.0,11.45,14.58,3,Rain,Medium
30.11,53.3,11.96,13.12,22,Clear,Low
13.86,78.9,9.24,10.13,4,Clear,Low
11.01,72.0,2.64,20.37,5,Cloudy,Medium
45.0,19.9,12.48,15.51,23,Clear,Low
19.73,62.2,6.32,29.01,4,Clear,Medium
6.37,67.3,5.61,1.07,13,Snow,Medium
6.67,58.9,5.69,1.91,3,Clear,Medium
3.69,67.9,15.0,5.34,10,Rain,Medium
26.24,32.4,10.32,16.98,22,Cloudy,Low
10.63,14.0,5.88,8.15,7,Clear,Low
16.53,47.4,6.95,23.44,11,Clear,Low
14.24,70.1,9.0,8.46,21,Clear,Medium
23.78,10.0,10.63,21.74,12,Clear,Low
4.84,49.8,9.84,4.52,22,Cloudy,Low
2.09,30.4,6.21,22.65,9,Heavy Rain,High
17.69,60.6,9.95,24.32,5,Cloudy,Low
22.21,100.0,7.17,6.92,0,Cloudy,Low
18.99,61.1,12.14,16.41,9,Clear,Medium
5.29,63.1,9.17,14.41,1,Fog,Medium
23.13,80.1,6.72,16.65,13,Cloudy,Medium
6.07,65.4,11.07,23.56,0,Clear,Low
8.74,61.1,10.15,20.76,2,Cloudy,Medium
3.67,81.7,7.58,16.63,12,Thunderstorm,High
30.61,73.5,11.19,17.97,14,Rain,Low
22.6,70.2,10.89,0.58,4,Clear,Medium
22.26,62.5,12.61,11.63,17,Clear,Medium
29.97,58.8,11.13,2.09,9,Heavy Rain,High
45.0,81.5,8.36,11.84,4,Snow,High
-5.51,58.9,3.93,22.05,11,Clear,Medium
6.14,87.2,9.56,11.94,22,Clear,Low
7.61,46.2,10.03,10.55,12,Clear,Low
4.79,90.8,9.15,2.58,20,Clear,Low
2.07,73.5,0.1,17.23,21,Clear,Medium
11.4,47.6,11.04,7.15,5,Cloudy,Low
0.4,74.2,6.26,19.05,1,Clear,Medium
19.02,53.3,11.06,1.14,16,Rain,Low
15.62,65.6,14.1,15.44,11,Cloudy,Low
20.77,56.2,8.24,15.89,8,Cloudy,Low
21.09,62.6,10.32,19.11,3,Thunderstorm,Medium
22.24,81.9,9.1,6.1,3,Cloudy,Low
10.52,74.3,10.58,19.02,22,Clear,Low
40.45,44.7,9.31,25.56,3,Cloudy,High
17.81,45.8,7.45,8.45,22,Cloudy,Low
-7.35,69.9,6.29,12.47,6,Cloudy,Low
2.97,71.2,13.77,4.26,3,Cloudy,Medium
-5.89,52.9,10.32,4.26,12,Cloudy,Medium
15.21,93.6,11.49,4.99,2,Cloudy,Medium
13.54,79.6,10.2,11.4,6,Snow,Medium
9.38,53.7,11.93,15.4,2,Cloudy,Medium
39.13,52.0,6.31,20.14,0,Cloudy,High
21.59,60.9,9.25,14.38,2,Snow,Medium
23.71,59.0,10.52,18.06,23,Cloudy,Low
3.83,87.6,12.88,2.29,3,Clear,Low
3.01,82.7,15.0,21.51,5,Cloudy,Low
15.44,65.6,10.22,17.66,3,Cloudy,Medium
17.08,77.2,7.02,25.74,1,Snow,High
-7.28,79.8,5.41,24.12,3,Snow,High
12.84,66.0,6.29,18.75,2,Heavy Rain,High
15.17,72.2,6.68,32.06,3,Cloudy,Medium
12.42,75.7,0.3,4.23,10,Clear,Medium
5.24,73.8,6.97,19.01,9,Cloudy,Low
8.53,51.0,11.15,13.22,4,Clear,Low
12.88,52.8,9.23,14.2,6,Thunderstorm,Medium
16.09,59.8,8.22,1.53,11,Clear,Low
22.26,52.3,4.13,15.55,10,Cloudy,Low
27.97,38.5,12.15,15.13,2,Cloudy,Medium
11.47,77.2,10.54,5.79,21,Heavy Rain,Medium
9.53,71.2,8.96,11.38,9,Rain,Medium
20.25,40.9,2.39,0.17,8,Clear,Low
22.33,60.7,7.53,8.44,13,Rain,Low
9.79,61.7,10.3,20.65,6,Cloudy,Low
24.48,68.3,8.91,20.83,14,Rain,Medium
26.76,45.5,9.58,18.92,21,Clear,Low
30.5,40.6,11.06,20.64,20,Cloudy,Low
36.34,74.4,9.46,20.76,7,Cloudy,Medium
4.6,37.4,10.95,6.21,2,Clear,Low
15.17,60.8,6.47,15.06,2,Rain,High
15.14,59.1,5.33,21.78,5,Fog,Low
13.82,62.8,10.43,0.42,14,Clear,Low
7.21,69.5,11.05,0.47,11,Clear,Low
-2.83,93.8,10.56,0.97,6,Cloudy,Medium
16.11,36.2,9.39,4.07,4,Cloudy,Medium
5.78,80.8,8.03,2.54,12,Heavy Rain,Medium
16.03,19.8,9.63,7.27,23,Rain,Medium
5.47,90.1,10.14,25.61,18,Cloudy,Medium
1.8,28.2,10.32,8.06,6,Thunderstorm,Medium
17.81,100.0,15.0,1.65,13,Cloudy,Low
16.81,58.0,6.24,13.5,12,Heavy Rain,Medium
21.95,88.2,15.0,10.3,19,Snow,Medium
41.23,84.5,5.23,4.96,8,Clear,Low
18.33,57.1,10.16,6.7,8,Clear,Low
20.82,58.5,5.42,21.6,10,Thunderstorm,Medium
2.07,49.9,9.92,0.69,4,Cloudy,Medium
-0.44,79.2,11.95,2.99,20,Rain,Low
33.99,57.4,9.1,16.2,9,Clear,Medium
3.92,50.3,11.92,6.47,20,Heavy Rain,High
2.47,74.7,7.73,25.97,9,Cloudy,Medium
14.53,48.9,2.85,10.61,16,Rain,High
13.92,59.1,10.88,11.1,17,Clear,Low
4.17,66.9,9.09,19.08,18,Clear,Low
11.34,53.4,7.56,3.05,16,Snow,High
29.75,56.2,7.77,15.04,16,Cloudy,Low
5.33,92.6,10.22,8.71,7,Heavy Rain,High
-1.72,61.3,6.56,21.24,1,Clear,High
26.31,58.5,10.13,6.18,22,Cloudy,Low
20.91,61.8,12.57,13.59,20,Snow,High
7.55,73.2,15.0,8.77,6,Rain,Low
-3.99,46.4,13.21,15.72,0,Rain,High
6.06,72.7,9.49,9.74,23,Clear,Low
14.34,69.6,9.77,14.36,1,Cloudy,Medium
28.99,32.8,7.8,27.78,0,Rain,Medium
2.56,97.3,7.6,9.43,23,Clear,Low
13.99,91.3,11.62,15.62,16,Clear,Low
23.1,50.6,8.08,32.58,14,Clear,Low
-13.58,44.8,10.1,15.51,14,Thunderstorm,Medium
27.41,69.1,6.11,9.91,17,Fog,Medium
0.81,39.3,13.11,6.0,14,Clear,Low
18.98,89.6,8.03,1.17,17,Snow,High
17.96,56.6,12.26,20.3,18,Cloudy,Low
28.02,94.2,6.89,11.16,5,Thunderstorm,High
21.61,50.2,6.73,21.57,14,Cloudy,Low
-13.53,63.0,12.98,17.5,7,Clear,Medium
5.58,87.8,7.12,17.47,14,Snow,Medium
16.66,59.2,4.3,0.99,4,Fog,High
12.66,69.9,5.88,16.54,21,Cloudy,Low
20.73,84.7,11.57,24.3,6,Cloudy,Medium
24.47,55.0,11.28,1.02,4,Heavy Rain,High
22.3,42.3,6.71,9.15,2,Clear,Low
12.43,38.7,7.1,15.19,12,Snow,High
-7.16,75.5,11.02,12.88,8,Snow,High
9.53,72.0,12.95,24.93,17,Clear,Low
20.0,84.1,8.79,18.56,10,Clear,Low
1.91,60.1,10.66,15.65,7,Clear,Medium
22.58,39.2,11.62,19.36,7,Thunderstorm,High
25.9,22.7,15.0,18.88,5,Heavy Rain,Medium
16.52,100.0,5.53,12.37,16,Cloudy,Low
-20.0,74.5,6.99,8.81,3,Fog,High
-0.34,67.5,7.48,20.91,21,Fog,High
37.63,70.0,11.48,5.31,6,Fog,Medium
8.44,39.2,8.24,11.35,0,Cloudy,Low
-8.81,50.7,9.94,1.59,15,Snow,High
29.82,96.4,9.37,18.59,17,Clear,Low
15.16,76.9,9.01,23.09,14,Clear,Low
28.26,51.3,9.32,3.58,8,Rain,Medium
18.32,42.9,12.09,10.61,4,Clear,Low
20.5,55.7,6.09,7.68,20,Clear,Low
19.36,59.3,8.55,21.68,11,Clear,Low
23.37,100.0,5.35,24.75,11,Cloudy,Low
42.33,61.6,9.68,7.69,5,Cloudy,Low
26.65,43.6,8.41,15.82,18,Fog,Medium
-3.96,63.9,12.21,22.38,22,Cloudy,Low
20.36,69.8,8.99,12.41,15,Cloudy,Low
28.7,42.0,7.67,12.44,17,Snow,Medium
29.43,72.2,8.26,20.67,17,Snow,High
9.88,86.8,14.17,8.72,4,Cloudy,Medium
28.98,67.5,4.29,6.33,11,Rain,Medium
26.13,50.7,7.12,8.8,6,Fog,Medium
45.0,55.5,9.11,16.4,9,Snow,High
6.0,35.1,7.09,19.91,20,Cloudy,Medium
8.91,62.6,10.47,26.7,19,Rain,Low
11.33,70.6,8.83,15.63,13,Rain,Low
9.12,48.9,9.77,10.7,2,Clear,Low
4.32,99.9,9.35,19.98,8,Rain,Medium
-18.15,79.3,8.69,3.26,17,Clear,Medium
9.78,32.7,5.13,24.77,14,Clear,Low
19.43,33.1,9.53,13.9,13,Clear,Low
9.08,47.3,3.71,9.94,9,Clear,Medium
38.22,93.3,6.98,3.29,23,Clear,Medium
15.16,81.0,10.47,17.64,21,Fog,Low
30.49,94.2,12.57,9.47,15,Clear,Low
18.14,65.2,15.0,11.15,20,Clear,Low
24.92,61.2,7.72,3.04,4,Heavy Rain,High
18.35,42.5,6.4,8.09,3,Rain,Medium
31.43,71.3,10.57,6.88,17,Rain,Medium
15.67,61.5,14.61,15.77,16,Fog,Medium
20.95,60.8,13.6,9.59,5,Rain,Medium
19.4,94.1,5.89,11.84,20,Rain,Low
11.54,62.7,8.58,8.26,17,Cloudy,Low
19.86,89.0,11.55,1.09,5,Cloudy,Low
41.81,36.4,11.76,2.61,14,Heavy Rain,High
11.76,100.0,10.78,21.03,20,Cloudy,Low
20.03,58.3,7.65,3.2,18,Clear,Low
30.09,77.7,10.75,14.65,10,Cloudy,Low
28.68,80.6,11.79,7.44,19,Cloudy,Low
15.14,56.0,6.2,5.7,7,Clear,Low
-13.6,79.7,12.99,3.19,23,Rain,High
21.2,80.7,11.98,14.88,23,Heavy Rain,Medium
-11.63,52.2,6.77,15.89,7,Clear,Medium
32.64,52.4,11.77,3.53,16,Cloudy,Medium
17.03,65.8,11.44,22.35,23,Cloudy,Medium
27.0,62.9,11.55,1.32,6,Cloudy,Low
4.17,90.1,13.73,15.5,17,Clear,Medium
-3.63,77.6,8.97,1.37,12,Fog,High
18.13,63.7,9.99,7.87,10,Clear,Low
14.6,75.9,1.08,0.49,15,Snow,High
9.1,28.2,12.35,7.24,11,Clear,Low
16.02,53.9,12.06,10.19,17,Heavy Rain,High
45.0,70.2,13.07,1.66,23,Clear,High
25.01,85.1,6.19,14.83,5,Heavy Rain,High
27.59,68.6,11.89,16.01,4,Fog,High
25.13,91.2,12.06,36.35,14,Fog,Medium
32.75,80.6,7.05,20.36,23,Snow,High
12.72,56.2,12.17,22.59,20,Cloudy,Low
-9.66,62.5,10.39,3.92,9,Cloudy,Medium
12.74,72.4,3.91,5.63,19,Thunderstorm,Medium
24.74,56.9,10.75,9.33,21,Fog,Medium
3.36,92.6,6.7,28.08,7,Cloudy,Low
12.88,45.0,3.97,34.27,2,Cloudy,Medium
6.7,70.7,10.1,5.81,23,Clear,Low
33.02,78.2,8.8,6.72,3,Cloudy,Medium
23.99,59.4,13.21,16.9,0,Cloudy,High
22.82,55.3,9.55,10.23,7,Snow,High
22.46,63.6,11.34,10.45,18,Cloudy,Low
14.55,79.6,10.53,17.71,17,Clear,Medium
17.37,56.0,12.06,36.44,7,Clear,Medium
0.78,45.8,6.34,23.74,16,Clear,Medium
-11.24,85.7,9.6,28.82,22,Heavy Rain,High
16.8,72.2,8.58,4.6,0,Clear,Low
18.89,83.1,10.96,21.67,20,Thunderstorm,Medium
29.51,78.7,9.77,3.45,14,Clear,Medium
33.86,100.0,7.16,27.09,21,Heavy Rain,High
33.84,85.1,7.99,24.22,1,Clear,Medium
3.02,52.0,13.95,17.43,6,Rain,Low
10.77,73.5,3.92,5.31,9,Heavy Rain,High
20.76,55.0,11.13,7.65,19,Clear,Low
45.0,56.8,12.72,8.37,16,Cloudy,High
32.76,39.6,10.74,18.86,7,Heavy Rain,Medium
28.43,59.8,14.91,15.63,5,Clear,Low
10.35,74.8,11.82,24.78,10,Cloudy,Low
4.4,63.8,10.15,26.5,3,Cloudy,High
24.47,45.2,7.6,4.39,21,Heavy Rain,High
1.79,37.6,10.21,16.28,19,Cloudy,Low
12.14,100.0,11.05,16.17,17,Rain,Medium
13.62,70.9,9.01,11.14,11,Thunderstorm,Medium
34.11,50.2,6.77,20.48,15,Rain,Low
10.74,73.3,5.39,16.42,6,Clear,Low
-14.27,100.0,9.56,6.83,3,Clear,Medium
21.05,76.2,4.56,10.72,5,Cloudy,Medium
6.61,14.8,7.59,8.86,12,Cloudy,Low
15.51,100.0,1.7,5.45,23,Cloudy,High
13.96,31.7,11.5,11.23,2,Cloudy,Low
11.72,61.3,12.46,0.33,7,Fog,Medium
24.48,44.6,9.24,16.26,1,Heavy Rain,Medium
-3.39,51.7,14.49,24.64,10,Clear,Low
8.8,70.1,13.04,12.45,22,Cloudy,Low
23.21,27.7,10.44,20.52,1,Rain,Medium
7.63,63.4,8.66,13.4,14,Clear,Low
-4.31,85.7,7.95,2.8,3,Clear,Medium
23.02,49.8,10.69,30.06,0,Thunderstorm,High
28.48,40.0,8.58,9.8,12,Heavy Rain,High
14.46,62.5,10.64,12.09,11,Fog,Medium
-8.53,58.9,10.87,5.08,21,Heavy Rain,High
23.47,54.3,8.31,26.24,6,Rain,Medium
-4.92,43.6,12.29,13.94,15,Heavy Rain,High
18.71,74.3,8.31,35.0,3,Cloudy,Medium
4.35,75.7,9.06,12.32,13,Clear,Low
1.08,45.8,6.07,5.15,19,Clear,Low
9.7,48.3,8.19,3.39,9,Rain,Medium
12.8,67.5,15.0,21.96,3,Clear,Low
7.27,47.6,6.3,4.49,12,Snow,Medium
22.06,68.2,10.31,8.22,3,Cloudy,Low
9.65,91.4,7.64,23.05,15,Thunderstorm,High
26.76,63.9,2.36,21.48,5,Cloudy,Medium
18.37,43.2,10.68,6.51,15,Cloudy,Low
6.63,72.1,7.33,7.91,17,Clear,Medium
4.61,61.8,9.96,3.8,23,Clear,Low
-4.77,62.3,11.97,6.5,4,Cloudy,Medium
18.49,73.6,9.7,18.87,22,Clear,Low
10.74,77.4,9.98,19.87,7,Snow,High
-13.47,65.6,6.4,15.21,3,Clear,Medium
8.57,63.9,11.12,13.69,21,Fog,Low
4.19,100.0,8.43,5.64,13,Cloudy,Low
33.91,86.6,3.0,25.21,13,Cloudy,Low
-5.43,80.0,11.48,4.06,7,Thunderstorm,High
-2.3,67.4,12.4,7.78,4,Rain,Medium
28.32,46.9,13.44,13.45,1,Clear,Low
31.28,85.3,15.0,12.0,20,Clear,Low
6.06,67.6,11.32,11.98,0,Clear,Medium
7.41,54.6,10.54,7.33,12,Rain,Low
22.39,60.6,12.27,16.87,6,Rain,Medium
-12.93,47.6,6.34,1.06,20,Fog,High
-7.33,84.0,3.98,10.7,16,Clear,High
11.63,77.3,7.57,15.89,1,Clear,Low
33.6,68.3,12.83,9.01,3,Clear,Medium
9.77,64.2,7.02,12.04,3,Thunderstorm,Medium
16.21,52.7,10.4,13.94,17,Thunderstorm,High
28.61,26.7,10.72,3.85,2,Cloudy,Low
40.28,39.6,9.73,3.01,5,Cloudy,Low
8.08,51.6,5.17,13.21,11,Snow,Medium
14.8,48.9,10.03,6.52,4,Cloudy,Low
36.86,70.2,7.74,7.07,9,Thunderstorm,Medium
-3.27,79.6,14.11,17.12,7,Snow,High
27.33,62.7,12.41,3.1,9,Heavy Rain,High
2.78,90.4,7.84,9.72,0,Rain,Medium
16.23,50.9,14.3,26.91,8,Clear,Medium
12.09,62.6,10.03,22.89,12,Clear,Low
3.5,64.1,3.99,22.77,10,Snow,High
3.2,84.7,8.77,1.91,22,Clear,Low
18.32,66.9,13.91,11.3,9,Clear,Low
26.95,67.4,6.54,0.58,7,Snow,Medium
13.44,35.2,8.8,11.46,3,Clear,Low
15.84,48.8,4.92,8.87,14,Rain,Low
21.85,84.7,5.4,2.3,13,Rain,Low
3.34,27.6,6.5,16.53,1,Clear,Medium
23.88,89.2,5.32,9.67,20,Clear,Low
24.83,74.0,7.15,27.5,23,Clear,Medium
45.0,51.5,14.21,12.77,23,Clear,Medium
10.49,50.0,8.89,10.93,18,Clear,Medium
9.5,99.1,11.36,4.31,2,Snow,High
24.23,90.4,12.27,30.86,21,Fog,High
24.83,62.9,5.67,8.77,9,Clear,Low
8.58,67.4,6.51,14.16,20,Cloudy,Low
10.16,53.4,11.3,12.09,5,Cloudy,Low
21.49,67.4,7.1,24.75,16,Cloudy,Low
5.07,52.9,11.1,5.16,13,Thunderstorm,Medium
10.07,63.6,14.03,23.96,11,Clear,Low
16.08,97.6,4.63,23.34,8,Thunderstorm,High
26.95,63.3,7.93,12.06,1,Clear,Low
7.74,46.1,8.41,15.72,21,Cloudy,Low
-7.11,40.4,7.42,8.66,17,Fog,Medium
-8.0,67.3,7.18,3.17,22,Rain,Medium
-0.11,51.3,7.52,17.22,12,Heavy Rain,Medium
-0.76,69.4,8.95,14.22,7,Clear,High
13.14,35.8,9.49,14.41,14,Cloudy,Low
0.73,77.4,11.86,16.34,8,Clear,Medium
6.57,45.9,8.92,6.56,22,Cloudy,Low
5.71,65.8,12.35,25.44,12,Clear,Low
9.71,58.9,7.22,12.07,16,Rain,Medium
30.87,95.9,5.4,16.88,15,Cloudy,Low
22.94,68.1,8.09,9.55,9,Clear,Low
15.19,100.0,10.39,21.45,18,Rain,Medium
9.47,75.1,11.58,12.94,11,Clear,Low
9.8,90.7,13.38,11.23,2,Rain,High
18.93,61.2,9.87,22.87,9,Snow,High
22.01,71.2,11.26,3.51,1,Cloudy,Low
4.11,86.9,13.11,9.48,17,Rain,High
15.44,81.3,6.66,6.49,16,Snow,Medium
-9.38,74.6,8.37,15.36,21,Rain,Medium
17.54,59.1,15.0,14.84,11,Thunderstorm,Medium
24.15,62.1,11.57,11.89,23,Clear,Low
11.64,85.5,10.53,5.57,16,Cloudy,Low
36.8,89.2,11.68,11.78,9,Rain,Medium
4.43,54.3,4.99,14.91,7,Cloudy,Medium
17.61,51.6,7.06,10.39,22,Clear,Low
14.57,48.7,5.96,21.97,4,Cloudy,Medium
13.8,79.9,10.26,17.51,0,Rain,High
13.63,48.3,7.89,12.17,2,Heavy Rain,Medium
16.29,79.7,9.29,9.11,16,Rain,Low
25.18,74.8,8.07,10.04,18,Fog,High
31.53,55.2,4.12,17.67,12,Cloudy,Low
14.97,93.1,11.65,9.49,9,Snow,High
24.78,38.7,3.71,14.73,4,Clear,Medium
6.58,94.9,6.82,9.98,1,Thunderstorm,High
24.19,70.7,5.05,14.09,17,Snow,High
5.86,27.7,6.36,24.61,5,Fog,Low
28.09,93.7,9.61,19.08,23,Fog,Medium
41.53,82.5,12.71,0.34,20,Snow,Medium
13.53,57.3,4.32,2.92,18,Clear,Medium
-11.31,47.6,7.33,15.98,11,Fog,High
8.42,36.8,3.75,22.51,8,Clear,Medium
29.78,100.0,7.18,2.95,20,Snow,Medium
21.64,48.4,9.22,10.11,1,Cloudy,Medium
17.99,42.3,11.3,33.36,22,Clear,Low
27.1,69.8,2.64,9.58,19,Clear,Medium
20.81,35.5,10.65,34.73,1,Clear,Low
29.61,47.3,6.08,4.59,5,Rain,Medium
26.03,82.9,5.35,6.18,22,Rain,Low
33.26,73.4,9.2,5.67,15,Cloudy,Low
19.31,58.0,10.88,0.49,8,Cloudy,Low
25.86,65.3,8.7,3.22,19,Clear,Low
11.31,57.0,5.72,10.01,16,Cloudy,Low
7.78,63.9,8.7,13.3,22,Rain,Low
35.48,51.3,6.82,5.55,9,Rain,Medium
17.59,54.6,10.81,7.71,14,Clear,Low
24.66,54.0,12.23,25.01,14,Rain,Low
16.48,51.9,12.03,20.75,1,Thunderstorm,Medium
7.96,83.8,8.94,9.67,16,Snow,Low
15.13,78.9,12.37,15.87,17,Clear,Low
32.23,48.2,5.94,2.73,3,Snow,Medium
21.66,43.5,14.35,14.43,19,Clear,Low
-5.54,62.2,5.92,11.44,10,Clear,Low
12.42,100.0,2.91,8.63,10,Clear,Low
36.39,46.5,13.1,12.3,4,Cloudy,Medium
12.43,62.1,6.87,10.84,20,Snow,Medium
-6.61,66.6,9.35,0.18,2,Snow,High
37.72,63.0,5.91,27.12,23,Cloudy,High
23.19,56.8,15.0,20.56,14,Cloudy,Low
14.16,85.8,14.47,8.51,5,Clear,Low
10.54,73.2,13.64,3.85,16,Thunderstorm,High
27.99,80.2,9.27,10.11,17,Clear,Low
8.5,75.6,11.94,30.04,6,Clear,Low
28.78,81.1,8.84,10.44,21,Thunderstorm,Medium
21.51,93.5,12.37,18.87,0,Clear,Low
17.94,89.0,7.77,3.46,3,Clear,Low
16.75,100.0,13.75,9.23,23,Thunderstorm,Medium
12.9,86.9,7.62,9.69,18,Clear,Low
27.55,52.9,7.96,14.17,11,Clear,Low
4.62,80.3,7.6,12.81,7,Cloudy,Medium
-4.46,77.8,9.58,3.7,15,Clear,Low
22.37,99.6,7.84,3.61,16,Snow,High
22.57,47.6,10.46,11.27,1,Rain,High
20.76,75.0,7.56,3.79,10,Cloudy,Low
19.89,52.7,11.37,4.59,14,Clear,Low
11.15,74.2,13.56,10.61,14,Clear,Low
24.45,61.1,9.23,15.58,18,Fog,High
14.45,73.6,15.0,25.53,21,Clear,Low
9.15,39.6,12.38,7.71,1,Clear,Low
11.26,79.3,15.0,12.33,12,Clear,Low
39.25,68.7,8.82,4.81,12,Heavy Rain,High
-5.82,67.7,4.02,15.01,4,Snow,High
21.0,100.0,6.88,3.82,3,Clear,Low
-5.15,58.1,7.19,9.23,21,Clear,Medium
13.7,71.2,6.14,16.28,3,Snow,High
9.8,66.8,2.41,16.66,10,Clear,Low
-10.02,68.6,12.07,1.08,14,Cloudy,Medium
19.67,100.0,3.42,19.22,11,Cloudy,Medium
10.44,66.1,11.79,11.65,14,Cloudy,Low
-10.19,54.8,15.0,23.4,0,Clear,Medium
25.07,98.7,6.67,25.15,13,Snow,Medium
32.22,59.5,10.16,26.46,19,Clear,Low
32.88,36.1,7.8,0.82,12,Cloudy,Low
19.31,51.7,11.48,15.62,23,Rain,Medium
15.55,42.6,5.42,2.2,11,Heavy Rain,Medium
30.94,32.6,8.6,23.71,7,Rain,Medium
35.19,58.5,12.36,24.99,11,Cloudy,Low
28.6,63.7,8.85,20.8,7,Clear,Low
3.7,86.2,4.11,8.18,8,Cloudy,Medium
17.42,76.3,12.72,16.9,10,Cloudy,Low
20.27,75.5,5.11,7.03,6,Cloudy,Low
-6.72,48.9,9.24,12.12,0,Rain,Medium
20.63,80.9,10.75,11.17,6,Heavy Rain,Low
42.28,90.0,9.36,5.99,0,Clear,Low
22.68,72.1,15.0,4.71,21,Snow,Medium
32.68,72.6,11.2,32.44,20,Rain,Low
17.19,42.2,8.39,11.22,6,Cloudy,Low
14.12,84.0,10.81,13.44,21,Rain,Medium
19.58,97.1,9.63,11.92,8,Rain,High
5.21,70.8,9.13,8.31,8,Heavy Rain,Medium
3.43,54.3,9.73,12.32,12,Cloudy,Low
30.2,62.1,7.7,8.34,21,Cloudy,Low
31.47,57.4,9.64,8.55,17,Cloudy,Medium
3.11,58.5,7.48,19.08,15,Cloudy,Low
26.62,76.7,3.31,26.52,18,Clear,Medium
13.96,70.0,12.42,1.52,21,Fog,Low
19.08,83.1,7.3,8.28,17,Clear,Low
20.52,71.7,9.42,25.5,11,Rain,Low
26.93,49.4,6.72,5.06,7,Cloudy,Low
15.99,56.0,6.81,15.49,11,Snow,Medium
31.92,54.9,5.88,50.94,3,Cloudy,Medium
18.71,61.6,11.84,17.69,14,Clear,Low
22.49,97.3,12.57,12.62,19,Clear,Low
5.0,100.0,9.08,19.94,0,Cloudy,Medium
40.9,80.1,7.39,18.99,20,Cloudy,Low
20.64,67.1,3.92,6.04,15,Rain,Medium
23.56,40.5,11.39,3.63,21,Snow,Low
-4.3,69.0,6.97,17.35,16,Cloudy,High
5.13,50.8,5.65,18.69,20,Heavy Rain,Medium
29.85,94.3,9.09,9.32,18,Clear,Medium
18.44,36.1,8.0,26.81,8,Snow,High
-7.97,71.9,4.45,25.0,12,Clear,Medium
27.46,49.3,4.86,18.97,3,Heavy Rain,High
8.47,64.8,10.01,9.49,20,Clear,Low
31.94,77.0,7.03,6.82,16,Rain,Medium
13.95,83.4,10.53,10.43,14,Cloudy,Medium
17.46,63.9,9.44,4.53,15,Cloudy,Medium
29.15,78.7,12.14,9.21,16,Thunderstorm,Medium
4.23,53.1,6.5,17.82,5,Rain,Low
3.09,69.4,9.7,22.55,14,Clear,Low
12.64,83.0,10.91,5.56,14,Cloudy,Low
24.93,71.0,7.12,9.69,16,Clear,Low
-0.97,55.5,12.38,11.84,23,Cloudy,Medium
-5.02,60.0,4.0,9.37,8,Clear,High
24.88,83.3,6.5,0.41,4,Rain,Medium
7.76,45.3,3.89,23.98,23,Fog,High
10.29,48.0,6.79,0.16,9,Clear,Low
-7.28,75.8,8.54,5.54,6,Snow,High
6.85,57.1,11.49,0.37,9,Snow,High
14.91,38.8,8.53,16.33,18,Rain,Medium
26.16,89.3,7.21,9.6,5,Rain,Medium
5.75,45.2,4.35,5.07,0,Heavy Rain,High
34.89,61.4,5.36,16.75,18,Cloudy,Low
6.79,53.8,9.93,14.99,12,Thunderstorm,Medium
6.8,59.6,11.64,8.77,16,Cloudy,Low
33.45,49.1,7.74,16.66,6,Clear,Low
17.54,77.9,12.63,22.63,5,Rain,Low
8.38,67.0,6.15,10.89,11,Cloudy,Low
13.14,82.7,7.83,9.89,20,Clear,Low
31.24,54.0,8.08,29.04,17,Clear,Medium
32.59,100.0,13.59,5.61,10,Cloudy,Medium
5.2,30.7,9.4,10.51,3,Clear,Low
14.49,36.5,3.6,14.98,13,Clear,Low
16.08,96.6,11.85,12.44,1,Clear,Low
3.17,73.5,14.54,9.55,16,Rain,Medium
14.33,71.1,8.25,12.8,10,Clear,Low
15.06,72.8,6.31,26.12,20,Heavy Rain,Medium
28.68,75.3,11.59,19.27,23,Snow,Medium
29.49,70.4,14.89,11.33,5,Rain,Medium
11.05,47.6,11.55,4.22,2,Clear,Low
12.43,79.7,4.13,5.42,14,Cloudy,Low
22.97,76.9,11.26,20.55,1,Clear,Medium
7.98,90.7,10.21,2.34,16,Fog,High
22.06,96.8,6.14,33.63,21,Clear,Low
13.95,70.9,12.87,11.71,21,Clear,Low
3.37,42.9,10.32,0.41,18,Clear,Low
3.52,96.9,12.94,13.64,18,Thunderstorm,Medium
32.36,46.7,5.82,4.79,6,Clear,Low
13.12,71.1,10.2,8.23,21,Clear,Low
34.68,60.4,6.31,1.6,18,Clear,Low
8.84,57.2,9.74,9.85,1,Fog,Medium
18.49,78.8,13.43,7.1,14,Cloudy,Low
43.71,69.4,4.72,6.6,10,Fog,High
2.31,74.2,4.89,4.55,3,Thunderstorm,High
-7.77,50.3,11.87,7.48,7,Rain,High
30.44,61.9,8.96,5.12,22,Clear,Low
5.08,51.1,12.51,12.31,11,Thunderstorm,Low
14.75,61.4,6.58,19.99,3,Cloudy,Low
7.97,62.9,9.15,15.25,19,Cloudy,Low
18.22,98.2,11.06,23.69,5,Rain,Low
3.59,60.3,9.63,7.51,11,Rain,High
12.84,26.7,3.63,14.92,3,Thunderstorm,High
20.4,90.1,15.0,15.28,0,Thunderstorm,High
2.9,73.1,9.64,22.36,23,Cloudy,Medium
6.6,62.6,4.98,5.43,16,Clear,Low
10.83,57.1,9.94,19.1,14,Fog,High
-2.15,48.0,10.29,4.28,0,Clear,Low
9.93,99.9,11.98,6.87,14,Cloudy,Low
16.43,65.9,11.78,8.77,2,Clear,Low
10.21,33.7,8.36,16.08,3,Cloudy,High
11.74,70.9,3.83,2.22,17,Cloudy,High
14.76,86.7,10.38,3.47,12,Rain,Medium
7.13,67.8,4.07,6.19,19,Thunderstorm,High
23.29,48.8,12.65,12.44,8,Fog,Medium
32.23,47.2,6.8,3.57,7,Cloudy,Medium
9.43,48.5,10.9,14.38,19,Clear,Medium
20.82,92.4,7.03,8.78,13,Cloudy,Low
12.12,63.7,7.52,17.92,21,Cloudy,Low
19.39,34.8,6.6,12.57,13,Cloudy,Low
33.79,71.9,11.15,27.77,4,Fog,High
21.1,67.5,7.14,13.09,1,Cloudy,Low
-6.28,56.9,11.31,1.03,5,Clear,Medium
20.45,46.6,7.21,10.09,13,Rain,Medium
29.79,45.8,8.31,12.19,15,Clear,Low
12.34,84.6,9.11,3.82,0,Clear,Medium
26.95,69.5,9.46,25.65,6,Heavy Rain,High
6.72,73.6,6.23,9.21,19,Clear,Low
-2.83,69.4,11.11,6.2,9,Rain,High
16.69,70.9,8.19,13.63,17,Snow,High
-6.08,56.6,10.63,3.84,8,Clear,High
12.12,61.3,8.95,20.7,6,Cloudy,Low
30.44,86.0,10.76,18.89,16,Cloudy,Medium
-7.92,90.5,7.77,13.18,6,Rain,Medium
-0.35,43.0,6.63,17.32,15,Thunderstorm,High
2.62,61.3,10.28,7.5,4,Fog,High
14.24,80.1,7.52,1.52,18,Clear,Low
10.61,98.9,13.38,9.07,22,Cloudy,Low
31.79,97.1,9.2,7.49,21,Clear,Low
26.45,50.7,4.88,6.33,20,Clear,Low
20.94,88.0,7.24,2.48,0,Cloudy,Low
16.75,66.1,6.0,0.93,20,Clear,Low
19.72,83.8,12.22,2.52,14,Cloudy,Low
4.66,79.2,11.32,24.0,11,Rain,Medium
25.29,42.2,8.82,16.61,19,Cloudy,Low
1.66,74.9,9.87,20.68,19,Snow,High
25.02,83.1,8.74,16.59,22,Snow,Low
29.23,64.6,11.58,21.75,14,Rain,Low
17.53,60.6,10.56,12.24,16,Cloudy,Medium
12.89,36.7,11.1,25.64,7,Clear,Low
19.8,77.3,8.42,0.92,16,Clear,Low
-19.34,68.8,7.11,11.39,10,Clear,Medium
18.63,48.4,11.0,2.78,15,Thunderstorm,Low
13.64,59.1,13.65,23.18,9,Cloudy,Medium
14.39,67.8,12.32,15.78,4,Cloudy,Medium
23.48,54.9,13.74,22.68,8,Cloudy,Low
14.1,65.0,9.49,0.63,8,Rain,Medium
1.32,33.5,6.09,6.58,5,Fog,Medium
13.3,89.3,6.36,4.06,2,Clear,Low
15.81,65.3,13.14,15.25,9,Snow,High
16.38,45.2,3.41,8.15,12,Cloudy,Low
16.94,20.7,13.51,18.8,14,Clear,Low
27.47,83.5,6.64,12.28,14,Cloudy,Low
1.97,75.0,14.77,7.17,4,Cloudy,Medium
17.11,68.8,8.79,2.94,3,Clear,Low
30.48,80.5,11.17,12.74,3,Clear,Low
-5.82,80.5,15.0,16.19,16,Rain,High
17.16,68.5,8.01,7.95,16,Rain,Medium
7.98,60.4,7.96,11.25,12,Rain,Low
10.55,57.5,6.92,2.84,12,Cloudy,Low
4.14,72.6,5.99,2.01,15,Cloudy,Low
12.97,90.1,8.01,6.1,8,Fog,Medium
37.1,63.1,7.34,13.11,17,Fog,Medium
-0.17,91.6,5.25,5.64,21,Clear,Low
0.96,71.7,8.37,5.88,5,Clear,Low
-0.62,71.9,10.35,13.04,11,Rain,Medium
35.73,100.0,6.31,8.84,7,Clear,Medium
9.45,94.7,8.51,3.56,7,Heavy Rain,High
14.69,95.2,13.22,9.23,9,Clear,Low
10.17,50.6,4.74,8.87,5,Clear,Low
3.67,100.0,14.8,12.4,8,Snow,Medium
12.18,63.5,6.98,9.77,7,Clear,Low
44.5,60.9,9.6,13.49,19,Clear,Low
31.7,26.1,12.84,11.56,6,Snow,Medium
4.76,70.9,13.75,19.38,2,Clear,Low
22.77,45.5,10.41,26.26,20,Cloudy,Low
5.02,72.3,6.92,11.86,21,Cloudy,Low
-6.32,44.1,6.65,6.41,21,Clear,Medium
27.23,97.4,7.28,0.93,4,Clear,Low
28.92,74.9,14.67,17.82,9,Clear,Low
27.55,100.0,7.85,3.88,6,Cloudy,Low
9.36,46.6,9.97,33.13,6,Thunderstorm,Low
13.0,92.9,5.87,37.01,22,Rain,High
24.0,32.6,5.53,10.08,3,Rain,Medium
19.7,68.7,9.08,2.99,14,Rain,Low
10.28,53.6,8.03,17.88,17,Heavy Rain,High
-4.43,56.9,8.24,30.89,1,Cloudy,High
16.37,55.7,4.56,0.19,21,Thunderstorm,High
27.95,48.5,8.78,29.08,5,Rain,Medium
0.63,42.3,13.65,4.64,9,Rain,Low
22.67,57.0,6.44,1.09,12,Clear,Low
18.98,67.1,11.69,14.78,20,Heavy Rain,Medium
24.0,85.9,0.1,21.15,23,Cloudy,High
25.46,70.3,6.59,11.4,5,Heavy Rain,Medium
6.67,86.0,3.27,16.04,9,Snow,High
-4.4,38.4,12.71,21.94,14,Clear,Low
8.6,57.2,11.64,22.98,9,Cloudy,Low
25.67,77.8,5.9,6.4,1,Fog,Medium
8.5,71.2,9.87,4.23,18,Clear,Low
6.67,49.5,12.61,21.48,13,Heavy Rain,Medium
-6.86,81.8,13.07,16.09,3,Cloudy,Medium
36.03,55.4,7.78,17.3,15,Cloudy,Medium
24.91,51.0,2.37,6.05,21,Fog,Medium
24.24,73.8,6.3,17.74,15,Rain,Low
26.61,65.1,11.3,2.15,11,Cloudy,Low
21.92,55.6,15.0,14.23,18,Rain,Low
12.07,55.0,8.84,13.01,6,Clear,Low
13.03,45.7,7.18,13.07,2,Clear,Low
9.87,57.9,15.0,19.03,11,Rain,Low
45.0,84.8,10.22,2.82,6,Snow,Medium
21.67,69.4,5.32,18.09,11,Rain,Medium
9.43,82.3,8.64,12.19,16,Cloudy,Medium
20.59,74.3,12.0,4.88,20,Clear,Low
2.87,54.0,8.79,0.1,14,Clear,Low
33.05,35.3,11.38,29.0,14,Clear,Low
7.07,48.3,4.18,11.37,22,Thunderstorm,High
21.01,52.9,4.7,8.81,21,Cloudy,Low
27.79,51.5,6.8,1.71,18,Heavy Rain,Medium
19.62,82.7,8.15,21.8,21,Clear,Low
16.13,82.5,10.0,21.1,11,Cloudy,Low
15.13,100.0,10.91,19.37,18,Clear,Low
14.32,51.3,15.0,11.45,12,Thunderstorm,Medium
8.08,93.8,6.78,18.76,14,Clear,Low
9.61,93.6,8.06,4.59,15,Clear,Low
32.76,60.8,6.87,13.96,1,Clear,Low
13.7,73.5,12.24,11.51,0,Clear,Medium
5.57,87.3,12.4,14.4,22,Clear,Low
8.8,63.9,7.66,4.32,8,Thunderstorm,High
28.2,62.5,15.0,28.83,1,Fog,Medium
23.11,53.7,6.87,26.57,2,Cloudy,Medium
21.72,22.5,12.09,1.65,0,Snow,High
11.91,66.3,13.36,17.2,5,Cloudy,Low
21.88,52.2,4.92,1.38,17,Fog,Medium
7.28,45.6,10.73,12.75,19,Clear,Low
11.88,72.6,0.82,7.76,1,Cloudy,Medium
26.64,38.9,11.47,9.37,13,Clear,Low
25.49,79.5,5.7,7.61,15,Fog,Medium
3.22,73.7,10.7,22.41,20,Cloudy,Low
4.73,57.8,11.26,27.02,21,Clear,Low
16.3,63.9,12.36,27.22,21,Clear,Low
35.71,43.6,11.67,22.42,17,Cloudy,High
-7.99,78.5,9.17,12.74,19,Cloudy,Medium
18.34,68.4,7.86,15.49,17,Rain,Medium
-1.51,69.7,8.78,15.45,18,Heavy Rain,High
7.39,74.0,5.65,1.38,21,Rain,Low
10.63,53.4,8.36,22.31,3,Cloudy,Medium
9.95,37.7,8.13,18.21,2,Cloudy,Medium
8.59,82.2,6.64,18.63,6,Thunderstorm,Medium
15.09,77.4,3.78,8.53,22,Cloudy,Medium
8.58,55.4,5.17,16.07,16,Cloudy,Low
-2.55,72.4,0.1,21.05,11,Rain,High
24.36,87.6,8.08,11.86,7,Rain,Medium
24.03,85.5,10.08,7.49,4,Fog,Medium
25.12,54.8,0.95,0.26,9,Cloudy,High
-3.49,38.2,9.71,0.91,22,Cloudy,Low
18.59,41.3,8.63,13.39,22,Rain,Medium
23.11,59.4,5.47,9.89,23,Rain,Medium
2.63,91.3,7.71,9.76,16,Clear,Low
15.11,51.9,12.15,25.76,14,Fog,Low
13.6,54.3,6.08,0.7,2,Clear,Low
37.11,53.9,9.24,8.89,14,Clear,Low
38.09,55.4,10.04,27.25,17,Rain,Medium
-4.97,64.8,6.53,9.19,10,Clear,Low
44.93,42.0,12.02,12.6,19,Clear,Low
4.02,84.5,10.21,10.42,14,Fog,Medium
26.77,62.4,8.24,18.35,21,Rain,Medium
26.65,100.0,15.0,6.5,2,Fog,High
3.05,43.9,12.04,10.17,16,Clear,Low
20.92,93.6,3.94,12.49,8,Clear,Low
13.71,90.0,7.83,3.02,2,Clear,High
21.65,57.6,15.0,15.09,7,Clear,Low
17.77,57.9,6.05,19.08,18,Cloudy,Medium
29.36,48.4,9.2,16.07,4,Thunderstorm,Medium
15.9,48.6,12.69,28.01,15,Cloudy,Low
12.99,65.0,10.96,8.1,4,Rain,Medium
28.15,65.4,11.39,16.49,10,Rain,Low
21.96,36.2,11.21,16.28,3,Clear,Medium
23.78,100.0,9.08,9.88,18,Clear,Low
7.02,60.3,6.62,22.2,20,Rain,Low
2.46,66.2,10.3,14.59,12,Clear,Low
8.19,53.7,7.79,1.19,9,Cloudy,Low
7.55,60.2,7.56,18.76,22,Rain,Low
24.43,58.6,13.45,7.51,22,Cloudy,Low
26.71,64.9,7.86,9.1,22,Clear,Low
13.14,64.7,14.12,9.76,18,Rain,Medium
32.17,79.5,9.77,18.62,5,Cloudy,Medium
31.42,69.1,8.52,21.71,3,Cloudy,High
17.92,77.7,3.55,10.56,10,Clear,Low
5.14,64.8,15.0,10.05,13,Heavy Rain,Low
33.9,69.2,8.98,6.42,4,Rain,Medium
14.27,60.7,2.19,5.61,3,Thunderstorm,High
16.51,83.1,11.96,3.48,7,Heavy Rain,High
10.92,70.8,8.85,14.8,8,Rain,Medium
4.32,62.2,6.21,11.04,5,Rain,Medium
-2.62,61.6,11.79,3.82,11,Cloudy,Low
22.59,63.0,1.35,13.37,12,Cloudy,High
5.6,65.5,6.86,11.39,2,Rain,Medium
45.0,64.0,8.1,10.86,0,Cloudy,Medium
1.97,54.9,11.56,21.97,0,Thunderstorm,High
-0.09,78.8,15.0,21.1,18,Cloudy,Medium
21.12,79.9,8.27,9.86,19,Clear,Low
33.35,97.1,10.38,15.17,3,Clear,Low
15.78,54.1,15.0,9.07,22,Clear,Medium
21.87,77.0,9.01,2.44,6,Fog,Medium
-7.12,30.6,10.4,31.47,21,Clear,Low
6.87,79.9,5.29,18.75,4,Snow,High
2.12,38.8,14.88,20.47,19,Cloudy,High
-7.74,47.3,6.86,9.44,8,Fog,High
16.4,71.0,9.81,22.13,18,Cloudy,Medium
-11.91,53.8,9.72,0.33,1,Snow,High
-0.87,51.3,9.26,9.79,13,Rain,High
8.55,56.3,7.7,18.66,20,Clear,Low
5.02,78.1,9.72,6.36,3,Cloudy,Low
19.76,48.2,14.27,20.2,9,Clear,Low
18.67,64.0,15.0,14.73,21,Clear,Low
25.73,58.2,8.47,13.89,22,Clear,Low
24.03,79.8,7.65,5.52,12,Clear,Low
28.69,80.3,6.57,15.64,1,Cloudy,Medium
14.98,32.0,15.0,29.39,22,Rain,Medium
18.64,83.8,9.39,13.58,4,Thunderstorm,Medium
21.14,54.0,12.35,17.0,9,Cloudy,Low
16.7,69.3,11.09,18.33,20,Heavy Rain,Low
10.23,48.1,15.0,1.7,2,Cloudy,Low
11.01,71.7,8.26,10.81,11,Cloudy,Low
5.19,100.0,5.68,10.53,14,Cloudy,Low
20.06,67.3,14.58,7.12,1,Snow,High
13.87,56.7,11.71,19.1,11,Clear,Low
7.04,60.8,10.37,3.61,1,Clear,Low
7.05,38.6,13.61,18.12,15,Rain,High
0.48,91.1,10.54,5.18,21,Clear,Low
26.75,70.6,13.71,30.38,4,Clear,Medium
15.94,46.1,9.74,9.49,6,Clear,Low
4.65,46.7,11.71,29.29,3,Clear,Low
24.7,65.3,10.58,10.45,9,Clear,Medium
8.27,81.8,8.02,11.52,0,Cloudy,Low
-1.88,44.3,8.38,26.1,21,Thunderstorm,High
27.25,85.0,7.82,3.74,2,Heavy Rain,High
8.55,63.4,9.8,12.45,16,Clear,Low
10.09,48.3,7.63,16.86,7,Clear,Low
15.49,56.6,10.31,15.63,18,Thunderstorm,Medium
28.71,96.5,10.21,12.39,1,Rain,High
15.24,40.0,9.62,11.15,11,Rain,Medium
0.61,51.8,9.67,19.62,2,Rain,High
21.53,82.1,7.3,13.59,16,Clear,Low
9.18,68.9,8.15,20.7,4,Clear,Low
37.66,50.8,3.99,15.53,14,Cloudy,Medium
14.99,82.4,8.64,17.85,9,Cloudy,High
-11.82,83.2,6.04,22.2,4,Thunderstorm,High
19.29,71.0,9.3,9.21,4,Clear,Medium
38.34,54.0,6.86,21.96,13,Clear,Low
33.91,56.8,2.85,10.59,5,Fog,Medium
36.97,70.1,15.0,0.61,22,Snow,High
2.76,41.4,8.31,9.04,18,Clear,Low
25.95,88.9,13.34,5.5,8,Cloudy,Medium
6.34,95.6,7.42,15.38,9,Rain,High
17.69,60.8,14.09,9.43,11,Clear,Low
-0.28,71.4,5.54,13.15,19,Snow,High
7.27,86.3,9.53,21.13,9,Clear,Low
6.89,100.0,5.72,25.37,9,Clear,Low
25.78,93.0,15.0,14.63,16,Cloudy,Low
24.61,33.8,8.25,21.77,6,Rain,Low
18.32,59.3,11.49,10.41,15,Thunderstorm,Medium
-1.21,74.0,10.35,2.07,9,Rain,Medium
11.26,56.1,8.92,1.39,11,Clear,Low
6.05,97.1,10.55,10.24,18,Rain,Medium
25.44,94.3,13.08,19.16,1,Clear,Low
29.14,50.3,11.0,10.26,15,Clear,Low
27.68,62.1,9.49,22.67,6,Clear,Low
5.94,51.5,10.56,28.48,0,Clear,Low
-17.87,61.5,14.75,4.01,7,Cloudy,High
-6.2,60.9,7.75,31.12,18,Heavy Rain,High
32.06,82.2,3.44,2.71,17,Clear,Medium
10.18,49.0,5.71,28.64,6,Cloudy,Low
5.99,17.9,5.93,11.7,9,Clear,Low
34.71,36.1,6.36,9.9,20,Cloudy,Medium
30.18,46.5,6.46,11.93,9,Cloudy,Low
15.29,53.2,8.93,4.8,6,Clear,Low
11.48,68.4,9.74,25.51,10,Snow,High
13.41,45.6,9.71,5.77,18,Cloudy,Medium
17.73,43.2,6.81,6.92,10,Thunderstorm,High
34.2,48.3,11.98,0.41,12,Thunderstorm,High
20.07,44.9,10.6,5.42,17,Clear,Low
23.71,55.0,13.74,5.7,20,Fog,Low
29.03,54.2,11.54,5.09,16,Rain,Medium
0.96,77.4,7.95,10.42,9,Cloudy,Low
24.06,47.2,12.92,1.97,18,Snow,Medium
11.47,58.6,9.82,26.35,18,Cloudy,Low
-15.19,55.2,11.39,10.62,4,Cloudy,High
-10.54,79.6,11.16,15.37,16,Cloudy,Medium
2.78,62.2,8.63,19.76,17,Snow,High
21.37,83.9,9.31,30.22,7,Fog,High
16.37,44.3,8.61,20.19,7,Clear,Medium
17.21,64.1,6.44,9.77,16,Rain,Medium
38.41,54.6,2.57,2.35,0,Clear,High
-0.23,42.9,6.92,15.04,6,Fog,High
14.67,63.8,9.6,21.56,15,Clear,Low
18.65,96.2,12.26,13.28,10,Clear,Low
6.16,49.6,11.39,12.59,0,Heavy Rain,High
15.34,62.7,8.16,13.92,3,Rain,High
-4.2,41.4,6.96,4.83,2,Cloudy,Medium
31.92,38.7,8.46,13.32,12,Rain,Medium
6.82,50.8,6.07,18.59,0,Heavy Rain,High
39.38,56.9,2.65,11.59,18,Clear,Medium
14.61,57.7,4.36,22.11,14,Clear,Low
27.34,60.9,13.12,22.41,12,Cloudy,Low
14.36,35.3,14.57,7.46,4,Rain,Medium
14.63,53.7,11.26,15.98,4,Rain,Low
7.99,74.0,8.83,12.38,19,Cloudy,Low
16.43,40.6,4.82,6.26,14,Rain,Medium
18.82,58.6,8.52,10.32,8,Clear,Low
5.59,70.3,10.84,2.72,5,Cloudy,Low
13.5,50.9,11.49,13.21,8,Cloudy,Low
7.68,71.1,11.07,18.14,7,Clear,Low
42.6,37.6,12.63,10.04,12,Fog,Medium
13.92,81.0,14.83,3.9,6,Thunderstorm,Medium
33.54,71.6,7.78,14.11,18,Cloudy,Low
12.65,66.0,15.0,33.99,1,Clear,Low
18.11,85.2,2.94,7.55,16,Clear,Low
-0.86,59.1,6.67,14.1,0,Cloudy,Medium
9.64,53.9,9.6,7.11,4,Thunderstorm,High
17.53,89.7,10.65,8.17,22,Clear,Low
34.03,98.1,8.46,11.06,18,Cloudy,Low
17.66,52.5,7.51,8.9,23,Cloudy,Medium
31.6,63.0,15.0,17.42,12,Cloudy,Low
22.69,83.8,7.37,9.82,3,Rain,Medium
34.53,63.6,5.94,7.46,23,Rain,High
14.29,75.7,14.07,23.52,18,Heavy Rain,High
43.68,79.0,11.55,22.16,12,Cloudy,Low
9.18,54.9,12.28,6.54,18,Clear,Medium
5.8,72.5,9.59,12.45,6,Rain,Low
0.48,64.9,4.87,22.96,18,Rain,High
42.97,43.1,9.25,21.3,18,Clear,Medium
24.83,47.2,4.46,24.22,3,Snow,High
10.99,53.3,9.73,15.37,0,Heavy Rain,High
29.99,81.7,10.96,18.93,20,Cloudy,Low
23.25,82.3,12.23,24.68,17,Thunderstorm,High
38.59,78.5,8.72,8.91,7,Rain,Medium
-3.57,72.9,11.24,15.97,13,Fog,High
11.82,72.4,6.29,7.32,0,Rain,High
9.45,70.0,11.9,2.22,4,Rain,Medium
-8.68,72.3,11.02,16.5,2,Clear,Medium
27.72,73.6,6.6,17.87,0,Cloudy,Low
11.76,39.7,10.59,8.51,3,Rain,High
23.88,50.8,12.27,6.54,1,Snow,Medium
43.32,46.5,9.24,8.8,22,Fog,Medium
10.76,84.9,6.53,13.73,1,Clear,Low
9.95,94.8,9.53,8.82,3,Rain,High
16.42,26.0,10.66,16.19,11,Clear,Low
26.85,93.2,6.51,12.29,14,Rain,Medium
8.2,66.6,5.98,14.23,16,Clear,Low
7.43,83.2,10.56,10.89,2,Cloudy,High
27.69,74.1,11.47,0.45,3,Cloudy,Low
19.54,90.9,15.0,2.12,0,Snow,High
-9.54,68.8,11.0,25.71,3,Rain,High
0.3,40.5,5.37,6.22,4,Clear,Medium
33.01,63.1,15.0,19.27,19,Rain,Medium
19.82,74.3,12.16,2.26,14,Rain,Low
5.85,61.1,2.98,11.87,5,Cloudy,Low
12.96,76.8,5.91,8.03,2,Clear,Medium
15.16,63.8,7.53,9.41,19,Fog,Medium
23.83,54.3,11.51,8.94,17,Clear,Low
-1.3,45.5,1.86,25.0,2,Clear,High
4.91,57.9,8.64,29.35,13,Rain,Low
18.28,68.7,11.34,14.14,20,Clear,Low
13.8,29.7,0.5,8.29,6,Cloudy,High
21.86,51.0,11.24,0.04,17,Clear,Low
0.25,29.1,11.6,0.58,9,Cloudy,Medium
19.29,53.9,6.46,25.04,3,Cloudy,Low
28.1,86.6,5.54,1.22,6,Cloudy,Low
20.84,43.6,6.41,8.04,8,Clear,Low
16.67,77.7,0.98,13.4,0,Cloudy,High
13.85,100.0,8.02,11.41,7,Rain,Low
4.98,91.2,9.66,0.74,23,Rain,Medium
14.14,67.4,5.34,0.05,3,Clear,Medium
30.12,80.5,11.92,6.01,0,Cloudy,Low
13.57,40.3,9.31,14.33,9,Cloudy,Low
4.32,36.7,9.78,21.25,23,Clear,Medium
9.09,65.5,7.79,6.03,16,Cloudy,Medium
17.41,72.2,11.23,7.85,12,Rain,Low
10.52,84.7,12.87,10.92,17,Fog,High
20.82,54.8,7.78,4.75,0,Clear,Medium
21.27,68.5,11.28,15.76,4,Cloudy,Medium
25.67,67.9,11.32,16.04,20,Fog,Low
32.08,62.6,10.25,12.49,17,Cloudy,Low
26.95,63.7,14.03,17.75,11,Fog,Medium
3.79,49.6,6.82,13.14,6,Rain,Medium
4.16,70.0,7.74,14.33,5,Snow,Medium
14.09,68.5,6.67,22.62,1,Heavy Rain,Medium
9.59,57.1,11.18,4.08,21,Clear,Low
1.34,77.0,8.18,0.7,4,Heavy Rain,High
9.7,83.5,6.91,11.37,19,Clear,Low
9.31,77.2,13.99,8.89,8,Heavy Rain,High
6.94,46.2,14.43,10.1,21,Cloudy,Low
11.21,66.8,8.01,19.61,0,Rain,Medium
29.14,48.6,4.9,15.57,12,Clear,Low
17.39,66.7,14.59,12.71,2,Clear,Medium
44.66,48.7,10.41,9.91,0,Clear,Low
17.05,88.0,10.26,8.15,8,Cloudy,Low
11.52,79.1,9.32,7.63,15,Clear,Low
15.05,85.8,6.6,14.06,22,Clear,Low
18.08,83.9,7.76,1.96,3,Snow,High
20.22,60.1,11.03,25.17,15,Heavy Rain,High
39.92,57.3,7.66,5.36,19,Cloudy,Medium
4.86,96.4,10.3,17.02,22,Rain,Medium
25.31,62.0,9.04,12.72,6,Clear,Low
17.49,40.6,5.83,1.62,0,Rain,High
-3.85,83.1,13.86,23.63,22,Cloudy,Medium
24.25,67.6,10.78,21.73,20,Clear,Low
30.21,92.1,9.99,2.14,6,Rain,Medium
4.71,69.4,10.67,11.34,3,Thunderstorm,Medium
14.89,64.6,3.62,13.87,12,Clear,Low
-5.7,92.5,7.52,6.64,5,Clear,Medium
-0.11,37.3,4.42,7.08,13,Heavy Rain,High
27.58,54.5,9.37,4.5,2,Clear,Medium
9.4,49.0,9.98,0.18,22,Cloudy,Low
1.69,25.5,9.42,2.61,9,Clear,Medium
17.75,80.7,12.54,0.18,3,Clear,Low
8.73,55.0,4.51,10.9,4,Rain,Medium
9.35,81.3,6.6,3.97,15,Thunderstorm,Medium
23.87,72.0,10.24,22.03,17,Rain,High
1.06,75.9,9.79,13.62,2,Snow,High
4.14,56.8,5.05,19.15,18,Clear,Medium
16.85,51.2,12.59,3.19,22,Clear,Low
26.63,66.6,13.63,6.35,6,Cloudy,Low
29.86,81.5,10.28,13.23,14,Clear,Low
7.02,64.1,4.47,16.08,19,Rain,Medium
26.25,52.4,9.48,6.17,22,Thunderstorm,Low
5.59,43.4,10.02,7.49,3,Clear,Low
36.91,68.7,8.18,8.48,21,Fog,Medium
1.39,55.0,13.04,9.32,0,Cloudy,Medium
30.94,63.7,8.65,31.48,13,Clear,Low
7.12,60.7,15.0,14.82,3,Cloudy,Low
39.16,57.0,11.35,12.36,2,Cloudy,Medium
22.1,70.3,9.83,0.67,5,Heavy Rain,Medium
2.81,75.0,11.76,0.88,3,Heavy Rain,High
8.73,100.0,13.59,10.08,1,Rain,Medium
24.37,78.6,11.7,22.17,7,Rain,Medium
27.63,93.7,8.77,10.21,2,Rain,Medium
14.15,50.3,7.02,10.59,9,Clear,Low
15.54,36.2,5.63,5.3,7,Fog,Medium
24.1,64.7,1.68,3.68,12,Clear,Medium
16.58,80.4,9.52,15.93,20,Rain,Low
-0.52,77.6,7.84,9.71,3,Heavy Rain,High
5.24,86.8,8.0,16.01,20,Clear,Low
17.82,19.3,12.09,13.39,12,Cloudy,Low
29.59,87.6,8.66,3.32,23,Clear,Medium
34.39,71.0,14.69,14.03,9,Clear,Low
24.35,37.2,7.28,0.38,2,Rain,Medium
18.45,78.0,6.09,13.96,5,Fog,Low
23.99,68.1,5.23,11.43,0,Clear,Medium
7.0,71.9,11.17,25.87,20,Snow,Medium
13.16,83.0,12.45,4.2,13,Cloudy,Low
5.11,72.7,7.22,0.06,21,Heavy Rain,Medium
0.02,38.5,5.81,8.28,14,Snow,High
19.0,62.4,13.59,17.48,22,Rain,Medium
17.23,35.9,4.65,13.18,5,Cloudy,Medium
23.25,76.7,12.03,19.88,7,Rain,Medium
21.55,90.2,7.29,10.12,19,Rain,Medium
17.91,42.7,10.19,1.72,19,Snow,Medium
21.68,52.9,12.23,8.69,22,Cloudy,Low
14.49,49.1,10.43,5.33,21,Snow,Medium
19.95,56.8,8.11,0.97,7,Cloudy,Medium
6.29,72.4,13.19,5.45,16,Heavy Rain,Medium
19.44,57.0,9.87,18.57,22,Rain,Low
23.02,76.7,15.0,6.96,6,Clear,Low
6.96,84.2,3.88,8.48,2,Cloudy,Medium
15.62,84.8,3.84,19.6,12,Heavy Rain,High
7.52,44.9,11.98,12.5,11,Rain,Low
8.68,89.9,8.9,2.03,16,Cloudy,Low
1.5,91.4,11.38,18.06,4,Heavy Rain,High
30.19,92.9,5.7,25.35,10,Fog,High
27.79,62.2,9.16,16.53,14,Clear,Low
21.45,51.5,10.37,4.21,13,Clear,Low
38.67,47.3,7.37,1.26,1,Thunderstorm,High
12.73,45.2,9.7,3.89,2,Clear,Low
45.0,65.2,4.92,12.93,12,Snow,High
12.27,80.3,10.18,24.84,8,Cloudy,Low
18.06,88.5,13.34,5.17,4,Cloudy,Low
10.23,56.3,5.29,6.16,19,Rain,Medium
19.47,64.3,5.11,21.19,10,Heavy Rain,Medium
25.03,63.1,12.57,8.09,13,Clear,Low
13.63,53.6,5.05,27.43,16,Clear,Medium
36.32,78.2,11.52,10.67,17,Heavy Rain,High
17.87,71.5,9.17,22.51,8,Rain,High
18.25,67.6,7.75,15.45,0,Clear,Medium
4.09,71.4,13.4,18.36,12,Clear,Low
20.02,76.1,11.78,10.41,5,Rain,Low
13.39,75.9,9.84,11.0,23,Rain,High
7.7,49.9,2.54,15.77,21,Heavy Rain,High
5.68,81.1,11.14,19.18,21,Snow,High
45.0,69.6,5.79,16.73,18,Rain,High
11.84,57.2,8.34,3.91,23,Rain,High
-2.48,69.2,9.02,14.32,22,Cloudy,Low
6.62,71.2,14.69,6.09,4,Cloudy,Low
14.38,84.5,8.24,7.09,14,Thunderstorm,High
21.56,46.2,4.73,16.12,11,Clear,Low
21.66,88.8,13.41,27.28,0,Cloudy,Medium
23.12,65.4,11.18,9.91,18,Clear,Low
7.26,55.9,11.29,29.76,2,Rain,Medium
19.09,55.3,13.47,2.13,22,Heavy Rain,Medium
4.49,47.0,14.17,23.09,16,Clear,Low
7.56,33.7,6.32,15.88,5,Heavy Rain,Medium
3.99,77.2,4.83,13.88,0,Rain,Medium
0.74,100.0,11.53,24.45,23,Fog,High
27.77,35.9,8.21,6.27,19,Snow,Medium
23.26,47.9,8.48,23.5,10,Heavy Rain,Medium
26.72,78.5,5.63,10.13,19,Clear,Low
15.47,64.2,10.75,6.22,18,Thunderstorm,High
24.32,80.0,10.21,0.06,14,Heavy Rain,Medium
-6.14,63.2,8.53,26.27,12,Snow,High
25.36,54.5,4.83,22.27,1,Heavy Rain,High
17.13,60.9,12.63,7.7,7,Snow,Medium
22.53,22.1,9.77,16.91,7,Rain,Medium
19.56,44.4,12.35,13.14,2,Clear,Low
3.16,82.1,2.69,8.82,17,Cloudy,Medium
-2.98,86.5,9.17,20.68,3,Clear,High
6.46,90.3,6.85,6.37,6,Clear,Low
21.78,72.9,9.11,7.72,15,Clear,Low
23.28,24.4,11.83,14.34,12,Rain,Medium
-1.42,53.6,10.11,12.6,13,Heavy Rain,High
3.23,88.8,9.05,6.66,20,Snow,High
6.32,94.2,9.04,3.97,10,Snow,Medium
10.71,89.5,4.32,2.03,14,Clear,Low
-1.34,60.7,6.28,8.74,15,Heavy Rain,High
-2.06,41.5,12.36,4.12,3,Fog,High
5.14,64.3,7.48,20.68,12,Heavy Rain,Medium
16.04,65.3,12.42,16.65,13,Clear,Low
0.83,93.2,11.48,7.64,3,Thunderstorm,High
13.61,69.1,11.64,16.7,3,Cloudy,Low
27.7,65.3,10.0,11.03,6,Cloudy,Low
-0.62,66.3,7.69,9.57,10,Clear,Low
12.52,72.2,8.55,11.51,10,Snow,Medium
27.3,76.3,10.92,27.94,5,Snow,Medium
9.98,52.0,2.62,17.8,9,Snow,High
8.12,46.0,12.73,9.31,6,Clear,Low
28.96,89.7,7.5,20.04,21,Clear,Low
11.33,35.5,8.74,19.72,15,Thunderstorm,Medium
28.25,94.5,8.77,14.34,22,Snow,High
20.15,30.6,8.88,9.04,15,Snow,Low
10.89,54.5,5.06,8.45,12,Heavy Rain,Medium
20.76,82.5,9.46,2.32,11,Clear,Low
18.85,65.0,10.78,13.62,6,Cloudy,Low
27.25,41.3,2.87,6.51,4,Clear,Medium
8.42,72.7,5.1,8.07,19,Cloudy,Low
15.49,66.2,11.69,17.62,9,Clear,Low
14.26,61.1,11.13,27.18,4,Cloudy,Low
23.45,53.8,9.9,15.37,10,Rain,Low
2.7,64.4,6.95,11.05,11,Snow,Medium
27.2,54.5,11.15,11.83,16,Clear,Low
20.6,100.0,5.39,22.24,23,Fog,High
-0.8,60.7,8.59,15.49,23,Clear,High
29.5,58.3,5.08,13.74,20,Fog,Low
41.81,55.3,8.51,14.38,19,Cloudy,Medium
27.02,97.0,5.91,0.86,22,Clear,Low
32.12,35.5,11.27,15.51,17,Heavy Rain,High
16.02,71.5,10.3,4.12,2,Clear,Low
-4.94,60.7,7.29,15.55,5,Rain,High
-7.13,39.4,12.27,5.38,11,Heavy Rain,High
18.06,50.3,6.13,17.32,18,Cloudy,Low
7.9,70.7,8.89,10.62,18,Rain,Medium
4.03,49.4,7.16,1.69,21,Cloudy,Low
14.25,69.7,11.23,9.38,3,Clear,Medium
22.39,96.1,10.93,31.85,14,Rain,High
-2.43,68.1,12.91,8.46,18,Thunderstorm,High
9.61,38.8,9.25,13.5,9,Cloudy,Medium
33.12,49.8,0.12,2.9,8,Clear,High
2.1,59.9,7.71,24.39,15,Clear,Low
25.44,58.7,13.7,19.35,21,Rain,Medium
9.18,67.7,8.03,13.67,10,Thunderstorm,Medium
21.55,70.6,3.25,20.26,10,Snow,High
28.17,96.1,10.35,14.2,1,Heavy Rain,High
23.9,64.9,10.57,12.06,6,Cloudy,Low
25.91,44.3,6.82,6.61,1,Rain,High
1.18,85.8,8.26,8.75,22,Cloudy,Medium
28.36,87.7,6.46,7.82,20,Clear,Low
4.77,69.2,10.57,12.09,17,Cloudy,Low
18.11,60.6,9.17,5.03,5,Cloudy,Low
18.1,76.2,5.5,21.27,11,Snow,Medium
20.82,61.2,8.97,29.52,0,Heavy Rain,High
19.04,28.0,6.8,8.11,23,Cloudy,Low
4.87,75.1,13.38,22.57,1,Cloudy,Low
-1.2,81.1,11.68,10.79,14,Heavy Rain,High
25.47,90.9,8.63,6.58,11,Clear,Low
17.23,51.8,9.24,8.56,14,Cloudy,Low
28.79,69.1,12.04,12.77,1,Fog,Medium
14.46,69.5,8.48,5.51,8,Heavy Rain,High
-1.86,66.5,11.28,17.46,19,Fog,High
26.59,67.1,13.43,7.33,20,Snow,Low
10.56,65.7,7.53,2.34,9,Heavy Rain,High
19.1,68.8,13.94,11.82,14,Clear,Low
7.23,78.3,13.07,5.75,19,Cloudy,Medium
34.73,87.0,9.75,9.05,14,Cloudy,Low
4.48,51.4,7.67,11.51,10,Cloudy,Low
10.95,61.9,9.71,0.06,22,Heavy Rain,Medium
16.29,57.4,8.27,25.13,23,Cloudy,High
1.89,54.8,6.62,19.31,6,Clear,Medium
18.97,35.9,10.6,6.33,1,Cloudy,Medium
34.34,65.4,5.93,11.83,18,Heavy Rain,High
9.11,73.6,7.98,17.72,2,Cloudy,Low
19.74,62.2,8.02,13.88,19,Clear,Low
-17.99,64.8,4.9,28.92,18,Rain,High
14.53,72.5,10.98,9.85,1,Clear,Low
11.24,90.4,8.31,22.7,13,Clear,Low
5.18,57.4,12.9,0.01,17,Clear,Low
27.98,43.9,8.27,1.37,1,Heavy Rain,Medium
11.09,63.4,7.78,27.16,19,Clear,Medium
12.87,98.9,6.29,8.11,2,Clear,Low
10.47,44.1,9.12,1.49,12,Clear,Low
-8.0,76.7,9.13,11.57,0,Snow,High
1.42,85.8,11.23,23.38,2,Clear,Low
26.53,22.4,9.2,5.13,17,Cloudy,Medium
-10.32,72.4,15.0,11.62,1,Clear,Medium
5.8,75.9,10.37,4.69,21,Heavy Rain,Medium
10.2,60.2,6.04,7.78,0,Clear,Low
35.92,53.4,5.79,20.97,15,Cloudy,Low
24.22,54.4,10.6,4.94,8,Cloudy,Low
8.31,59.1,5.95,0.55,14,Rain,Low
30.65,59.6,10.78,5.01,14,Clear,Low
6.11,56.2,11.69,6.51,15,Clear,Low
27.11,58.8,11.76,18.88,13,Cloudy,Low
-1.31,86.4,6.39,15.42,22,Thunderstorm,High
27.88,43.1,11.76,17.16,12,Snow,Medium
10.13,33.5,9.97,12.26,20,Thunderstorm,Low
2.66,86.7,7.18,6.42,10,Cloudy,Low
12.39,61.5,8.52,5.01,14,Cloudy,Low
18.33,58.0,10.41,15.89,16,Heavy Rain,Medium
9.06,63.0,6.98,26.3,9,Cloudy,Medium
21.65,68.8,9.91,3.53,21,Clear,Low
8.0,55.6,13.34,2.84,6,Clear,Low
22.44,74.1,11.89,1.78,19,Thunderstorm,High
20.31,47.7,9.25,19.48,4,Heavy Rain,High
14.27,59.6,9.7,11.62,17,Clear,Low
9.7,25.1,7.39,17.0,19,Heavy Rain,High
16.82,86.1,7.47,7.43,7,Rain,High
21.6,61.8,4.39,17.56,6,Cloudy,Low
39.74,77.1,9.75,9.41,22,Clear,Low
26.27,73.6,11.05,1.9,15,Rain,Medium
26.71,74.9,8.79,20.31,20,Clear,Low
45.0,64.9,6.37,11.67,22,Clear,Low
21.19,72.0,9.2,9.21,22,Cloudy,Low
20.82,47.7,13.03,14.53,19,Clear,Low
23.45,43.9,11.69,1.0,14,Rain,Low
2.89,63.2,8.91,15.88,22,Clear,Low
9.67,52.8,15.0,6.64,7,Heavy Rain,Medium
8.93,90.7,15.0,10.6,13,Cloudy,Low
22.77,71.8,7.56,22.25,10,Cloudy,Medium
12.91,52.1,8.26,17.78,8,Clear,Low
16.66,60.1,11.08,10.41,7,Clear,Low
28.05,67.4,6.26,11.09,23,Clear,Low
25.36,63.8,11.55,11.05,8,Cloudy,Low
13.06,69.9,9.3,4.6,2,Clear,Low
6.96,66.2,10.11,13.5,10,Cloudy,Low
28.62,40.0,7.27,5.12,8,Rain,Medium
24.29,26.3,6.64,0.06,22,Heavy Rain,High
-4.28,58.3,3.04,16.32,18,Cloudy,High
11.24,75.1,13.45,23.76,11,Cloudy,Low
16.99,58.5,11.82,5.51,19,Fog,Medium
24.35,87.3,11.02,19.88,9,Cloudy,Low
25.92,64.2,10.04,18.52,5,Clear,Low
18.41,89.4,2.09,3.21,15,Clear,Low
22.02,85.7,6.75,5.45,14,Clear,Low
15.77,83.9,8.23,28.23,6,Rain,Medium
6.91,43.3,5.76,1.95,4,Clear,Medium
11.86,65.3,3.92,6.52,0,Cloudy,Medium
15.23,87.0,6.07,29.69,9,Clear,Medium
14.58,69.9,9.15,6.88,17,Cloudy,Medium
-7.63,75.0,9.15,24.18,19,Rain,High
10.23,40.0,11.72,2.8,7,Clear,Low
15.67,99.5,15.0,13.24,15,Clear,Low
11.62,50.8,11.06,21.77,5,Snow,Medium
12.04,29.1,8.47,7.79,4,Rain,High
20.86,58.7,14.4,12.9,12,Thunderstorm,Medium
2.05,20.9,4.25,18.7,7,Clear,Medium
-4.54,45.5,2.76,3.88,3,Rain,High
10.82,100.0,6.34,32.16,5,Clear,Low
24.17,58.2,11.44,21.34,6,Cloudy,Low
35.25,39.3,9.51,8.78,7,Heavy Rain,Medium
24.39,65.5,5.62,9.89,12,Clear,Low
-2.62,48.8,6.82,29.21,20,Cloudy,Low
12.21,80.6,5.28,8.81,23,Clear,Medium
18.08,49.0,5.28,7.75,13,Clear,Low
17.13,69.9,13.65,22.32,5,Rain,Low
21.47,44.4,8.57,0.61,4,Clear,Low
4.0,100.0,14.31,11.3,11,Cloudy,Low
15.78,74.1,6.33,12.76,16,Rain,Medium
20.04,62.4,10.47,5.67,12,Cloudy,Low
24.91,59.7,9.68,2.09,3,Clear,Low
5.33,55.0,11.64,12.62,17,Clear,Medium
10.86,51.3,9.76,18.19,7,Cloudy,Medium
-17.45,50.8,11.96,5.89,12,Thunderstorm,Medium
7.54,95.2,10.66,1.38,20,Thunderstorm,High
8.71,55.1,5.73,23.3,17,Cloudy,Low
2.76,26.7,11.2,16.75,12,Cloudy,Medium
16.99,44.0,8.69,8.74,20,Rain,Low
14.33,81.7,6.67,20.29,4,Snow,Medium
-12.11,60.5,11.08,14.18,6,Cloudy,Medium
17.59,62.6,11.76,28.1,6,Rain,Medium
3.86,86.1,7.55,17.98,20,Clear,Low
20.83,51.0,7.95,0.51,20,Snow,High
-0.38,76.4,4.84,6.07,6,Cloudy,Medium
15.36,53.0,3.59,6.5,4,Cloudy,High
11.6,75.4,8.27,14.79,19,Clear,Medium
18.64,58.0,11.38,9.27,10,Clear,Low
16.5,60.7,7.28,1.85,15,Cloudy,Low
11.94,79.8,13.28,17.3,4,Fog,High
-3.44,78.5,8.38,21.0,13,Cloudy,Medium
-2.73,62.0,8.4,11.08,16,Cloudy,Medium
7.99,56.5,8.13,13.89,11,Clear,Low
14.9,93.8,11.94,3.29,19,Clear,Low
7.7,75.6,6.12,7.3,13,Rain,Low
22.5,58.0,8.61,7.67,12,Thunderstorm,Medium
11.65,53.2,7.36,17.03,5,Cloudy,Low
3.42,83.4,7.32,14.3,16,Clear,Low
11.66,67.1,9.11,9.03,11,Cloudy,Low
17.71,62.1,8.66,8.68,15,Cloudy,Low
18.9,67.1,12.16,5.71,14,Heavy Rain,High
37.54,71.1,8.97,26.45,8,Cloudy,Medium
6.97,64.0,10.67,6.77,9,Fog,High
14.12,86.7,9.52,15.8,7,Rain,High
20.11,87.7,13.21,12.34,9,Clear,Low
14.72,74.6,8.09,9.61,20,Clear,Low
8.99,89.7,8.1,11.93,8,Cloudy,Low
-3.59,65.2,11.24,6.03,2,Heavy Rain,High
8.87,77.4,8.05,17.88,19,Cloudy,Low
2.12,83.1,10.5,0.18,5,Heavy Rain,Medium
-5.72,83.3,15.0,14.95,9,Clear,High
5.45,81.5,6.06,5.9,4,Cloudy,Medium
2.43,76.4,13.6,8.16,13,Clear,Low
22.01,100.0,7.52,8.4,6,Cloudy,Low
22.21,55.3,13.01,10.51,23,Cloudy,Low
4.15,62.2,11.06,16.52,10,Fog,Medium
11.88,61.1,10.8,11.68,0,Cloudy,Medium
-7.3,58.4,8.55,20.4,13,Cloudy,Low
9.07,29.2,8.25,21.4,5,Rain,Low
19.79,89.7,6.83,14.78,8,Rain,Medium
24.9,46.5,9.02,18.14,22,Clear,Low
6.44,68.1,8.45,30.22,4,Rain,High
27.62,39.4,9.57,0.72,17,Cloudy,Low
-3.19,76.2,4.77,21.69,16,Cloudy,High
0.03,50.9,9.07,25.9,9,Thunderstorm,High
23.52,44.6,12.79,15.9,10,Heavy Rain,Medium
35.05,68.5,11.83,29.14,2,Snow,High
20.92,52.4,9.07,27.96,11,Snow,Medium
14.52,54.7,15.0,8.97,12,Rain,Low
-11.34,68.1,7.27,9.66,14,Clear,Low
-9.27,79.4,8.74,16.78,18,Cloudy,Medium
16.55,50.3,4.65,6.38,22,Heavy Rain,High
10.7,47.2,7.79,36.4,10,Clear,Low
1.73,65.4,14.36,19.1,21,Thunderstorm,Medium
15.79,74.7,7.9,12.42,20,Clear,Low
16.38,91.3,4.42,0.69,7,Cloudy,Medium
26.33,45.7,11.62,14.27,6,Clear,Low
16.64,59.3,10.17,1.33,12,Heavy Rain,Medium
29.74,86.2,11.49,18.84,11,Rain,Medium
15.1,100.0,8.11,10.52,8,Cloudy,Low
13.62,47.1,5.98,24.45,2,Clear,Low
27.77,51.7,8.45,8.18,19,Cloudy,Low
3.26,71.9,10.66,3.23,12,Cloudy,Low
45.0,54.6,8.78,11.85,4,Clear,Low
19.5,51.3,10.16,12.15,20,Clear,Low
19.57,69.4,7.39,11.42,22,Snow,Medium
21.3,92.9,10.28,24.42,3,Cloudy,Low
37.53,41.4,8.99,15.43,12,Clear,Low
24.51,92.0,6.88,19.16,14,Clear,Low
-4.26,54.7,9.42,9.76,5,Rain,Medium
31.84,71.2,7.84,15.84,7,Cloudy,Low
10.91,93.6,10.85,0.22,9,Clear,Low
16.29,70.9,11.62,14.32,8,Clear,Low
-0.35,59.6,10.5,5.18,16,Clear,Medium
21.31,77.9,4.1,23.88,0,Rain,Medium
7.18,61.9,6.11,12.68,15,Snow,Low
16.2,74.4,7.09,17.97,12,Snow,Medium
11.59,61.3,6.61,14.36,18,Cloudy,Medium
38.1,80.5,7.37,28.26,23,Cloudy,Medium
38.79,39.9,11.78,2.04,10,Clear,Low
15.56,46.8,11.1,10.98,3,Heavy Rain,High
15.77,39.6,7.73,3.36,10,Heavy Rain,High
10.52,64.0,10.78,6.45,5,Fog,Medium
28.27,37.5,9.99,2.77,12,Thunderstorm,Medium
11.05,52.5,8.9,22.55,5,Rain,Low
9.94,45.1,12.44,11.73,0,Clear,Medium
26.74,91.6,7.02,10.02,13,Thunderstorm,Medium
8.54,47.2,9.16,18.96,7,Clear,Low
14.55,41.8,5.85,13.04,4,Clear,Low
-3.98,69.5,5.99,17.52,0,Snow,High
23.45,95.4,4.92,14.91,22,Cloudy,Medium
38.29,62.9,6.04,16.88,20,Clear,Low
23.65,64.3,9.25,7.95,16,Cloudy,Low
32.54,88.2,8.09,21.42,8,Heavy Rain,High
4.85,80.8,8.19,1.09,15,Clear,Low
17.84,72.7,8.1,11.23,12,Cloudy,Low
3.68,54.5,14.32,21.87,0,Clear,Low
12.27,73.2,5.59,10.61,21,Cloudy,Low
24.27,40.5,5.27,8.12,11,Clear,Low
16.22,53.8,6.46,32.6,11,Rain,Low
-1.95,90.8,8.78,24.77,19,Clear,Low
-0.78,88.4,10.54,13.27,17,Cloudy,High
-1.57,72.9,10.86,3.27,12,Heavy Rain,Low
20.9,30.3,11.83,6.32,20,Clear,Low
39.77,43.3,8.68,18.38,17,Rain,High
31.35,52.8,7.81,23.39,13,Cloudy,Low
-7.75,61.9,13.9,15.56,16,Cloudy,Medium
32.05,42.5,0.65,3.4,3,Rain,High
26.24,60.6,9.19,13.44,22,Fog,Low
-3.54,96.8,10.29,7.62,21,Snow,High
11.36,72.2,14.62,13.45,8,Fog,Medium
28.15,68.9,4.02,29.49,0,Clear,Medium
21.61,46.7,7.74,19.1,19,Cloudy,Medium
-0.71,35.5,4.93,17.18,12,Heavy Rain,High
22.33,42.9,3.61,11.59,6,Snow,High
-10.65,34.8,8.39,15.73,23,Cloudy,Medium
12.33,66.4,11.5,5.49,13,Clear,Low
28.66,71.9,12.62,16.99,4,Cloudy,High
15.22,47.6,7.4,10.26,14,Heavy Rain,Medium
9.01,67.7,11.0,4.6,18,Rain,Medium
25.67,91.4,8.41,19.34,10,Clear,Low
26.7,100.0,10.67,8.08,16,Clear,Low
30.72,78.9,12.46,7.1,2,Fog,Low
25.49,61.9,8.42,17.52,6,Cloudy,Low
27.98,78.3,12.23,23.02,10,Snow,Low
23.79,89.3,5.36,16.25,2,Snow,High
18.19,28.9,10.97,5.95,4,Fog,Medium
16.07,91.7,12.1,11.54,12,Cloudy,Low
12.15,55.2,11.79,14.62,11,Rain,Medium
0.45,55.4,5.44,26.04,8,Rain,High
3.54,58.6,8.38,20.29,0,Clear,Low
11.62,70.8,9.91,20.35,9,Cloudy,Low
17.9,45.0,10.33,12.59,11,Cloudy,Low
32.29,59.9,9.35,2.36,23,Clear,Low
14.5,74.5,13.29,0.65,9,Cloudy,Low
27.04,68.9,5.11,9.29,12,Cloudy,Low
27.95,71.9,8.28,18.29,0,Heavy Rain,High
12.22,59.2,3.94,7.48,4,Snow,High
22.14,77.5,10.86,17.15,14,Rain,Low
12.08,84.0,10.66,4.85,11,Heavy Rain,Medium
30.87,82.9,15.0,6.24,7,Clear,Low
22.63,72.7,12.08,24.67,9,Cloudy,Medium
0.71,81.9,9.99,18.9,13,Clear,Low
16.94,80.7,9.76,9.24,10,Cloudy,Low
34.78,100.0,8.05,4.53,21,Rain,Medium
12.83,86.9,9.39,20.54,5,Fog,Medium
20.37,63.4,9.83,19.89,20,Cloudy,Low
21.55,48.6,3.11,17.75,22,Cloudy,Medium
2.56,60.3,9.59,10.4,12,Clear,Low
21.13,59.0,9.3,2.15,4,Rain,Medium
-1.73,74.2,14.26,11.87,11,Clear,Low
7.49,52.4,8.6,24.67,21,Cloudy,Low
27.91,86.5,6.7,3.82,12,Cloudy,Low
19.28,40.0,9.81,12.43,15,Clear,Low
11.35,35.6,9.22,26.72,9,Heavy Rain,High
20.36,62.6,8.61,9.26,13,Rain,Low
14.28,49.8,5.16,10.85,7,Snow,High
15.15,42.4,8.53,0.15,6,Fog,Medium
22.88,53.5,7.26,17.61,3,Cloudy,Low
6.27,51.3,8.35,5.33,16,Heavy Rain,High
15.48,65.2,11.2,1.99,21,Clear,Low
11.25,53.8,6.98,3.42,8,Cloudy,Low
-4.03,55.3,8.34,13.88,1,Snow,High
3.95,64.9,10.62,2.22,9,Fog,High
33.82,83.3,8.19,0.47,8,Cloudy,Low
19.62,91.5,15.0,17.03,14,Heavy Rain,Medium
-0.88,67.7,9.75,11.35,3,Heavy Rain,High
-3.48,69.1,5.27,3.77,18,Clear,Medium
13.65,61.7,6.48,9.11,1,Rain,High
33.73,73.7,6.18,27.64,9,Cloudy,Low
12.76,72.0,6.52,23.54,4,Clear,Low
30.68,88.9,10.61,11.03,20,Cloudy,Low
19.22,31.0,5.68,19.35,10,Thunderstorm,Medium
20.66,60.8,8.01,13.09,21,Heavy Rain,Medium
-1.03,71.1,12.43,3.97,13,Clear,Low
26.25,64.5,7.44,5.58,18,Clear,Low
10.98,48.1,11.01,3.82,21,Clear,Low
25.36,41.6,3.95,2.18,19,Clear,Low
5.23,79.5,7.89,14.44,16,Clear,Low
17.12,51.4,6.34,7.05,19,Rain,Medium
19.22,33.4,9.9,15.83,19,Cloudy,Low
13.15,80.4,5.9,15.97,16,Rain,Medium
19.85,73.3,15.0,18.21,13,Rain,Medium
11.8,62.9,4.08,3.62,12,Clear,Low
7.21,48.5,12.41,16.64,4,Fog,Medium
34.27,63.0,11.63,3.4,13,Thunderstorm,High
27.59,86.9,9.93,18.4,20,Clear,Low
5.87,35.9,9.16,23.0,20,Clear,Low
21.82,36.8,14.56,18.51,11,Snow,Medium
6.09,53.7,15.0,10.41,11,Rain,Low
0.78,64.5,8.38,17.1,18,Thunderstorm,High
27.41,56.1,9.47,1.8,23,Clear,Low
-5.45,76.6,7.34,3.83,0,Heavy Rain,High
26.12,84.6,5.49,16.2,16,Cloudy,Medium
11.97,70.0,10.39,23.77,10,Cloudy,Low
12.46,75.1,9.75,0.92,5,Clear,Low
19.92,69.9,4.17,12.14,8,Rain,High
21.97,65.2,10.37,15.95,23,Cloudy,Low
5.08,41.7,9.85,6.47,7,Clear,Low
23.61,46.5,7.2,8.95,12,Snow,Medium
16.36,40.7,7.0,17.52,16,Clear,Low
-0.07,62.3,10.27,12.97,6,Clear,Medium
12.96,69.2,13.83,13.01,19,Clear,Medium
31.58,38.9,10.2,3.16,1,Rain,Medium
35.12,66.3,11.34,11.72,20,Clear,Low
23.61,49.2,6.5,8.42,16,Thunderstorm,High
0.72,45.8,7.76,8.9,19,Heavy Rain,High
20.89,53.7,10.82,7.13,2,Fog,Low
25.21,44.8,4.92,11.75,19,Clear,Medium
23.71,75.9,9.62,4.19,6,Rain,Medium
24.42,62.0,10.48,12.11,20,Snow,Low
19.36,79.7,8.88,8.71,8,Thunderstorm,High
14.13,57.0,9.96,3.61,16,Rain,Medium
7.7,57.7,9.17,5.54,23,Fog,High
-7.78,98.7,7.13,20.53,18,Clear,High
19.08,35.8,5.47,18.72,1,Clear,Medium
17.23,88.1,8.73,4.76,5,Cloudy,Low
21.69,94.8,12.91,18.14,3,Clear,Low
-1.05,78.8,12.07,2.78,22,Fog,High
22.74,59.1,7.96,9.24,7,Clear,Low
39.65,90.7,7.9,7.23,12,Clear,Low
15.94,59.2,7.68,9.5,13,Cloudy,Low
14.26,52.3,7.68,17.82,6,Rain,Low
18.71,58.0,9.86,8.38,8,Clear,Low
39.39,54.7,12.17,8.94,10,Snow,Medium
2.72,48.0,15.0,18.69,0,Fog,High
17.44,85.0,6.51,12.56,19,Cloudy,Low
5.4,51.1,10.95,6.67,21,Clear,Low
8.44,64.5,10.63,14.17,16,Clear,Low
14.4,39.0,8.01,20.93,10,Clear,Low
31.17,65.6,5.92,21.5,3,Clear,Low
36.61,44.2,9.83,0.08,7,Cloudy,Medium
20.38,43.8,15.0,0.53,10,Cloudy,Low
10.48,63.0,9.81,20.99,4,Clear,Low
44.91,84.0,6.64,9.41,18,Snow,Medium
9.87,72.9,8.53,7.8,10,Rain,Low
8.15,74.2,5.58,5.43,16,Rain,Low
-6.3,62.7,9.06,8.05,12,Rain,Medium
31.75,59.0,11.05,9.19,4,Snow,High
26.62,79.2,6.92,18.88,15,Rain,Low
44.01,54.9,0.1,3.64,17,Clear,High
-1.67,80.0,9.83,20.42,10,Cloudy,Medium
32.5,87.2,7.5,14.57,16,Cloudy,Medium
15.84,49.9,6.75,0.42,23,Clear,Low
24.67,52.5,6.72,9.12,5,Fog,Low
-4.77,55.2,10.2,16.45,21,Clear,Low
32.62,38.6,7.78,12.36,7,Heavy Rain,Medium
24.44,56.6,11.79,15.41,1,Thunderstorm,High
14.53,88.4,11.86,6.71,10,Clear,Low
22.74,46.2,8.19,16.99,19,Cloudy,Medium
5.81,88.9,7.44,8.41,16,Clear,Medium
8.05,57.2,9.38,34.92,7,Snow,High
9.44,100.0,8.56,0.12,22,Heavy Rain,Medium
-7.23,52.7,3.74,36.28,23,Fog,High
25.34,62.4,14.74,3.44,23,Clear,Low
29.3,48.6,11.14,23.44,13,Heavy Rain,Medium
6.58,52.6,7.61,19.45,16,Cloudy,Medium
19.18,89.1,3.25,3.81,12,Cloudy,Low
11.81,73.5,8.46,17.4,9,Fog,Medium
18.94,83.5,7.24,7.54,12,Snow,Low
7.47,41.3,8.82,14.47,1,Rain,Medium
4.4,76.8,2.51,13.33,3,Clear,Medium
27.62,47.5,7.58,8.86,14,Clear,Low
14.23,40.9,7.77,8.11,10,Clear,Low
39.27,69.3,8.42,15.07,11,Clear,Low
15.56,69.1,8.29,3.87,21,Heavy Rain,Medium
3.89,66.0,9.16,4.21,16,Cloudy,Low
29.72,77.9,13.56,20.59,1,Clear,Low
22.57,80.7,7.45,15.86,23,Clear,Low
23.72,91.5,6.27,0.24,20,Clear,Low
29.29,43.6,3.82,2.97,4,Cloudy,High
7.17,92.0,7.47,7.23,20,Clear,Low
13.47,98.9,4.8,20.19,8,Cloudy,Medium
12.94,58.4,11.88,18.2,8,Clear,Low
-0.49,35.0,8.71,2.2,13,Clear,Low
11.84,40.1,11.82,17.85,21,Cloudy,Low
31.04,56.7,13.4,29.87,8,Cloudy,Low
17.85,100.0,6.4,1.85,13,Cloudy,Low
-1.15,65.3,7.96,6.46,4,Thunderstorm,High
-3.67,53.9,13.0,2.05,2,Clear,High
34.98,52.7,9.57,20.54,14,Fog,Medium
13.92,41.2,10.56,11.14,5,Fog,Low
7.23,80.7,12.1,8.42,0,Thunderstorm,High
11.71,63.3,11.69,14.05,0,Snow,High
-2.73,100.0,10.23,6.99,9,Heavy Rain,High
32.08,76.3,13.19,8.39,5,Clear,Low
10.28,79.9,8.8,14.47,23,Clear,Medium
31.41,60.6,10.56,6.51,11,Rain,Medium
15.62,45.4,8.47,7.78,11,Cloudy,Low
32.15,49.3,12.06,10.59,3,Rain,Medium
18.08,40.4,6.9,12.82,2,Clear,Medium
25.24,81.4,3.95,17.41,7,Clear,Medium
23.63,58.1,10.96,17.25,20,Rain,Medium
22.48,82.1,5.94,1.5,14,Rain,Low
19.18,67.4,5.64,24.67,4,Cloudy,Medium
12.21,59.7,12.79,12.53,0,Clear,Low
37.99,43.9,11.9,9.02,6,Snow,High
4.12,70.4,7.97,3.87,6,Snow,Medium
15.05,61.1,0.1,29.9,23,Clear,High
15.18,81.2,10.6,33.24,4,Heavy Rain,Medium
19.83,52.1,10.99,28.8,18,Clear,Low
9.85,76.1,10.55,13.09,9,Cloudy,Low
18.78,94.5,10.41,15.1,7,Cloudy,Low
12.97,69.9,8.46,25.42,5,Cloudy,Low
-3.98,79.1,7.77,9.83,15,Cloudy,Low
15.11,75.3,5.68,16.87,16,Cloudy,Medium
1.79,99.2,6.91,14.04,11,Rain,High
-5.81,71.7,9.96,29.27,22,Cloudy,Medium
16.64,77.6,10.01,24.93,21,Rain,Medium
20.85,64.3,11.37,10.76,18,Cloudy,Low
21.32,51.1,4.78,25.73,13,Thunderstorm,High
21.81,43.3,4.02,11.97,12,Rain,Medium
-8.19,87.8,7.86,7.09,15,Snow,High
-1.33,46.8,5.94,9.43,13,Cloudy,Low
38.68,78.4,9.56,13.33,3,Clear,Medium
2.43,72.5,5.07,4.93,15,Clear,Low
22.33,81.5,12.54,7.34,5,Snow,Medium
6.76,55.7,6.53,0.99,17,Rain,Medium
15.96,50.8,13.78,4.6,0,Snow,High
7.4,71.8,10.57,14.11,1,Rain,Medium
21.74,59.7,5.83,21.38,14,Clear,Low
16.64,42.8,15.0,20.23,18,Cloudy,Low
9.62,99.9,9.8,15.87,13,Cloudy,Low
2.4,50.8,9.5,1.76,4,Cloudy,High
18.21,47.1,8.8,4.25,7,Rain,Medium
0.45,60.6,10.4,10.22,10,Cloudy,Medium
20.13,87.6,10.58,20.67,5,Rain,Medium
45.0,26.0,6.41,6.99,23,Clear,Medium
31.2,86.1,8.36,1.02,10,Cloudy,Low
23.62,48.6,9.35,25.03,21,Clear,Low
13.97,69.8,10.75,5.39,2,Cloudy,Low
-8.27,52.8,10.8,1.85,11,Clear,Low
-0.87,100.0,9.49,14.05,20,Clear,Low
30.39,67.2,7.35,11.55,6,Fog,Medium
5.52,52.3,7.2,7.5,19,Clear,Medium
6.61,59.6,5.43,12.0,18,Rain,Low
13.01,66.6,10.78,3.67,14,Rain,Low
2.26,68.2,7.15,7.4,1,Cloudy,Medium
0.28,72.9,8.42,11.67,21,Rain,Medium
14.39,65.0,9.71,6.32,11,Rain,Low
4.3,40.2,9.01,20.6,14,Snow,Medium
6.11,58.9,8.98,0.36,16,Clear,Low
5.63,75.9,6.29,3.55,11,Clear,Low
21.27,52.9,9.81,21.0,3,Cloudy,Medium
12.21,77.1,8.06,17.12,14,Cloudy,Low
12.86,65.6,8.74,12.79,14,Clear,Low
22.16,61.1,12.47,3.37,2,Cloudy,Low
13.3,86.5,10.52,6.55,4,Rain,Medium
11.66,33.7,7.29,10.05,5,Snow,Low
20.65,52.8,8.55,10.71,8,Clear,Low
23.02,87.2,13.8,22.27,13,Clear,Low
13.24,97.9,8.08,29.95,14,Clear,Low
15.97,100.0,9.12,17.53,2,Thunderstorm,High
5.62,65.9,10.99,7.19,20,Clear,Low
4.67,73.2,9.65,22.93,19,Clear,Medium
24.23,79.7,7.88,6.69,2,Cloudy,Low
20.34,88.0,6.77,11.61,4,Clear,Medium
20.46,70.6,8.97,0.75,20,Rain,Low
18.37,81.7,10.97,9.35,10,Clear,Low
15.55,73.3,12.96,8.55,10,Cloudy,Low
23.36,74.4,4.6,10.4,11,Clear,Low
26.22,48.5,14.29,2.33,23,Rain,High
25.93,59.1,8.13,4.31,3,Clear,Low
13.79,55.6,11.77,0.84,22,Clear,Low
31.64,43.6,6.79,10.86,5,Snow,Medium
17.74,35.3,4.17,4.32,21,Fog,Medium
22.59,57.4,5.06,21.09,11,Cloudy,Low
18.39,60.3,8.01,13.53,18,Rain,Medium
17.96,66.9,10.57,26.44,2,Rain,Medium
6.17,75.0,9.09,7.91,8,Heavy Rain,Medium
23.42,68.4,8.25,31.3,4,Cloudy,Medium
45.0,60.4,12.35,12.02,13,Cloudy,Low
10.5,48.5,9.01,7.24,0,Heavy Rain,High
15.85,80.8,9.84,33.68,9,Cloudy,Low
9.65,63.2,15.0,4.46,12,Cloudy,Low
9.14,57.2,8.98,7.03,11,Clear,Low
33.53,61.6,6.91,2.99,19,Snow,Medium
6.92,51.8,10.44,4.54,14,Cloudy,Low
9.31,55.4,11.2,6.6,19,Cloudy,Medium
-4.05,54.9,9.9,17.55,12,Rain,Medium
5.91,59.8,9.47,0.04,8,Cloudy,Low
-5.5,76.8,13.45,9.71,7,Cloudy,Medium
22.58,72.3,13.07,20.03,16,Cloudy,Medium
45.0,92.8,8.65,16.17,22,Clear,Medium
10.6,86.8,7.07,15.73,23,Snow,High
-5.0,100.0,10.29,22.92,5,Clear,Medium
25.8,75.1,7.05,26.48,10,Thunderstorm,Medium
6.28,74.8,11.66,0.73,14,Thunderstorm,Medium
30.59,56.2,10.27,16.35,21,Fog,Medium
11.62,79.9,15.0,9.55,7,Clear,Low
7.42,53.2,13.42,10.68,18,Clear,Low
12.86,38.5,5.76,1.6,20,Rain,Medium
24.09,92.5,7.44,7.21,4,Clear,Low
12.27,42.5,3.26,8.2,7,Fog,High
9.04,72.9,2.59,24.87,10,Rain,High
12.61,49.2,9.34,1.6,20,Snow,Medium
-0.26,85.3,5.42,9.47,22,Thunderstorm,High
19.76,87.7,13.92,11.95,3,Fog,Medium
-6.44,74.5,12.47,0.69,4,Clear,Medium
9.67,87.4,8.19,10.74,9,Thunderstorm,High
24.11,65.1,8.02,17.95,1,Clear,Low
18.64,100.0,13.46,11.1,12,Heavy Rain,Medium
22.08,78.4,14.14,8.12,6,Heavy Rain,Medium
14.22,48.8,6.2,10.59,9,Clear,Low
29.04,66.3,5.82,19.63,0,Cloudy,Medium
26.1,62.3,8.1,1.61,5,Rain,Low
20.35,60.5,10.29,18.56,3,Cloudy,Low
26.13,35.2,7.46,2.96,5,Rain,Low
24.01,72.0,10.36,17.42,10,Clear,Low
9.73,40.1,14.85,1.89,5,Cloudy,Low
-1.13,19.5,4.78,16.88,18,Rain,High
20.04,58.8,7.66,11.08,10,Clear,Low
21.55,51.4,4.84,12.87,5,Rain,Medium
28.09,49.5,6.49,20.63,14,Cloudy,Low
3.76,10.0,8.12,4.61,20,Fog,Low
4.12,49.7,6.82,11.77,11,Thunderstorm,Medium
20.52,61.9,10.56,14.73,23,Rain,Medium
14.15,53.6,9.45,9.31,8,Cloudy,Low
-7.63,72.0,9.9,18.45,11,Cloudy,Medium
19.5,90.1,8.08,14.97,10,Cloudy,Low
-7.23,74.3,8.36,6.78,23,Heavy Rain,High
3.66,83.5,7.95,23.35,17,Cloudy,Low
31.22,85.0,8.25,17.06,13,Clear,Low
36.9,46.7,10.26,4.42,8,Cloudy,Low
0.41,72.9,3.23,4.33,1,Cloudy,High
11.05,82.9,9.86,10.02,21,Snow,Medium
15.51,57.2,6.39,16.03,2,Clear,Low
36.37,50.8,7.98,7.92,17,Cloudy,Low
9.09,74.5,4.32,4.8,12,Clear,Low
9.28,38.3,7.92,6.8,16,Cloudy,Low
33.58,45.4,9.83,0.94,22,Clear,Low
10.5,53.0,10.37,2.8,4,Rain,Medium
23.67,73.1,5.44,13.24,2,Heavy Rain,High
-2.73,68.9,10.23,7.6,8,Heavy Rain,High
12.95,83.6,12.42,8.31,13,Clear,Low
-4.92,48.4,7.52,0.41,1,Cloudy,High
2.33,47.4,9.0,10.08,19,Cloudy,Medium
25.07,74.4,2.79,1.54,14,Rain,Medium
14.4,50.6,6.31,25.13,23,Snow,Medium
11.17,54.1,9.81,27.69,6,Snow,Medium
6.02,31.6,11.87,7.74,21,Fog,Medium
12.35,70.2,7.2,1.9,9,Cloudy,Low
18.61,92.7,15.0,19.69,2,Snow,High
26.79,46.5,9.94,17.33,20,Cloudy,Low
-16.5,83.4,5.18,28.87,1,Clear,Medium
5.02,63.9,12.86,31.27,17,Rain,Medium
16.91,33.2,5.24,6.24,4,Rain,Medium
13.81,48.9,9.99,22.43,16,Heavy Rain,High
19.84,47.8,6.21,10.0,6,Snow,Medium
18.21,59.3,4.93,16.94,1,Fog,Medium
11.34,72.6,11.89,19.0,20,Rain,Low
8.68,98.3,8.22,18.62,8,Rain,High
12.05,39.2,14.18,21.0,15,Clear,Low
28.78,56.3,5.95,6.96,0,Clear,Low
6.22,48.9,4.32,3.42,22,Clear,Low
14.25,42.2,7.56,22.68,14,Clear,Low
17.2,66.7,15.0,4.15,10,Fog,Medium
33.72,65.0,11.5,28.75,21,Rain,Medium
11.4,32.4,10.66,5.12,9,Rain,Medium
26.51,65.3,10.76,8.57,7,Clear,Low
29.78,43.3,7.55,10.29,6,Rain,Medium
14.23,65.2,15.0,1.87,15,Rain,Low
12.47,87.9,10.37,1.84,10,Clear,Low
11.05,73.3,10.09,20.21,13,Clear,Low
11.93,68.2,11.95,3.48,18,Rain,Low
25.25,55.5,5.18,34.68,15,Clear,Medium
17.77,66.2,6.36,11.15,16,Rain,Low
17.82,75.1,8.26,2.74,14,Thunderstorm,High
1.5,73.4,11.97,15.78,18,Clear,Medium
3.39,63.2,5.11,10.16,17,Clear,Low
40.72,68.9,8.8,9.0,19,Cloudy,Low
12.87,41.3,8.37,10.15,15,Clear,Low
5.7,51.8,4.28,0.6,0,Rain,High
32.17,77.7,7.47,6.31,21,Clear,Low
18.38,80.2,10.63,25.73,5,Clear,Low
21.94,66.7,4.55,13.65,17,Cloudy,Medium
13.34,91.6,13.23,15.6,15,Snow,High
11.18,74.1,10.4,4.92,15,Cloudy,Low
12.96,60.8,10.04,0.09,10,Clear,Low
-1.59,43.0,9.02,9.83,10,Cloudy,Medium
13.94,90.9,5.72,10.12,2,Clear,Low
18.55,78.9,7.05,2.13,5,Clear,Low
37.21,97.4,10.09,0.73,1,Cloudy,Medium
16.03,100.0,7.05,6.35,21,Fog,Medium
-13.01,41.8,9.57,17.84,22,Fog,Medium
13.87,41.9,6.3,10.83,2,Rain,High
45.0,13.5,10.35,6.42,20,Snow,High
25.4,81.5,10.58,18.04,16,Cloudy,Low
5.27,76.8,4.12,2.8,7,Thunderstorm,High
22.09,66.8,9.2,0.09,3,Snow,Medium
6.1,42.9,4.43,22.06,15,Rain,High
-1.25,63.4,3.42,32.53,0,Clear,High
10.82,68.3,7.22,18.16,3,Heavy Rain,High
16.1,79.1,15.0,16.24,2,Snow,Medium
-7.47,69.9,11.33,6.76,3,Cloudy,Medium
1.21,76.9,13.18,6.97,0,Cloudy,Medium
15.12,62.8,10.83,14.05,8,Cloudy,Low
10.1,86.3,9.62,24.36,19,Heavy Rain,High
19.74,76.4,11.69,15.84,6,Thunderstorm,High
0.42,43.6,7.08,20.62,5,Cloudy,Low
23.57,90.0,10.41,3.75,23,Clear,Low
0.79,87.1,12.53,17.55,11,Clear,Low
34.71,73.4,11.1,5.96,0,Snow,Medium
-5.59,70.1,12.73,13.26,14,Clear,Low
1.89,94.9,9.55,17.54,13,Snow,High
20.01,35.6,14.08,7.22,10,Clear,Low
34.97,87.3,8.38,2.85,20,Clear,Low
18.78,56.4,15.0,15.26,16,Clear,Low
21.75,84.7,10.72,10.79,0,Clear,Low
15.21,67.2,7.85,13.23,8,Thunderstorm,High
2.68,42.6,5.46,17.91,13,Clear,Low
9.12,56.1,6.58,23.77,15,Heavy Rain,Medium
0.46,83.4,6.12,17.97,9,Fog,High
-0.34,61.2,8.73,16.79,10,Heavy Rain,High
19.82,53.8,5.18,7.5,5,Thunderstorm,Medium
1.52,53.7,12.88,8.88,14,Clear,Low
18.83,76.6,9.33,16.09,5,Rain,Low
-0.62,96.5,9.21,8.73,11,Cloudy,Medium
18.56,26.5,5.5,16.05,19,Snow,Medium
9.14,100.0,6.69,4.66,21,Heavy Rain,Medium
31.88,68.7,2.34,29.36,11,Heavy Rain,High
18.88,75.4,13.85,13.74,4,Cloudy,Low
29.83,57.1,4.75,13.15,1,Rain,High
5.93,64.9,4.97,7.66,20,Fog,Medium
15.67,68.5,13.24,29.22,9,Clear,Low
3.23,46.1,10.16,0.72,4,Clear,Medium
10.04,50.5,9.36,5.67,19,Clear,Low
11.85,86.3,10.02,19.68,11,Snow,High
6.29,37.1,11.86,14.16,16,Cloudy,Medium
0.41,72.9,9.3,6.81,1,Clear,Medium
-1.96,58.3,4.37,7.07,22,Fog,Medium
-13.08,47.7,11.2,9.38,7,Clear,Medium
2.32,100.0,10.27,12.92,18,Heavy Rain,High
22.53,47.8,12.51,25.98,7,Heavy Rain,High
-4.18,44.7,5.25,17.45,4,Cloudy,Medium
-1.42,61.6,6.81,21.21,9,Clear,Medium
36.49,51.2,10.18,8.09,1,Cloudy,Low
7.36,65.1,6.17,16.64,12,Cloudy,Medium
18.85,67.8,1.94,1.99,11,Clear,Low
22.71,69.2,9.59,13.64,1,Rain,High
22.95,62.8,11.69,13.06,10,Clear,Low
-3.27,52.4,8.61,28.39,13,Thunderstorm,High
12.23,76.6,10.64,26.02,13,Cloudy,Low
-4.42,63.0,10.21,9.67,1,Clear,Medium
44.36,56.1,9.03,4.65,16,Rain,High
-4.14,91.6,9.41,4.89,7,Cloudy,Medium
2.43,62.8,13.05,9.35,6,Clear,Low
2.51,84.7,6.11,23.72,20,Clear,Low
-2.96,87.1,11.32,15.73,23,Clear,Low
31.23,88.2,5.46,16.66,2,Rain,Medium
44.07,77.4,6.62,19.3,11,Clear,Low
9.29,65.0,12.59,3.05,6,Clear,Low
-0.85,63.8,5.37,5.62,17,Snow,High
-11.84,60.6,8.28,16.68,14,Clear,Medium
12.07,26.0,15.0,4.99,9,Clear,Low
11.2,77.9,12.08,1.74,17,Cloudy,Medium
7.18,69.4,6.79,2.26,16,Heavy Rain,High
17.66,79.9,7.3,21.49,22,Rain,Low
19.74,62.9,8.49,8.63,23,Clear,Low
18.88,77.0,12.94,14.03,9,Cloudy,Low
11.21,40.2,6.0,2.71,3,Heavy Rain,High
1.78,44.0,5.81,15.41,22,Clear,Low
22.99,20.4,11.14,9.57,10,Clear,Low
15.15,62.6,3.96,16.02,21,Rain,Medium
25.66,51.1,6.27,7.7,16,Cloudy,Low
24.48,48.7,8.74,16.54,12,Clear,Low
-2.06,71.0,8.9,7.26,20,Rain,Medium
-2.21,57.3,4.91,11.28,18,Clear,Medium
5.93,39.2,10.06,9.55,15,Cloudy,Low
2.32,100.0,10.66,12.24,12,Snow,High
24.06,64.3,7.01,14.51,5,Clear,Low
19.22,45.5,13.98,7.55,5,Rain,Low
28.19,52.9,10.02,10.92,15,Cloudy,Low
19.76,61.9,5.99,13.68,9,Fog,Medium
17.5,61.8,13.86,16.57,14,Rain,Medium
29.4,88.4,7.43,11.32,17,Cloudy,Low
20.64,63.6,9.54,4.02,1,Cloudy,Low
15.82,98.4,7.54,12.78,2,Cloudy,Low
32.77,57.2,10.87,18.03,14,Thunderstorm,Medium
16.38,72.7,7.56,0.0,23,Heavy Rain,High
11.35,83.4,7.74,0.11,12,Rain,Medium
4.95,86.5,8.52,6.04,16,Thunderstorm,High
23.44,88.6,7.49,10.27,6,Clear,Low
29.84,60.1,12.22,7.77,5,Cloudy,Low
14.39,64.9,5.23,17.17,5,Thunderstorm,High
30.69,20.4,8.89,10.36,22,Snow,Medium
-8.64,61.5,9.27,9.16,18,Clear,Low
14.33,84.6,8.63,1.98,8,Cloudy,Medium
14.52,81.1,11.9,9.29,1,Clear,Low
6.28,63.4,4.49,3.95,20,Rain,Medium
43.61,95.6,10.7,20.73,6,Rain,Medium
14.21,58.1,5.27,13.68,5,Rain,Low
10.11,52.1,7.47,18.1,16,Fog,Low
15.31,56.6,4.96,2.74,2,Clear,Medium
-9.03,44.8,8.0,15.7,5,Fog,Medium
5.88,76.2,7.27,6.05,12,Cloudy,Low
26.8,70.2,13.91,10.27,2,Clear,Low
7.45,76.0,9.72,15.18,21,Fog,Medium
5.05,57.5,10.32,11.37,23,Fog,High
30.71,64.0,5.68,19.28,19,Fog,Medium
31.08,25.8,11.22,13.25,13,Snow,Medium
21.2,71.8,13.91,7.83,13,Clear,Low
9.54,66.8,11.61,19.59,6,Clear,Low
12.13,45.2,5.06,21.48,3,Cloudy,Low
5.35,63.1,7.61,12.79,3,Clear,High
3.06,60.4,9.33,24.02,3,Fog,High
2.47,96.8,7.27,9.88,0,Cloudy,High
7.58,45.9,15.0,10.85,17,Clear,Low
2.58,71.0,7.55,12.04,17,Heavy Rain,High
-3.76,45.4,8.87,10.83,17,Rain,High
17.63,55.0,7.2,9.21,8,Cloudy,Low
17.82,70.0,9.7,5.57,2,Fog,High
35.41,61.2,13.15,3.05,4,Cloudy,Medium
6.98,64.9,9.34,13.0,19,Rain,Medium
18.55,71.0,8.34,22.79,21,Clear,Low
18.75,56.1,5.78,19.33,1,Rain,Medium
11.95,80.9,12.63,15.49,16,Cloudy,Medium
23.93,59.5,8.57,23.24,21,Heavy Rain,Medium
24.3,63.2,8.44,12.17,19,Clear,Low
18.93,71.5,1.98,3.1,5,Cloudy,Medium
11.93,69.1,8.62,8.85,15,Clear,Low
10.71,76.6,7.8,11.45,19,Fog,Low
-1.41,70.7,3.52,7.39,22,Cloudy,Medium
5.33,73.4,11.97,17.49,16,Clear,Medium
7.54,59.1,7.39,20.42,8,Heavy Rain,Low
1.51,45.8,14.69,3.59,16,Fog,Medium
20.28,39.3,13.24,10.69,3,Heavy Rain,Medium
29.36,34.9,6.84,14.13,2,Snow,Medium
4.1,96.7,13.11,11.18,0,Snow,Medium
18.4,25.2,13.83,11.08,13,Thunderstorm,Low
2.59,86.5,7.32,27.99,0,Cloudy,High
11.34,50.2,5.9,25.29,3,Cloudy,Medium
6.72,86.4,2.53,20.39,20,Clear,Low
22.22,25.4,10.14,3.36,9,Snow,High
6.85,60.8,6.08,2.84,14,Fog,Medium
27.14,91.2,10.23,2.14,10,Clear,Low
12.05,77.8,7.3,25.74,1,Rain,Medium
7.2,58.9,6.66,3.81,14,Clear,Low
-0.04,30.0,7.32,8.53,2,Snow,High
18.04,41.2,5.1,3.9,16,Clear,Low
25.74,90.0,7.31,0.68,16,Rain,High
18.28,58.7,6.79,14.99,17,Cloudy,Low
41.87,63.7,8.96,13.38,9,Clear,Medium
32.16,70.1,9.31,8.02,11,Fog,Medium
11.31,41.5,5.79,0.28,18,Cloudy,Low
11.18,72.3,12.3,14.3,10,Cloudy,Low
20.64,57.4,8.52,11.35,22,Clear,Low
4.94,70.3,13.51,8.39,15,Cloudy,Low
29.0,54.6,9.72,17.45,18,Clear,Medium
19.34,36.7,9.21,0.99,15,Cloudy,Low
18.08,57.3,7.53,6.65,4,Cloudy,Low
23.24,76.5,10.84,16.66,11,Clear,Low
35.67,72.1,9.1,6.16,15,Fog,Medium
17.05,65.6,11.58,14.81,12,Clear,Low
13.64,81.2,13.81,1.68,14,Rain,Medium
33.1,61.3,6.82,4.59,21,Thunderstorm,Medium
26.61,66.0,10.84,4.04,20,Heavy Rain,Low
11.15,56.4,10.76,6.51,5,Heavy Rain,High
15.06,82.2,10.37,7.72,4,Clear,Medium
17.34,70.2,7.7,16.05,3,Cloudy,Low
19.34,55.0,7.76,10.97,17,Heavy Rain,High
-1.28,38.2,7.25,22.44,11,Rain,Medium
-3.51,84.9,7.19,8.46,14,Cloudy,Medium
4.35,51.6,6.48,7.08,20,Fog,High
3.42,66.3,8.69,15.1,11,Cloudy,Low
7.27,100.0,6.73,2.29,15,Snow,High
22.62,79.4,10.31,13.13,6,Fog,Medium
12.97,94.0,9.17,8.57,19,Heavy Rain,High
17.36,55.3,9.51,9.52,0,Clear,Low
0.31,84.3,8.18,18.32,13,Heavy Rain,High
9.46,65.5,9.21,17.22,19,Heavy Rain,High
22.05,71.6,8.26,9.74,17,Rain,Medium
22.14,100.0,11.34,11.54,2,Cloudy,Medium
6.31,60.0,7.67,7.53,20,Clear,Low
16.94,65.3,10.13,9.32,9,Rain,Medium
41.39,48.7,5.08,17.64,12,Rain,Low
14.79,81.0,11.14,5.25,11,Fog,Low
6.68,54.9,7.32,6.13,8,Cloudy,Medium
12.91,83.4,6.26,2.22,7,Clear,Low
16.11,35.3,5.58,17.82,21,Heavy Rain,High
13.19,74.9,5.35,9.12,15,Thunderstorm,Medium
14.62,53.4,7.56,0.63,23,Clear,Medium
-2.32,78.1,13.5,19.4,7,Clear,Medium
3.45,64.8,7.07,11.09,7,Fog,Medium
13.21,55.4,2.37,4.83,12,Clear,Medium
13.02,58.0,10.1,19.54,14,Cloudy,Low
8.21,49.7,5.66,8.44,2,Thunderstorm,High
12.88,80.1,11.44,2.61,8,Heavy Rain,High
15.73,46.1,7.74,20.14,10,Clear,Low
25.67,60.2,8.18,3.95,2,Thunderstorm,High
13.81,71.2,12.59,38.69,13,Snow,Medium
19.79,94.0,10.85,7.5,2,Thunderstorm,High
8.5,64.8,5.26,6.63,20,Cloudy,Low
21.87,60.6,5.7,27.3,12,Rain,Low
19.51,69.9,3.65,11.0,4,Cloudy,Medium
25.39,27.7,15.0,13.81,12,Cloudy,Low
23.56,43.4,6.41,14.95,8,Rain,High
22.06,58.2,12.51,0.74,10,Cloudy,Low
13.82,52.2,7.4,7.99,6,Cloudy,Low
17.94,36.2,5.76,29.09,10,Cloudy,Low
27.76,80.4,9.06,2.56,3,Clear,Low
7.18,69.7,8.02,26.25,6,Thunderstorm,Medium
7.46,67.5,11.41,16.25,9,Snow,High
17.18,52.5,11.44,13.09,18,Cloudy,Low
19.98,66.4,7.23,7.3,21,Heavy Rain,Medium
5.11,74.3,4.68,32.29,21,Thunderstorm,High
14.1,60.2,5.41,5.28,8,Cloudy,Low
13.87,73.0,2.15,5.53,8,Rain,High
-11.58,50.7,8.18,17.57,6,Clear,Medium
12.36,66.8,8.96,5.46,12,Thunderstorm,Medium
13.11,85.6,5.57,2.41,22,Clear,Low
13.08,87.2,5.21,11.0,5,Heavy Rain,High
31.99,88.9,8.95,17.71,17,Cloudy,Low
0.41,70.1,7.1,28.44,6,Rain,Medium
5.1,65.6,8.36,30.27,8,Rain,Medium
-16.35,56.9,7.9,4.59,12,Cloudy,Medium
9.23,32.5,9.75,20.91,17,Thunderstorm,High
10.25,40.8,7.3,2.67,20,Clear,Low
8.88,62.0,7.53,3.12,15,Clear,Low
28.29,63.1,3.35,6.67,14,Fog,High
25.33,90.4,8.85,6.1,20,Clear,Low
15.93,88.7,9.27,1.9,14,Clear,Low
10.55,52.6,8.47,9.4,2,Clear,Low
27.31,79.7,14.74,24.55,1,Cloudy,Low
14.76,56.4,9.49,19.62,12,Snow,Medium
5.18,77.3,8.53,11.39,0,Rain,Medium
-5.59,79.5,10.5,2.83,16,Clear,Medium
9.7,87.4,15.0,22.66,18,Cloudy,Low
24.06,56.1,9.76,10.97,23,Rain,Medium
42.32,83.3,2.33,6.36,0,Heavy Rain,High
15.74,31.3,10.3,3.26,14,Cloudy,Low
5.82,88.3,6.36,16.38,22,Cloudy,Low
0.78,64.5,3.23,8.53,3,Thunderstorm,High
21.62,64.9,14.09,13.89,18,Clear,Low
-6.18,28.3,13.44,13.06,23,Thunderstorm,High
21.6,58.0,6.28,17.26,1,Clear,Low
24.81,89.4,6.3,13.5,11,Cloudy,Low
20.24,57.3,9.48,8.8,1,Clear,Low
12.36,77.8,6.34,16.54,11,Fog,Medium
21.78,65.6,8.59,20.1,20,Cloudy,Low
17.05,84.1,6.86,25.46,6,Fog,Medium
5.66,68.4,7.8,1.46,19,Snow,High
37.2,48.2,4.79,21.56,19,Clear,Medium
10.78,66.0,11.48,2.74,0,Clear,Low
24.31,93.8,12.61,20.68,12,Fog,Medium
-14.02,74.0,8.7,6.23,6,Cloudy,Medium
30.32,62.9,8.89,19.12,23,Snow,High
32.63,100.0,10.89,24.98,16,Rain,Medium
15.36,85.9,9.01,13.61,12,Heavy Rain,High
21.71,79.7,14.19,11.57,15,Cloudy,Low
21.7,70.7,5.05,11.11,4,Rain,Medium
7.29,78.1,11.58,7.76,12,Fog,High
21.57,78.7,8.66,22.12,18,Rain,Medium
5.3,25.7,5.64,11.03,22,Fog,Medium
7.69,72.1,15.0,7.58,3,Clear,Low
28.52,62.1,15.0,19.96,21,Heavy Rain,Medium
26.7,56.0,8.38,19.48,6,Cloudy,Low
6.52,61.5,10.33,12.39,20,Clear,Low
6.2,37.0,7.59,4.91,22,Rain,Low
7.25,32.5,8.07,1.56,19,Rain,Medium
23.79,87.4,5.6,4.93,23,Thunderstorm,High
3.0,73.3,5.16,13.79,13,Rain,Low
19.28,21.6,14.53,4.59,18,Clear,Low
23.96,54.6,8.88,15.82,21,Thunderstorm,High
13.94,80.8,9.15,12.65,4,Clear,Low
27.12,60.0,6.57,23.59,17,Rain,Medium
11.35,87.4,9.57,18.31,17,Rain,High
12.43,83.9,4.49,5.49,11,Cloudy,Medium
3.27,40.6,6.68,3.22,14,Cloudy,Low
27.21,62.4,5.4,4.61,15,Rain,Low
5.8,56.9,12.88,24.43,10,Snow,Medium
19.2,40.0,4.04,14.65,14,Fog,High
14.14,38.8,5.46,17.38,10,Thunderstorm,High
2.37,50.5,2.86,6.34,11,Clear,Medium
7.69,53.5,6.33,16.36,10,Clear,Low
31.59,70.1,7.62,1.68,11,Clear,Low
17.42,83.8,11.93,20.42,7,Thunderstorm,High
2.89,74.2,8.33,1.6,2,Clear,Medium
18.66,78.5,7.77,5.77,12,Rain,Low
13.25,60.2,9.9,32.36,10,Thunderstorm,High
45.0,75.9,7.67,13.21,0,Cloudy,Low
18.42,62.3,15.0,12.96,12,Clear,Low
10.43,57.1,7.23,4.83,20,Clear,Low
32.04,99.1,10.24,17.6,6,Rain,Medium
-7.09,23.1,11.48,19.97,21,Cloudy,Low
16.13,31.3,7.14,10.21,12,Cloudy,Low
38.93,71.9,9.5,20.01,9,Clear,Medium
13.61,60.2,7.5,22.53,20,Fog,Medium
-5.8,39.1,9.82,16.73,22,Fog,High
10.25,46.0,9.3,7.5,22,Rain,Medium
32.45,48.4,8.58,1.64,18,Cloudy,Medium
19.51,81.1,5.53,27.18,15,Cloudy,Medium
4.93,86.8,14.59,12.74,20,Clear,Low
6.78,94.5,10.76,12.78,20,Fog,Medium
8.28,36.4,4.23,4.52,21,Cloudy,Low
19.33,40.4,7.74,6.26,19,Clear,Low
31.06,39.2,4.29,22.73,8,Heavy Rain,High
27.63,88.2,11.29,25.49,23,Thunderstorm,High
20.47,72.5,8.93,19.17,19,Clear,Low
-0.98,66.4,9.01,16.96,20,Rain,High
-0.94,69.1,6.47,17.64,3,Thunderstorm,High
21.4,64.0,8.05,11.37,0,Clear,Medium
-1.15,44.8,11.36,1.17,23,Snow,High
12.29,74.2,12.17,0.78,14,Cloudy,Low
18.65,61.6,11.54,23.83,14,Rain,Low
1.35,43.4,4.34,11.7,16,Clear,Low
2.71,75.3,8.44,16.29,16,Clear,Low
13.87,57.3,9.76,13.9,0,Cloudy,Low
21.04,69.1,6.8,14.35,7,Clear,Low
27.74,62.8,4.02,15.1,12,Rain,Medium
22.28,81.0,5.14,18.28,0,Clear,Low
15.88,69.0,13.5,5.09,21,Heavy Rain,Medium
6.05,49.1,5.43,22.64,3,Clear,Medium
2.15,70.8,9.14,5.36,10,Rain,Medium
8.87,71.4,8.53,14.16,3,Clear,Low
19.92,74.2,8.54,1.35,1,Heavy Rain,High
19.04,83.6,8.04,10.5,10,Clear,Low
-10.2,53.9,11.37,6.06,18,Clear,Medium
5.57,77.0,9.11,12.22,7,Cloudy,Low
29.45,34.0,7.12,18.62,11,Heavy Rain,Low
15.95,62.8,9.15,12.68,22,Clear,Low
-2.0,60.1,5.17,29.65,9,Heavy Rain,High
43.27,91.1,10.43,19.16,20,Clear,Low
14.65,62.2,6.96,9.94,23,Thunderstorm,High
19.61,75.9,7.13,11.23,12,Clear,Low
19.79,33.3,10.54,15.4,14,Clear,Low
10.59,58.7,7.78,18.34,20,Rain,Low
6.27,49.8,7.95,0.89,16,Clear,Low
40.46,100.0,12.5,17.73,14,Cloudy,Medium
27.04,53.0,6.08,1.13,21,Heavy Rain,Medium
24.86,66.3,10.5,16.86,22,Heavy Rain,High
21.92,67.3,11.85,21.9,7,Clear,Low
2.96,36.4,12.5,14.7,17,Clear,Medium
30.33,55.5,15.0,8.93,6,Clear,Low
4.88,72.3,7.07,4.04,17,Cloudy,Medium
18.4,66.5,6.4,17.06,2,Heavy Rain,Medium
-4.67,23.6,11.45,10.08,6,Cloudy,Low
-9.49,54.8,11.82,17.49,19,Snow,High
18.82,83.4,6.63,20.86,19,Rain,Medium
5.29,75.6,10.45,22.22,11,Rain,Low
-8.87,86.9,15.0,9.83,18,Cloudy,Medium
21.49,47.3,9.31,15.95,11,Cloudy,Low
40.44,88.1,11.77,13.88,1,Cloudy,Low
31.67,64.2,13.73,1.26,19,Clear,Low
11.91,93.7,15.0,18.71,1,Clear,Medium
15.11,65.1,9.74,24.51,19,Fog,Medium
25.65,28.1,12.76,18.2,21,Snow,Medium
28.47,80.3,6.63,7.47,0,Clear,Low
10.88,57.0,9.07,18.66,23,Clear,Low
15.41,58.2,7.66,23.68,14,Heavy Rain,High
18.61,38.8,3.34,22.5,14,Rain,Medium
21.65,94.2,4.19,21.24,7,Clear,Medium
13.4,55.6,10.29,2.33,4,Heavy Rain,Low
13.56,93.4,10.35,15.58,0,Heavy Rain,High
31.56,57.2,5.88,17.81,10,Clear,Low
29.51,48.3,13.67,21.35,18,Heavy Rain,High
20.73,88.8,5.67,16.64,0,Fog,High
35.63,63.7,9.77,25.97,5,Rain,Medium
10.36,63.9,7.75,4.45,19,Heavy Rain,High
34.48,41.9,9.32,17.03,10,Clear,Low
21.51,56.8,11.7,16.31,2,Cloudy,Low
45.0,72.7,11.27,20.12,23,Heavy Rain,High
0.69,41.6,11.12,25.88,8,Cloudy,High
6.73,55.3,10.74,4.01,4,Cloudy,Medium
20.03,57.4,5.18,25.58,13,Cloudy,Medium
19.77,66.2,12.4,19.33,2,Rain,Medium
38.4,91.6,5.82,10.32,16,Snow,High
6.98,59.6,8.68,3.82,15,Snow,Medium
25.86,52.6,7.95,13.77,21,Rain,Low
28.95,100.0,10.05,14.57,7,Thunderstorm,High
23.46,57.2,7.55,15.07,10,Cloudy,Low
3.47,61.6,8.52,6.36,16,Cloudy,Low
31.89,58.6,13.86,17.48,4,Cloudy,Medium
29.75,60.0,5.11,8.35,8,Clear,Low
22.2,66.4,8.99,22.95,2,Clear,Low
17.45,81.6,5.66,27.39,16,Clear,Low
17.71,72.3,11.02,4.69,15,Cloudy,Low
14.06,84.4,6.82,12.54,2,Thunderstorm,High
22.69,83.8,9.12,20.75,3,Heavy Rain,Medium
15.37,68.8,5.03,14.48,9,Fog,Medium
4.82,71.8,12.87,0.17,15,Clear,Low
2.42,85.0,9.22,19.78,18,Clear,Low
5.98,45.0,9.41,6.55,10,Clear,Low
17.67,100.0,11.49,13.8,19,Cloudy,Medium
14.68,55.8,5.25,3.05,9,Clear,Low
17.58,58.7,7.15,19.15,14,Clear,Low
21.01,43.2,9.51,8.21,6,Clear,Low
7.47,43.7,3.71,20.1,15,Rain,Medium
32.59,82.5,4.04,10.07,21,Thunderstorm,High
11.79,100.0,6.54,7.67,6,Clear,Low
9.8,54.8,5.58,15.71,17,Clear,Low
20.79,71.3,7.97,2.33,10,Cloudy,Low
-7.04,69.0,10.57,28.18,12,Rain,High
5.51,83.0,11.25,13.67,13,Cloudy,Medium
26.77,100.0,14.43,6.9,10,Clear,Low
-5.85,92.4,8.93,8.41,15,Clear,Medium
28.41,60.7,9.46,12.16,8,Cloudy,Low
33.13,74.5,8.93,20.96,3,Clear,Low
10.57,76.3,9.96,3.95,9,Rain,High
18.5,64.6,10.2,8.68,10,Snow,Medium
28.43,45.3,11.77,11.55,20,Thunderstorm,Medium
9.4,50.6,11.75,25.88,15,Cloudy,Low
25.41,85.7,10.56,20.99,10,Snow,High
6.95,87.5,13.53,26.31,20,Cloudy,Low
9.27,61.3,9.08,12.28,0,Clear,Low
5.41,69.7,7.17,24.89,16,Clear,Low
19.11,86.6,7.66,23.41,22,Cloudy,Low
28.9,34.3,8.68,18.27,16,Snow,High
12.79,57.0,5.75,18.99,14,Fog,Medium
-0.25,100.0,7.16,6.65,12,Cloudy,Medium
2.01,70.4,5.58,28.45,3,Heavy Rain,High
19.74,44.7,10.03,9.79,3,Clear,Low
37.13,67.1,10.06,17.04,3,Heavy Rain,High
19.72,83.4,3.69,18.09,22,Clear,Low
10.36,19.2,7.04,0.34,9,Cloudy,Low
24.19,68.2,14.48,11.54,23,Heavy Rain,High
12.13,58.3,10.89,13.83,14,Cloudy,Low
10.46,35.4,10.36,10.98,18,Clear,Low
3.5,66.5,7.01,11.65,22,Thunderstorm,Medium
31.9,62.5,9.86,25.43,12,Clear,Low
-15.47,64.6,8.96,4.56,1,Clear,Medium
24.57,58.7,6.61,0.58,19,Cloudy,High
9.44,46.6,7.52,6.72,8,Rain,Medium
10.08,38.8,7.59,18.7,3,Cloudy,Low
35.31,52.6,4.53,19.58,6,Fog,Medium
6.43,80.5,5.03,17.45,23,Clear,Low
6.84,69.2,8.4,20.21,10,Cloudy,Low
13.44,63.8,6.46,14.3,13,Clear,Low
19.97,46.3,8.1,7.34,19,Clear,Low
9.7,58.3,4.18,3.49,13,Clear,Low
-3.89,78.3,11.4,0.64,3,Clear,Medium
4.61,74.1,15.0,9.96,2,Rain,High
30.38,56.4,12.08,19.1,22,Snow,Medium
15.9,18.0,12.39,14.13,4,Snow,High
20.41,52.9,10.88,12.21,6,Rain,Low
11.86,56.3,9.8,2.5,0,Cloudy,Low
7.09,48.7,9.26,35.21,18,Clear,Medium
35.13,57.6,6.26,4.57,12,Clear,Low
12.74,79.7,11.07,13.09,15,Cloudy,Low
9.68,64.3,10.89,21.03,4,Rain,Medium
28.15,82.8,7.61,12.38,13,Cloudy,Low
6.33,37.8,10.58,4.74,13,Heavy Rain,Medium
7.86,59.5,6.92,19.28,20,Clear,Low
15.12,30.1,7.11,0.06,17,Clear,Low
15.0,57.3,11.33,27.68,14,Thunderstorm,High
18.12,46.2,10.29,14.54,16,Clear,Low
40.1,88.1,8.3,9.72,18,Thunderstorm,High
19.03,72.4,7.96,0.75,5,Clear,Low
-13.54,83.3,9.52,1.63,14,Clear,Low
18.92,57.3,3.49,11.53,22,Cloudy,Low
15.45,46.6,6.73,29.03,17,Clear,Medium
15.52,46.1,5.2,14.1,20,Fog,Medium
17.95,69.8,9.04,15.12,1,Cloudy,Medium
14.66,97.6,12.27,15.47,20,Cloudy,Medium
14.37,72.4,10.43,33.28,15,Cloudy,Low
22.36,58.3,7.47,8.03,4,Clear,Low
8.5,61.6,6.88,26.09,21,Rain,Medium
3.63,64.4,6.74,8.41,21,Clear,Low
45.0,100.0,15.0,5.67,15,Rain,Low
6.41,87.2,9.2,11.28,23,Cloudy,Medium
16.2,69.7,9.6,11.24,19,Snow,High
-2.95,67.0,2.67,17.06,10,Cloudy,Medium
16.4,70.4,5.46,8.92,23,Fog,High
3.8,73.9,8.87,13.33,11,Clear,Low
9.69,57.6,7.51,6.61,3,Rain,Medium
27.54,49.8,9.4,5.48,2,Cloudy,Medium
20.66,83.6,9.36,0.34,16,Clear,Low
21.82,65.4,10.8,8.72,3,Clear,Medium
-6.25,82.1,3.39,7.35,21,Rain,High
37.04,94.6,5.68,8.16,22,Cloudy,Low
0.7,74.4,8.7,2.75,0,Clear,Medium
33.34,71.5,7.06,12.88,4,Rain,Medium
27.26,100.0,8.07,4.88,4,Clear,Medium
21.93,68.7,9.33,2.72,16,Clear,Low
4.74,45.4,6.77,7.07,5,Clear,Low
16.82,59.9,9.58,5.03,16,Cloudy,Medium
9.35,92.9,10.63,12.37,21,Fog,Medium
15.35,41.7,9.2,6.95,15,Snow,Medium
12.0,51.5,11.16,1.05,23,Cloudy,Medium
-9.46,84.9,2.48,4.0,11,Clear,Medium
28.46,60.1,7.24,3.54,21,Snow,Medium
14.03,63.0,11.68,22.23,18,Rain,Low
9.18,84.3,6.41,23.68,11,Clear,Low
8.28,52.1,6.0,24.77,6,Fog,Medium
19.3,38.6,8.62,6.69,16,Fog,High
4.27,40.0,8.95,23.67,18,Cloudy,Low
-12.06,75.5,7.4,15.66,2,Fog,High
19.89,69.7,14.53,4.6,7,Rain,Medium
21.23,52.5,9.86,6.34,23,Snow,Medium
12.6,44.1,6.29,10.45,3,Cloudy,Medium
1.23,60.1,4.68,12.92,22,Cloudy,Low
16.07,85.1,10.22,15.27,3,Cloudy,Low
-2.57,50.0,6.22,11.98,14,Clear,Medium
2.67,53.1,15.0,8.86,7,Cloudy,Low
5.99,43.6,10.28,24.17,3,Cloudy,Low
25.13,58.4,10.68,10.98,5,Clear,Low
10.65,71.1,9.75,10.46,22,Fog,Medium
9.63,100.0,12.36,10.04,6,Clear,Low
38.46,68.9,1.81,10.98,21,Fog,High
19.23,64.0,5.39,0.26,15,Cloudy,Low
19.07,80.5,12.1,2.97,23,Cloudy,Low
10.56,77.5,13.5,34.01,11,Snow,Medium
7.84,54.6,5.29,2.85,12,Cloudy,Low
-11.24,100.0,3.54,14.45,1,Clear,Medium
26.62,64.6,9.5,15.08,8,Clear,Low
20.38,69.3,10.46,21.11,14,Rain,Medium
12.85,74.9,9.44,15.3,9,Snow,High
13.35,71.2,8.82,29.02,4,Cloudy,Medium
23.83,92.5,3.44,14.16,11,Clear,Medium
-3.66,54.4,7.87,24.13,23,Fog,High
7.92,79.1,8.32,21.36,21,Rain,Low
1.36,68.0,7.36,25.88,8,Cloudy,Medium
36.26,82.7,3.24,12.22,3,Heavy Rain,High
25.51,61.1,10.75,15.58,0,Cloudy,High
-11.43,58.7,11.6,8.68,15,Rain,Medium
-3.17,78.2,6.62,13.44,16,Cloudy,Medium
13.41,71.4,8.44,13.93,21,Clear,Low
9.33,50.2,7.51,6.7,13,Clear,Low
-0.89,89.2,7.54,10.71,6,Fog,Medium
38.34,78.2,10.48,20.01,0,Heavy Rain,High
18.75,63.7,10.55,0.15,12,Clear,Low
20.7,56.6,12.22,3.12,6,Clear,Low
6.7,71.6,12.16,22.4,19,Clear,Low
23.67,76.9,8.48,24.09,15,Clear,Low
10.43,36.3,15.0,6.41,12,Rain,Low
11.6,71.8,13.65,13.57,17,Rain,Medium
22.33,76.7,7.03,11.3,12,Clear,Low
-4.55,22.7,9.38,22.59,15,Cloudy,Medium
34.16,68.5,3.04,7.2,18,Cloudy,High
17.19,77.5,9.08,8.59,1,Clear,Medium
30.37,75.5,14.02,24.07,3,Rain,Medium
2.09,79.4,15.0,2.97,11,Rain,Low
3.92,59.1,8.64,7.52,17,Rain,Low
1.06,46.3,10.0,13.2,10,Rain,Medium
18.0,32.6,10.82,25.71,21,Fog,Medium
15.79,84.7,14.94,1.26,23,Rain,High
9.43,77.7,6.05,5.6,2,Heavy Rain,High
2.83,86.0,15.0,17.33,15,Cloudy,Low
-0.2,51.9,8.05,18.72,1,Clear,Medium
14.42,79.5,5.49,13.9,18,Clear,Low
9.41,38.0,8.05,10.95,2,Cloudy,Low
6.77,49.3,6.57,13.17,2,Heavy Rain,High
33.57,67.3,10.26,1.57,17,Rain,Medium
14.01,76.9,4.04,12.91,9,Clear,Low
30.24,95.2,9.42,25.34,9,Clear,Low
8.6,60.7,10.99,0.12,10,Cloudy,Medium
17.94,49.4,13.45,4.94,11,Cloudy,Low
14.33,48.5,11.04,8.43,16,Rain,Medium
-5.37,52.6,13.26,8.99,17,Clear,Medium
32.14,100.0,7.18,28.57,22,Cloudy,Low
13.38,78.6,10.18,3.61,12,Cloudy,Low
23.96,85.0,2.31,1.81,20,Thunderstorm,High
5.98,60.7,8.66,18.94,14,Fog,Medium
13.02,65.0,10.16,6.18,1,Cloudy,Medium
4.6,77.6,10.43,19.09,20,Cloudy,Low
29.83,55.9,4.28,10.23,10,Fog,High
18.74,59.8,7.83,16.13,10,Snow,Medium
19.4,52.9,8.25,2.11,20,Rain,Low
31.3,56.9,7.71,16.1,20,Rain,Low
28.88,65.9,11.18,13.96,23,Rain,Medium
24.18,50.2,8.35,9.7,12,Rain,Medium
-2.06,70.1,9.3,0.91,10,Snow,High
6.65,70.1,7.53,13.95,9,Rain,Medium
2.95,61.8,12.19,18.52,8,Rain,High
23.73,50.1,12.42,7.22,6,Fog,Low
17.05,66.9,8.07,7.4,7,Fog,Low
-1.69,55.9,15.0,19.14,17,Cloudy,Medium
12.74,65.8,6.7,27.39,7,Thunderstorm,High
-2.93,84.8,12.02,20.46,14,Cloudy,Medium
14.36,42.4,6.15,14.07,5,Clear,Low
-4.86,100.0,11.32,9.81,19,Clear,Medium
21.35,63.7,11.09,11.75,10,Clear,Low
19.54,72.4,5.96,0.07,13,Cloudy,Low
37.9,51.5,8.61,10.61,23,Thunderstorm,Medium
25.17,85.6,14.6,22.08,20,Cloudy,Low
9.93,62.7,6.56,12.36,7,Fog,Medium
24.82,57.9,10.21,6.37,6,Clear,Low
-1.77,54.6,10.01,5.54,13,Clear,Medium
3.45,60.2,8.87,11.71,17,Clear,Low
19.0,72.5,3.81,0.89,23,Cloudy,Medium
-10.9,68.1,11.49,3.82,9,Thunderstorm,High
14.55,64.3,9.03,25.8,13,Clear,Low
2.76,52.2,12.31,2.68,2,Cloudy,Medium
16.22,51.2,9.7,4.79,17,Snow,High
2.07,56.7,9.19,14.62,12,Cloudy,Low
20.09,73.3,10.12,8.02,15,Cloudy,Low
15.23,76.9,6.04,12.8,5,Cloudy,Low
31.8,79.3,13.67,19.77,10,Rain,Low
15.08,65.0,7.87,1.92,1,Cloudy,Low
5.78,71.9,7.91,18.79,8,Rain,Medium
12.04,62.0,12.88,6.76,8,Heavy Rain,High
-1.13,33.6,9.74,9.43,10,Clear,Medium
19.87,61.1,8.29,29.3,23,Heavy Rain,High
22.08,58.2,10.24,0.62,14,Fog,High
44.63,46.3,10.88,17.32,21,Clear,Low
7.54,54.8,8.64,22.15,4,Clear,Low
11.79,67.4,11.77,5.85,23,Rain,High
8.09,44.6,5.19,5.99,14,Rain,Medium
17.55,52.2,9.79,8.68,0,Cloudy,Low
19.58,92.9,11.4,5.79,20,Fog,Low
14.36,36.2,10.87,12.6,3,Clear,Medium
28.04,61.7,2.28,20.03,19,Clear,Medium
7.6,44.0,8.62,8.73,5,Clear,Low
26.83,51.5,5.36,20.36,16,Snow,High
21.46,61.4,12.86,24.61,17,Clear,Medium
14.86,47.2,7.83,15.88,2,Rain,Medium
11.22,75.3,12.52,16.73,23,Fog,High
44.12,89.3,5.35,6.65,21,Clear,Low
5.2,80.2,10.17,11.61,9,Clear,Low
18.58,83.4,9.02,17.27,5,Snow,High
6.0,40.2,15.0,19.17,14,Clear,Low
36.43,60.6,12.53,14.18,18,Cloudy,Low
25.64,73.4,12.34,20.19,2,Rain,Low
6.86,80.7,15.0,7.07,3,Rain,Medium
21.15,96.6,9.85,16.67,15,Clear,Low
18.09,84.2,8.7,25.25,6,Snow,Low
8.8,81.1,8.36,17.99,21,Heavy Rain,High
24.1,100.0,9.98,24.08,13,Clear,Low
19.67,66.7,0.69,24.14,15,Clear,Medium
17.59,59.8,9.01,1.01,8,Rain,Medium
14.5,68.2,9.68,18.47,15,Cloudy,Low
20.17,48.5,8.53,6.31,6,Cloudy,Low
17.75,66.2,4.41,2.03,11,Clear,Low
15.71,33.9,8.55,9.43,0,Rain,High
7.31,55.5,4.4,27.79,10,Clear,Medium
35.33,62.9,14.32,7.11,18,Cloudy,Medium
2.39,82.1,8.23,3.82,8,Rain,Medium
20.13,85.0,2.81,1.0,1,Thunderstorm,High
11.16,47.7,8.38,16.31,19,Clear,Medium
36.11,100.0,11.69,5.17,6,Rain,Medium
4.16,67.7,9.53,6.39,15,Clear,Low
6.18,69.3,6.26,0.65,17,Clear,Low
3.36,35.9,6.97,13.5,7,Clear,Low
18.88,53.8,8.14,19.02,7,Snow,High
-1.48,83.9,7.68,7.99,12,Cloudy,Medium
9.26,68.1,5.22,17.84,11,Fog,Medium
-10.83,66.9,8.8,20.23,2,Clear,High
17.89,69.1,5.0,4.95,1,Rain,High
9.0,39.0,11.85,10.91,1,Cloudy,Low
-2.86,63.3,12.21,6.6,7,Rain,High
28.03,90.3,5.99,16.85,3,Thunderstorm,High
-0.69,84.6,6.85,6.49,18,Thunderstorm,High
24.56,62.7,7.73,1.08,20,Snow,Medium
6.59,93.1,8.91,12.47,19,Clear,Medium
34.22,42.3,9.77,21.99,6,Heavy Rain,Medium
23.99,47.5,10.39,16.6,8,Thunderstorm,High
2.9,98.5,10.32,21.06,23,Cloudy,Medium
4.0,75.4,13.66,20.27,3,Cloudy,Medium
22.27,59.8,9.18,12.38,8,Cloudy,Medium
11.85,64.0,5.09,6.62,10,Rain,Medium
12.97,50.5,4.17,4.17,9,Clear,Medium
30.27,70.0,13.91,2.28,22,Clear,Medium
6.02,68.6,10.53,22.71,19,Clear,Low
16.1,65.4,9.62,9.02,23,Rain,Low
26.46,44.1,10.35,3.34,5,Clear,Low
24.71,69.8,9.48,23.11,1,Fog,High
13.08,55.5,10.3,12.85,21,Cloudy,Low
11.53,47.3,7.88,20.71,3,Clear,Low
-5.87,87.8,12.17,9.65,15,Rain,Medium
2.33,100.0,7.43,4.86,21,Clear,Low
18.82,100.0,6.29,16.01,1,Heavy Rain,High
13.35,76.7,3.93,16.76,14,Fog,Medium
15.9,60.2,8.29,9.48,22,Cloudy,Low
27.47,63.7,12.8,23.82,23,Clear,Low
0.75,72.3,7.63,20.51,6,Cloudy,Low
12.17,57.4,4.86,17.08,6,Cloudy,Medium
17.26,88.7,9.85,2.01,5,Cloudy,Low
6.55,28.4,7.05,0.74,14,Heavy Rain,Medium
32.18,59.7,13.64,22.79,21,Clear,Medium
25.9,79.4,12.22,7.7,21,Snow,Medium
18.48,49.8,5.19,11.18,7,Cloudy,Low
36.53,60.7,8.48,13.32,12,Rain,Low
-2.99,75.7,6.73,7.59,17,Clear,Low
14.91,92.3,5.52,11.68,16,Clear,Medium
19.4,41.7,8.83,15.78,0,Cloudy,Low
4.03,40.4,11.45,6.72,21,Rain,Low
18.61,48.0,8.75,19.93,22,Thunderstorm,Medium
1.72,37.3,7.45,17.24,15,Clear,Medium
23.29,38.6,2.38,10.38,9,Fog,High
27.69,47.5,7.0,4.56,18,Clear,Medium
18.27,87.2,10.66,11.18,4,Thunderstorm,High
-7.23,59.4,4.97,31.0,5,Clear,Medium
3.4,65.6,12.85,5.18,23,Cloudy,Medium
21.78,47.8,7.25,25.78,8,Heavy Rain,High
15.25,76.4,9.58,3.8,17,Cloudy,Low
-17.33,98.8,7.8,4.25,9,Thunderstorm,High
29.91,49.0,5.47,7.12,19,Fog,Medium
16.64,96.0,10.32,20.54,19,Cloudy,Low
5.17,71.6,7.21,12.5,12,Clear,Low
26.94,65.3,6.5,23.79,9,Clear,Low
6.87,72.2,1.87,9.01,16,Clear,Medium
6.74,72.0,12.91,11.52,4,Rain,Medium
19.3,98.4,9.02,9.04,6,Clear,Low
36.37,74.4,12.32,30.24,1,Cloudy,Medium
34.48,74.7,10.86,1.92,12,Clear,Low
19.32,57.4,12.32,7.43,15,Snow,Medium
20.55,80.1,7.31,3.2,9,Clear,Low
24.5,47.8,4.88,17.16,17,Rain,Medium
-0.08,67.0,11.29,1.73,10,Rain,Medium
22.73,100.0,9.39,28.4,5,Cloudy,Low
6.19,19.9,7.6,12.73,0,Heavy Rain,High
18.82,69.2,11.23,15.71,20,Clear,Low
12.27,69.9,9.92,16.17,19,Rain,Medium
21.01,60.9,10.92,11.82,10,Clear,Low
16.42,61.3,5.93,13.09,5,Clear,Low
-20.0,66.6,11.93,12.76,14,Thunderstorm,High
17.15,60.5,8.99,16.67,11,Clear,Low
22.71,69.0,12.25,4.6,8,Clear,Low
20.35,56.2,11.9,3.07,15,Clear,Low
13.77,100.0,11.06,19.39,5,Rain,Low
34.71,60.5,8.67,11.98,0,Heavy Rain,High
18.74,75.3,11.13,6.06,3,Clear,Medium
20.25,53.0,12.33,7.72,8,Cloudy,Low
27.53,81.8,10.82,25.77,19,Snow,High
19.35,78.2,9.61,10.56,6,Heavy Rain,Medium
4.22,72.5,11.14,7.22,23,Heavy Rain,Medium
-14.26,46.5,7.42,1.45,3,Clear,Low
9.27,51.5,13.54,6.89,23,Clear,Medium
24.13,95.4,3.95,1.53,19,Cloudy,Medium
10.76,51.3,9.1,15.86,1,Cloudy,Medium
24.61,76.5,7.78,12.44,12,Heavy Rain,Medium
16.78,48.0,7.08,8.73,16,Fog,High
30.46,83.2,9.92,5.14,10,Rain,Low
11.46,52.6,5.62,25.74,23,Cloudy,Low
20.61,47.7,15.0,5.65,3,Rain,Medium
21.07,52.2,4.94,5.69,12,Clear,Low
33.02,55.0,6.15,9.81,12,Cloudy,Low
-5.48,72.3,5.86,11.07,14,Clear,Low
9.5,66.2,9.6,16.34,6,Rain,Low
25.18,45.3,12.04,20.37,11,Heavy Rain,Medium
33.55,64.5,10.58,19.7,3,Thunderstorm,Medium
17.88,44.4,13.42,33.87,2,Cloudy,High
11.49,76.6,6.52,3.24,12,Clear,Low
24.09,79.9,10.98,14.08,17,Clear,Low
25.42,64.6,8.09,7.32,16,Fog,Low
10.68,69.9,9.68,30.09,22,Clear,Low
18.96,96.5,12.33,13.58,1,Cloudy,Medium
29.17,62.2,3.92,6.27,10,Clear,Medium
37.69,48.0,14.97,15.91,1,Snow,High
23.91,75.4,8.56,14.4,8,Clear,Low
15.53,44.6,4.18,18.82,17,Cloudy,Medium
14.35,61.2,6.92,5.49,14,Heavy Rain,Medium
21.69,54.2,9.31,14.95,4,Rain,Medium
13.61,52.4,6.92,9.57,1,Rain,Medium
17.28,60.5,2.86,5.96,3,Clear,High
2.31,81.2,9.29,15.08,10,Clear,Low
30.56,84.9,6.83,13.38,23,Clear,Low
1.32,81.7,10.95,21.45,9,Thunderstorm,High
9.81,71.1,5.79,12.24,4,Clear,Low
16.17,60.4,15.0,17.44,6,Cloudy,Low
38.89,22.6,10.54,1.13,16,Clear,Medium
9.93,71.6,9.59,24.55,6,Cloudy,Low
7.01,24.0,10.87,5.01,19,Clear,Low
8.39,30.4,3.54,20.13,0,Heavy Rain,High
34.91,62.1,7.51,14.37,7,Fog,High
-18.75,69.8,14.35,13.23,6,Cloudy,Medium
2.97,56.9,8.04,18.84,11,Snow,High
45.0,92.6,8.81,7.26,9,Clear,Low
22.09,73.3,7.6,6.84,13,Cloudy,Low
1.73,60.5,13.39,18.72,7,Clear,Medium
14.5,90.0,8.27,29.3,4,Cloudy,Medium
15.81,93.2,5.24,11.78,15,Cloudy,Low
25.15,74.2,15.0,9.94,7,Rain,Medium
37.07,51.0,4.87,9.15,21,Heavy Rain,High
19.66,55.1,8.71,11.46,23,Fog,Medium
8.52,39.0,6.47,21.99,5,Clear,Low
24.45,64.2,6.9,12.44,6,Rain,Low
6.62,46.1,5.82,0.51,22,Snow,Medium
2.6,59.1,7.38,20.67,19,Cloudy,High
-6.12,69.7,11.95,17.11,10,Cloudy,Low
-3.78,29.3,3.29,5.71,12,Rain,High
4.24,42.3,12.78,18.48,5,Clear,Low
0.87,55.9,12.27,7.08,15,Rain,Low
18.76,64.1,10.53,9.32,22,Cloudy,Low
0.61,56.1,9.38,7.23,10,Clear,Low
-20.0,60.1,9.83,9.21,10,Thunderstorm,Medium
2.47,52.3,13.27,20.16,14,Clear,Low
9.34,38.9,3.76,4.07,19,Thunderstorm,High
7.73,55.4,11.18,21.94,12,Rain,Medium
33.23,61.2,6.76,13.59,10,Clear,Low
7.64,59.4,11.48,8.49,11,Clear,Low
25.57,67.0,7.16,12.19,0,Heavy Rain,High
14.77,72.5,11.12,3.82,19,Clear,Low
14.49,77.3,4.35,2.69,8,Clear,Medium
4.98,53.6,3.92,4.07,21,Cloudy,Medium
14.29,36.6,8.66,5.06,8,Thunderstorm,Medium
5.82,87.9,13.31,0.17,6,Cloudy,Low
17.04,71.9,10.61,2.6,21,Cloudy,Low
12.17,47.8,10.59,23.01,3,Heavy Rain,High
3.66,70.0,11.58,0.44,18,Rain,Medium
26.9,84.2,7.81,11.63,19,Clear,Low
20.12,96.1,10.83,22.05,5,Cloudy,Low
9.62,69.5,7.26,19.65,5,Cloudy,Low
16.75,84.1,8.06,9.34,7,Clear,Low
13.99,43.2,8.43,9.38,20,Clear,Low
4.59,64.4,7.36,13.62,8,Rain,Medium
15.85,59.0,8.8,31.01,2,Clear,Medium
7.55,71.2,8.24,15.72,9,Heavy Rain,Medium
3.66,94.0,6.88,18.01,2,Cloudy,Low
-4.47,69.5,8.58,32.4,12,Clear,Low
10.7,48.1,9.47,14.5,4,Thunderstorm,High
21.8,42.3,5.7,22.33,6,Snow,Medium
6.66,94.6,10.25,16.3,0,Rain,High
45.0,74.2,7.52,16.17,0,Heavy Rain,High
25.63,73.1,9.59,3.33,17,Rain,Medium
30.65,58.8,7.0,1.84,22,Clear,Low
24.54,69.8,12.15,7.39,9,Rain,Low
37.23,47.2,11.87,19.94,0,Clear,Low
5.56,72.0,5.85,19.51,22,Fog,Low
-15.73,43.9,10.57,24.0,9,Cloudy,High
9.65,58.5,13.34,11.9,8,Rain,High
21.7,53.4,6.16,16.84,19,Clear,Low
16.82,10.0,6.39,16.88,16,Cloudy,Medium
18.31,58.8,11.21,11.03,17,Clear,Low
30.85,48.8,5.08,9.11,16,Cloudy,Low
19.58,61.2,6.67,1.36,0,Cloudy,Low
24.59,65.0,5.96,10.63,7,Rain,Medium
3.73,96.8,11.24,11.06,16,Cloudy,Medium
1.86,70.5,6.92,22.21,21,Clear,Low
34.37,71.0,8.15,23.1,15,Rain,Medium
16.21,73.9,6.76,13.31,9,Clear,Low
7.52,80.7,12.45,30.57,21,Heavy Rain,Medium
7.54,73.2,6.42,13.71,13,Rain,Low
7.21,70.1,4.78,21.3,3,Heavy Rain,High
6.49,77.8,4.66,11.1,9,Thunderstorm,High
-0.4,21.3,11.08,1.74,20,Cloudy,Low
-3.01,100.0,11.3,8.17,10,Cloudy,Low
12.66,93.6,12.75,25.27,13,Rain,Medium
7.88,68.9,5.22,9.62,1,Rain,High
28.29,39.6,8.31,7.8,15,Rain,Low
18.52,86.8,15.0,11.96,7,Fog,Medium
18.18,52.5,8.09,8.49,2,Cloudy,Medium
6.08,74.6,7.31,22.74,22,Snow,Low
13.55,41.9,8.94,28.97,9,Rain,Medium
19.33,100.0,10.59,12.05,19,Heavy Rain,High
23.59,39.0,10.54,16.86,16,Cloudy,Medium
13.87,66.2,7.16,20.75,21,Cloudy,Medium
27.95,26.8,7.24,12.98,10,Fog,Low
15.1,64.3,8.11,4.1,17,Snow,High
24.51,57.3,6.81,8.32,22,Cloudy,Low
9.12,85.5,5.3,15.71,15,Cloudy,Low
-6.75,57.3,14.42,15.54,15,Clear,Low
18.22,85.5,7.78,4.13,21,Clear,Low
23.7,46.6,7.95,8.07,8,Clear,Low
21.9,59.9,8.04,5.37,12,Fog,Medium
20.07,60.3,8.76,19.94,17,Clear,Low
10.82,73.9,10.3,5.72,21,Cloudy,Low
5.32,71.6,7.6,7.85,19,Rain,Medium
21.62,78.0,12.42,7.54,9,Rain,Low
20.12,69.8,10.79,19.12,18,Heavy Rain,High
8.27,76.9,8.43,20.72,14,Cloudy,Low
28.31,48.8,7.0,16.44,10,Cloudy,Low
4.41,72.0,12.25,21.96,11,Cloudy,Low
8.0,93.9,8.51,23.12,18,Rain,Medium
34.64,34.8,5.27,4.29,0,Thunderstorm,High
25.42,73.8,12.06,17.33,22,Rain,Low
10.7,77.2,6.82,8.67,4,Heavy Rain,Medium
18.45,91.3,11.61,0.69,16,Fog,High
16.86,78.1,1.46,9.12,22,Clear,Medium
-17.95,66.8,7.89,18.58,5,Clear,Medium
4.12,72.7,12.48,25.1,14,Clear,Low
14.39,51.8,9.02,0.11,12,Fog,Medium
10.72,58.0,10.79,17.57,1,Cloudy,Medium
17.97,41.0,6.29,29.69,15,Rain,Medium
28.55,91.8,10.04,28.48,23,Cloudy,Medium
11.14,73.1,9.01,19.08,21,Heavy Rain,Medium
2.31,48.5,9.73,31.61,22,Cloudy,Medium
18.9,69.9,15.0,20.65,11,Clear,Low
11.08,85.9,12.91,8.77,17,Cloudy,Medium
13.13,82.9,11.38,5.11,5,Cloudy,Low
11.5,48.3,11.41,23.32,6,Cloudy,Low
41.9,10.0,6.27,15.24,22,Clear,Low
-11.89,72.1,7.59,6.83,7,Clear,High
10.34,49.0,4.4,12.6,17,Clear,Low
14.96,76.2,5.19,16.91,20,Fog,Medium
5.63,82.1,6.34,6.79,15,Clear,Low
25.8,85.0,8.91,10.86,1,Cloudy,Medium
24.76,96.4,5.32,20.07,22,Clear,Low
14.43,87.3,8.88,5.69,5,Clear,Low
11.75,96.5,8.54,0.21,23,Rain,Medium
13.66,89.8,5.6,6.26,3,Fog,High
13.74,91.4,13.58,4.0,8,Cloudy,Medium
14.06,64.3,5.03,6.56,17,Heavy Rain,High
12.74,41.8,12.35,3.55,1,Heavy Rain,High
18.03,100.0,2.24,14.12,9,Rain,High
24.04,66.1,8.57,19.81,21,Snow,Medium
0.24,87.1,5.41,4.69,21,Clear,Low
2.39,55.1,7.04,6.13,13,Clear,Low
-5.98,82.4,14.43,10.31,19,Cloudy,High
25.4,21.0,7.96,3.8,19,Cloudy,Low
18.0,57.6,5.69,20.85,23,Cloudy,Medium
21.06,63.2,10.46,4.0,10,Fog,Medium
-2.15,73.3,7.93,7.27,7,Clear,High
36.42,84.3,9.45,5.13,21,Fog,Medium
7.69,45.3,6.26,21.07,11,Cloudy,Low
17.02,76.9,6.4,9.92,14,Snow,Medium
25.25,87.1,6.64,29.94,15,Cloudy,Low
3.16,100.0,11.4,15.18,19,Cloudy,Low
8.44,77.7,8.32,22.43,23,Rain,Low
17.15,56.7,5.86,9.08,8,Cloudy,Low
45.0,42.1,9.49,3.52,8,Snow,High
18.61,97.9,9.24,11.7,21,Cloudy,Low
34.28,78.3,10.72,5.89,7,Clear,Medium
29.47,64.6,7.55,5.99,15,Heavy Rain,Medium
19.42,35.8,8.77,21.12,15,Cloudy,Low
3.13,48.2,10.27,12.29,10,Rain,Low
27.72,76.4,5.97,5.7,15,Cloudy,Low
-2.98,71.4,11.66,15.39,17,Rain,High
34.21,30.0,9.05,12.42,4,Rain,Medium
17.4,76.4,5.7,24.69,4,Thunderstorm,High
-16.8,36.8,5.67,15.9,10,Cloudy,Low
10.91,89.4,8.7,10.59,20,Clear,Low
22.85,68.8,7.35,18.24,9,Cloudy,Medium
12.16,56.7,11.26,11.68,11,Rain,Medium
23.58,82.8,8.14,13.65,10,Cloudy,Low
4.8,71.4,9.91,23.04,18,Snow,High
-0.67,88.8,6.45,1.48,3,Thunderstorm,High
14.14,66.4,8.93,4.23,14,Thunderstorm,Medium
15.38,67.5,12.95,8.23,15,Clear,Low
10.82,59.9,8.56,9.54,4,Clear,Medium
29.73,69.7,7.34,22.41,4,Clear,Medium
4.8,95.6,6.41,0.73,16,Fog,Low
18.76,56.0,8.94,11.73,0,Heavy Rain,High
15.82,76.7,13.23,7.04,5,Clear,Low
-3.68,49.2,4.91,27.3,11,Cloudy,High
-0.83,27.8,8.85,19.95,0,Fog,High
15.14,68.7,3.86,14.15,0,Clear,Medium
38.77,71.7,7.77,20.72,15,Cloudy,Low
21.95,63.0,9.79,0.13,15,Rain,Medium
-5.71,38.1,4.26,30.25,22,Clear,Medium
-20.0,70.5,7.67,4.42,14,Cloudy,Low
23.8,69.8,9.87,23.31,2,Fog,Medium
13.85,49.0,9.39,16.96,13,Clear,Low
28.7,40.6,10.02,14.38,0,Rain,Medium
4.43,60.5,6.08,22.94,2,Snow,Medium
19.2,76.8,9.87,20.97,5,Cloudy,Low
25.15,72.5,7.2,12.97,2,Clear,Low
9.63,49.1,11.14,8.21,23,Rain,Medium
9.89,67.5,2.07,13.11,15,Cloudy,Low
15.3,81.0,8.13,11.07,14,Cloudy,Low
21.51,43.9,9.3,15.19,0,Clear,Low
14.83,66.1,13.05,21.19,3,Thunderstorm,Medium
26.69,89.1,9.26,16.22,2,Heavy Rain,High
9.46,42.1,9.56,13.66,14,Clear,Low
-0.94,85.8,10.13,6.11,18,Clear,Medium
38.72,94.1,12.76,14.92,14,Fog,Medium
7.74,61.0,7.85,3.26,4,Snow,Medium
8.18,58.8,4.79,4.82,6,Cloudy,Low
14.21,83.6,4.22,17.46,11,Rain,High
15.81,61.6,10.99,19.97,10,Clear,Low
10.36,22.6,9.67,11.81,2,Clear,Low
14.79,63.2,8.23,13.81,10,Fog,Medium
14.52,73.5,7.24,15.33,5,Cloudy,Low
17.1,78.3,9.54,18.13,4,Clear,Low
-13.29,49.1,9.63,10.19,21,Cloudy,Low
37.57,60.1,10.44,3.15,2,Cloudy,Low
13.23,82.6,5.67,15.48,18,Thunderstorm,High
21.97,63.9,3.71,29.62,1,Clear,Medium
-1.54,37.5,6.26,3.7,4,Rain,Medium
9.35,87.3,4.95,10.86,21,Heavy Rain,Medium
6.93,61.1,4.79,8.52,5,Heavy Rain,Medium
32.64,84.6,13.71,33.72,1,Heavy Rain,High
7.97,39.9,2.2,3.35,11,Rain,Medium
24.1,62.8,10.41,10.56,5,Cloudy,Low
7.19,74.2,11.72,8.72,15,Clear,Low
9.57,63.4,11.96,0.71,13,Thunderstorm,High
12.05,43.7,9.83,0.22,13,Clear,Low
30.41,22.0,12.96,17.12,0,Clear,Low
-7.68,92.4,14.35,18.38,6,Clear,Medium
-0.79,69.5,8.09,6.96,0,Cloudy,Medium
-8.37,86.0,10.34,24.68,22,Cloudy,Medium
1.95,81.7,12.83,8.26,2,Cloudy,Medium
5.26,75.7,6.41,0.67,20,Cloudy,Low
-4.37,59.2,8.27,4.58,20,Rain,Medium
6.19,73.8,7.12,11.92,15,Thunderstorm,Low
-9.18,90.8,10.38,7.94,19,Cloudy,Medium
2.78,66.5,3.31,10.19,21,Thunderstorm,Medium
29.41,99.2,13.31,16.37,21,Clear,Low
19.84,38.0,10.6,25.11,7,Cloudy,Medium
17.25,36.1,10.77,19.22,18,Clear,Low
2.97,82.8,1.91,12.51,7,Rain,High
-3.43,50.3,5.88,11.28,3,Thunderstorm,High
1.33,100.0,13.47,21.91,7,Clear,Low
14.48,89.1,8.47,28.96,22,Rain,Medium
25.42,93.6,3.83,17.74,3,Heavy Rain,High
25.83,80.9,9.66,7.59,13,Clear,Low
22.57,48.4,11.04,14.33,3,Cloudy,Low
6.15,35.1,10.59,17.22,11,Clear,Low
15.29,91.9,8.55,7.0,21,Cloudy,Low
11.14,38.0,12.41,19.79,22,Heavy Rain,Medium
12.59,93.5,6.89,14.38,20,Clear,Low
39.45,77.1,10.62,22.48,20,Fog,Medium
-6.14,63.6,9.41,3.21,13,Heavy Rain,High
12.18,73.0,8.6,3.67,0,Clear,Medium
29.54,73.4,7.86,8.47,15,Cloudy,Low
-2.59,61.4,7.97,12.21,10,Rain,High
7.28,90.7,9.1,4.21,5,Rain,Medium
8.65,90.0,8.12,6.52,16,Cloudy,Low
12.32,67.8,11.2,23.55,0,Cloudy,Low
-4.15,54.2,7.39,16.8,3,Fog,High
22.14,88.5,13.7,13.24,10,Clear,Low
23.0,28.6,7.26,2.5,4,Rain,Low
21.1,73.0,11.76,23.25,16,Clear,Low
4.56,78.3,11.89,8.24,19,Cloudy,Low
16.04,50.1,9.5,12.85,16,Clear,Low
4.21,82.5,9.23,15.67,3,Clear,Medium
11.01,64.5,6.81,13.54,14,Clear,Low
40.84,55.2,7.45,25.43,22,Thunderstorm,High
16.15,82.3,9.66,17.18,22,Clear,Low
0.75,45.5,8.86,15.05,3,Cloudy,Low
17.16,80.6,12.55,11.22,5,Cloudy,Low
-1.22,29.3,7.64,15.89,4,Clear,Low
0.61,70.1,7.82,10.11,6,Fog,Medium
2.51,65.8,4.01,13.7,21,Clear,Medium
9.67,55.3,10.93,8.92,1,Fog,High
26.24,72.0,10.66,7.51,13,Clear,Low
21.94,63.6,11.93,3.76,22,Cloudy,Low
21.28,84.0,12.1,9.56,19,Heavy Rain,High
1.81,75.1,11.37,8.97,10,Clear,Low
8.5,73.1,11.49,28.46,12,Heavy Rain,High
18.26,70.3,10.83,20.93,9,Cloudy,Medium
7.46,56.5,11.29,10.79,16,Cloudy,Low
11.66,59.6,3.47,8.19,23,Clear,Medium
20.3,69.5,5.7,17.54,13,Clear,Low
10.81,61.9,5.21,29.48,10,Heavy Rain,Medium
17.71,85.0,12.81,19.17,21,Clear,Low
34.11,66.7,6.65,3.48,8,Clear,Medium
12.94,71.8,7.13,19.77,1,Cloudy,Low
29.15,39.8,9.02,21.36,5,Clear,Low
21.71,82.0,5.27,31.79,15,Clear,Low
-2.61,54.5,10.14,9.76,10,Clear,Low
1.77,46.2,2.61,13.25,21,Clear,Medium
5.0,94.6,5.47,16.05,16,Cloudy,Medium
4.74,77.6,9.6,5.12,13,Cloudy,Low
13.92,82.6,5.28,4.31,21,Fog,Low
22.38,73.2,12.9,15.59,17,Cloudy,Low
30.06,63.3,9.14,1.89,4,Cloudy,Low
18.7,60.0,12.4,0.15,17,Clear,Low
9.65,79.0,10.07,19.34,16,Rain,High
-9.99,85.4,8.96,16.48,22,Cloudy,Low
15.85,63.8,6.01,23.25,0,Heavy Rain,High
15.31,100.0,11.79,16.17,3,Clear,Low
17.2,61.4,10.32,12.09,19,Rain,Medium
40.27,39.9,15.0,23.6,23,Rain,Medium
29.89,34.0,11.49,8.19,6,Cloudy,Low
24.42,34.6,7.81,9.0,23,Cloudy,Medium
3.46,57.6,9.87,11.42,0,Clear,Low
8.84,60.8,10.27,16.05,16,Clear,Low
13.86,77.3,12.49,11.4,9,Clear,Low
5.7,64.5,12.97,1.37,15,Cloudy,Low
21.01,80.2,8.51,9.6,21,Clear,Low
19.28,65.8,5.35,11.72,13,Snow,Medium
1.94,65.2,3.44,13.03,5,Rain,Medium
29.36,54.6,5.58,7.96,22,Snow,Medium
16.23,90.6,7.22,16.55,6,Fog,Medium
-5.75,37.4,13.51,2.49,12,Cloudy,Low
14.38,70.4,13.56,15.74,4,Heavy Rain,High
18.37,61.7,11.88,28.14,21,Cloudy,Medium
26.67,79.1,12.69,6.54,23,Heavy Rain,Medium
10.95,64.6,6.88,12.52,9,Cloudy,Medium
24.94,65.2,4.45,9.78,10,Rain,Medium
17.25,60.2,5.98,9.93,11,Clear,Low
-0.78,90.1,2.9,2.74,22,Rain,High
-1.98,65.0,5.66,29.92,14,Cloudy,Low
28.47,100.0,7.48,15.47,2,Clear,Low
29.35,69.9,9.5,5.96,18,Rain,High
18.87,65.4,9.41,4.94,10,Cloudy,Low
32.95,62.4,6.93,12.55,1,Rain,Low
27.68,75.2,10.71,7.51,11,Rain,Low
23.2,54.4,6.99,21.48,1,Rain,Medium
4.06,67.6,9.03,7.38,6,Rain,Low
35.78,65.1,5.67,15.5,17,Cloudy,Low
21.44,70.9,12.27,15.92,11,Rain,Medium
10.37,71.3,9.06,20.69,10,Fog,Low
6.98,72.2,11.04,16.43,8,Clear,Low
18.08,66.7,5.35,18.69,21,Heavy Rain,Low
-5.05,93.2,9.52,21.17,5,Clear,Low
23.4,72.6,10.72,9.03,22,Cloudy,Low
3.56,100.0,2.87,31.36,8,Clear,Medium
19.45,65.9,12.5,15.18,9,Heavy Rain,High
8.74,82.3,5.25,11.75,15,Clear,Low
11.83,51.9,9.63,4.43,18,Rain,Medium
5.92,90.2,14.36,10.14,11,Cloudy,Low
13.07,52.3,11.86,15.62,15,Clear,Low
37.67,73.2,4.53,12.86,9,Thunderstorm,High
31.62,60.2,8.47,28.45,18,Clear,Low
19.25,73.1,12.7,8.49,20,Clear,Low
14.7,60.8,6.55,18.11,20,Cloudy,Low
25.13,50.8,7.92,1.87,15,Clear,Low
28.56,60.1,7.84,31.65,6,Rain,Medium
5.04,92.7,10.71,1.26,15,Clear,Low
14.07,73.4,4.39,30.67,14,Rain,Medium
-6.86,41.8,10.88,10.78,5,Cloudy,Low
28.48,84.7,7.13,8.11,20,Heavy Rain,Medium
39.78,49.0,8.97,24.17,18,Cloudy,Medium
15.96,78.4,8.33,12.74,10,Clear,Low
-10.5,75.0,10.8,7.92,0,Heavy Rain,High
22.31,76.1,8.94,17.78,17,Clear,Low
4.15,98.4,13.32,17.98,5,Cloudy,Low
7.04,50.1,11.97,15.73,17,Snow,High
22.52,76.0,6.61,22.22,9,Fog,High
18.05,87.7,13.1,14.27,17,Clear,Medium
9.14,53.4,9.96,17.85,21,Snow,Medium
7.2,51.6,9.51,7.3,2,Heavy Rain,High
16.51,59.8,11.54,18.89,0,Fog,High
10.09,70.8,5.88,7.34,16,Snow,High
1.69,39.6,4.86,1.88,10,Clear,Low
11.01,74.9,9.07,10.14,16,Fog,High
19.08,39.6,7.18,9.52,2,Clear,Medium
12.86,88.3,15.0,20.35,20,Cloudy,Low
-1.96,74.2,6.71,1.08,5,Cloudy,Medium
26.87,99.4,9.12,21.84,3,Cloudy,Medium
-17.87,77.0,9.58,6.39,9,Clear,Low
9.64,59.5,12.69,10.18,19,Clear,Low
7.56,50.6,6.02,1.13,2,Snow,High
16.78,69.3,4.16,9.23,12,Rain,Low
21.74,64.5,13.18,16.0,19,Cloudy,Low
28.52,86.4,9.24,10.8,12,Heavy Rain,High
6.45,48.3,11.43,1.11,1,Fog,Medium
22.04,100.0,11.57,4.99,4,Clear,Low
17.35,87.9,12.09,1.26,14,Cloudy,Low
-5.54,61.3,7.87,14.33,15,Fog,Medium
37.81,97.4,7.05,11.18,3,Cloudy,Medium
-2.27,50.9,3.01,17.52,9,Clear,Medium
20.03,68.7,6.02,3.93,2,Clear,Low
19.68,42.0,9.19,7.19,13,Thunderstorm,High
18.31,98.2,6.9,30.26,11,Cloudy,Medium
9.07,35.3,5.58,17.77,15,Snow,Medium
24.93,39.1,9.15,9.34,8,Rain,Medium
-3.72,53.6,13.03,3.11,23,Cloudy,Medium
14.21,88.8,8.83,21.97,1,Snow,High
8.23,82.2,5.6,25.79,5,Cloudy,Medium
6.87,67.2,12.82,1.66,1,Heavy Rain,High
20.14,83.3,6.68,2.51,20,Cloudy,Low
27.93,62.9,13.44,14.51,7,Fog,Medium
10.88,72.6,8.21,15.35,0,Cloudy,Medium
24.37,94.7,9.31,16.35,18,Cloudy,Low
15.6,60.6,13.68,28.59,21,Rain,High
4.29,51.2,4.95,3.26,20,Snow,Medium
11.9,73.5,5.85,12.36,5,Snow,Low
11.41,78.3,8.02,18.49,1,Cloudy,Medium
6.64,67.0,8.58,18.39,7,Cloudy,Medium
20.14,83.1,15.0,6.17,4,Clear,Low
17.82,61.4,6.34,6.53,18,Clear,Medium
-4.09,67.3,5.09,7.87,8,Fog,High
-4.82,71.7,6.19,27.33,10,Rain,High
20.1,70.2,9.7,3.19,15,Cloudy,Low
5.22,94.0,10.48,9.08,10,Rain,Medium
18.62,71.7,6.88,18.98,6,Clear,Low
24.37,59.5,9.06,2.2,5,Cloudy,Low
-0.25,74.5,14.84,14.32,5,Fog,Medium
-1.94,83.2,9.11,5.1,3,Cloudy,High
35.09,78.9,9.96,13.73,14,Rain,Low
19.22,77.9,14.67,12.47,5,Cloudy,Low
9.97,38.0,6.91,13.47,16,Clear,Low
3.79,20.1,6.71,4.18,8,Cloudy,Low
8.87,88.0,7.59,14.05,11,Clear,Low
0.71,72.9,7.42,11.65,20,Cloudy,Low
25.6,64.6,3.54,23.69,16,Thunderstorm,High
5.68,77.5,9.41,17.74,6,Cloudy,Low
28.12,99.7,9.65,1.04,0,Snow,High
10.19,90.4,8.44,4.51,17,Clear,Low
2.48,82.3,9.74,6.45,7,Cloudy,Medium
9.88,49.0,9.77,13.62,1,Rain,High
-16.49,51.4,5.05,10.48,14,Clear,Low
13.55,22.0,9.87,10.44,19,Clear,Low
12.96,76.4,10.68,37.36,15,Clear,Low
24.9,85.0,4.21,7.38,19,Clear,Medium
-7.64,86.4,13.39,24.52,4,Fog,High
28.94,77.2,5.29,10.67,20,Clear,Low
24.85,62.2,5.59,7.61,7,Clear,Low
30.02,54.8,9.61,13.72,12,Heavy Rain,Medium
14.37,50.1,10.6,22.07,5,Clear,Low
27.17,62.1,11.33,17.7,14,Cloudy,Low
-2.65,47.4,10.68,14.31,21,Clear,Low
23.56,96.6,7.44,12.21,23,Fog,Medium
5.75,41.6,9.33,7.55,7,Fog,Medium
-4.82,61.5,8.05,20.07,9,Fog,High
1.51,30.1,9.52,8.09,21,Clear,Low
15.07,70.3,9.21,6.24,7,Clear,Low
5.11,65.0,7.49,15.7,21,Snow,Medium
19.51,58.6,7.96,9.3,12,Snow,Low
-6.7,48.2,3.44,23.53,12,Cloudy,Medium
-10.53,65.0,11.49,16.21,22,Cloudy,Medium
31.47,55.2,9.89,5.0,20,Cloudy,Low
25.85,62.5,2.08,1.7,22,Clear,Low
2.41,100.0,11.38,6.84,1,Cloudy,Medium
14.96,68.1,8.84,33.04,2,Fog,High
27.23,74.6,6.19,9.86,3,Snow,Medium
20.03,56.6,5.92,18.82,12,Clear,Low
16.78,50.9,6.94,0.25,9,Clear,Medium
28.14,64.6,6.21,2.25,5,Clear,Low
6.23,100.0,6.61,10.3,16,Clear,Low
15.37,59.8,14.1,27.31,5,Clear,Low
14.79,71.5,10.11,0.38,23,Clear,Low
11.73,50.1,15.0,6.33,8,Fog,High
10.32,15.4,9.68,20.12,11,Snow,High
15.87,50.8,10.74,26.33,1,Fog,Medium
15.41,100.0,6.36,15.94,0,Heavy Rain,High
2.42,75.7,8.5,18.08,3,Heavy Rain,High
24.62,94.5,8.75,3.93,4,Heavy Rain,Medium
3.28,58.7,10.86,0.09,2,Rain,Medium
12.38,22.6,8.85,1.69,10,Clear,Low
11.46,45.0,10.05,4.14,16,Clear,Medium
19.3,72.1,9.95,14.03,16,Cloudy,Low
-10.43,69.3,8.09,1.02,19,Rain,Medium
25.69,64.8,7.78,14.25,14,Clear,Low
6.88,55.5,6.99,9.16,3,Cloudy,Low
29.64,81.9,12.25,6.94,21,Fog,Medium
9.26,56.0,8.09,19.97,20,Clear,Low
14.41,70.5,9.99,3.37,6,Clear,Low
37.97,68.5,8.53,24.92,20,Thunderstorm,Medium
11.67,58.4,12.19,19.48,12,Cloudy,Low
29.87,49.1,3.04,3.09,9,Clear,Medium
15.47,57.3,9.91,22.82,3,Rain,Medium
19.99,98.7,5.24,2.03,22,Thunderstorm,High
15.84,85.0,10.17,23.64,15,Clear,Low
25.17,83.4,8.56,15.0,10,Clear,Low
6.77,50.8,4.56,2.21,18,Cloudy,Medium
3.19,39.1,10.01,0.34,18,Cloudy,Low
7.34,84.7,9.67,8.36,12,Snow,Medium
16.2,81.3,8.31,19.81,5,Thunderstorm,Medium
12.35,67.5,8.69,10.46,10,Snow,Low
23.52,58.3,9.48,10.24,14,Clear,Low
30.66,38.6,12.53,12.36,4,Heavy Rain,High
3.29,80.6,8.06,5.96,2,Rain,Medium
6.19,86.4,12.04,19.42,22,Cloudy,Low
-2.23,52.8,8.89,24.06,13,Rain,Medium
39.36,51.3,12.89,19.1,14,Cloudy,Medium
18.66,87.3,8.29,8.19,10,Rain,Medium
20.76,53.4,7.0,4.03,19,Rain,Low
-1.08,97.0,5.71,2.26,8,Clear,Medium
14.99,63.0,8.9,1.8,0,Rain,Medium
21.11,58.0,6.62,32.38,18,Clear,Low
11.97,65.8,13.21,11.29,6,Cloudy,Low
27.91,58.0,6.39,20.14,18,Cloudy,Medium
42.74,85.3,6.93,19.65,11,Thunderstorm,High
3.64,80.9,10.74,13.28,8,Cloudy,Low
2.73,84.6,12.56,3.62,12,Snow,Medium
4.47,68.3,11.19,16.67,10,Cloudy,Low
34.27,56.8,12.18,2.26,9,Clear,Low
27.51,64.8,8.76,17.42,6,Cloudy,Low
13.37,57.3,8.8,2.67,8,Clear,Low
15.44,91.4,15.0,8.07,7,Snow,High
5.2,83.0,14.07,8.06,10,Cloudy,Low
25.68,63.4,11.14,24.59,23,Rain,Medium
10.44,48.3,12.32,9.91,8,Heavy Rain,High
11.88,92.7,11.58,32.98,14,Cloudy,Low
22.31,67.5,5.38,4.75,0,Cloudy,High
12.74,62.7,8.88,10.89,0,Clear,Medium
12.18,92.9,13.49,15.72,16,Rain,High
15.13,55.8,11.16,14.95,16,Snow,Medium
24.54,59.3,8.81,19.59,18,Cloudy,Medium
34.76,60.8,13.53,17.49,13,Clear,Low
22.03,41.3,10.11,30.33,7,Rain,Medium
24.64,70.7,11.27,18.58,2,Rain,Low
12.6,51.3,10.12,10.94,23,Cloudy,Low
6.51,54.7,10.62,7.02,4,Cloudy,Low
22.85,52.3,10.84,6.79,23,Cloudy,Low
17.05,54.4,12.9,23.64,6,Heavy Rain,Low
-2.07,49.9,13.29,27.8,13,Rain,High
11.06,69.4,7.65,21.04,2,Cloudy,Low
14.01,62.2,10.07,16.48,19,Heavy Rain,Medium
8.87,65.9,12.81,8.22,9,Snow,High
32.78,100.0,8.61,11.93,13,Clear,Low
20.76,62.2,5.07,10.5,3,Clear,Low
31.48,75.9,6.27,12.18,6,Cloudy,Low
18.16,77.9,6.48,23.27,9,Heavy Rain,Medium
15.98,63.9,7.63,22.82,1,Clear,Low
3.76,69.9,6.76,13.57,17,Snow,Medium
15.14,65.4,12.09,1.71,8,Clear,Low
15.16,68.6,8.17,0.94,17,Rain,Low
-1.41,54.4,12.78,12.61,4,Heavy Rain,High
8.53,56.1,5.61,15.75,0,Clear,Low
11.12,65.3,7.94,1.04,22,Snow,Low
19.96,29.5,9.31,17.94,5,Snow,Low
20.54,91.9,11.43,3.77,23,Clear,Low
8.02,100.0,12.43,11.97,16,Clear,Low
20.63,68.1,7.39,4.12,12,Snow,Medium
12.82,77.0,11.98,24.36,15,Thunderstorm,Medium
-19.44,84.5,3.95,25.7,13,Cloudy,High
9.18,41.2,11.61,2.35,9,Clear,Low
27.95,81.7,4.98,1.67,22,Clear,Low
-5.18,57.3,10.34,18.85,1,Cloudy,Low
16.35,100.0,12.39,8.03,17,Rain,High
34.02,61.6,11.66,24.3,14,Rain,Low
5.87,81.3,4.08,18.7,3,Rain,High
15.03,61.8,7.66,20.25,15,Fog,Low
-0.65,100.0,11.15,4.6,22,Clear,Medium
34.53,55.8,11.06,15.99,7,Cloudy,Low
14.0,86.0,9.83,30.15,13,Clear,Low
15.56,76.3,2.4,13.28,9,Heavy Rain,High
31.25,72.3,12.59,11.59,0,Rain,Medium
22.94,69.1,13.13,8.08,1,Fog,High
4.49,53.0,9.49,2.42,4,Clear,Medium
7.23,18.5,9.69,2.11,15,Snow,Medium
20.94,84.3,10.51,3.97,19,Cloudy,Medium
7.51,56.2,13.38,2.8,1,Clear,Low
-10.41,86.1,9.75,1.89,3,Snow,High
14.36,71.3,8.43,10.03,20,Clear,Low
-2.76,86.6,10.14,4.96,20,Heavy Rain,High
34.4,79.4,8.97,18.08,12,Cloudy,Low
17.12,20.6,9.0,9.15,18,Cloudy,Low
4.14,76.1,3.7,9.19,5,Cloudy,Low
6.62,58.8,10.57,18.9,0,Thunderstorm,High
-7.67,86.0,12.51,27.2,21,Rain,High
1.81,75.6,12.06,32.46,7,Clear,Low
27.2,75.9,11.85,13.3,8,Thunderstorm,Medium
41.78,60.1,8.84,9.46,12,Clear,Low
23.72,48.6,9.44,8.28,14,Cloudy,Low
13.9,57.2,12.57,17.32,1,Snow,High
9.82,32.6,11.6,10.59,14,Clear,Low
3.52,54.4,13.46,10.63,13,Clear,Low
39.72,38.6,6.98,11.22,17,Snow,High
12.74,39.1,6.96,3.52,23,Clear,Low
40.39,67.1,8.0,8.99,17,Cloudy,High
31.72,74.6,6.17,5.98,14,Clear,Low
-5.89,64.4,5.04,25.12,21,Cloudy,Medium
7.01,56.0,10.41,24.69,11,Heavy Rain,Medium
6.97,47.9,10.2,20.46,1,Thunderstorm,Medium
14.04,59.3,9.74,7.56,20,Cloudy,Medium
14.28,50.2,10.06,4.89,23,Cloudy,Low
45.0,63.9,4.61,26.62,23,Clear,High
2.07,37.6,7.56,2.25,21,Cloudy,Low
17.75,77.6,8.12,12.35,21,Snow,Medium
22.4,54.8,9.15,27.21,16,Heavy Rain,High
14.98,71.8,4.62,13.12,0,Cloudy,Medium
16.32,81.0,6.22,9.36,17,Clear,Low
2.46,70.9,7.69,22.44,2,Cloudy,High
16.28,79.4,12.17,12.65,3,Snow,High
21.14,27.8,9.79,13.77,14,Cloudy,Low
18.93,56.1,12.06,25.63,22,Cloudy,Low
21.84,84.9,8.63,10.9,5,Rain,Medium
31.95,74.2,9.0,15.23,3,Clear,Low
26.24,98.3,10.5,5.1,12,Rain,Low
15.86,95.7,8.47,10.13,8,Clear,Low
0.94,70.4,7.13,13.02,20,Clear,Low
7.8,60.5,4.53,5.92,4,Clear,Medium
12.36,47.7,7.21,14.06,22,Rain,Medium
18.03,56.4,11.51,15.47,6,Thunderstorm,Medium
9.26,57.7,12.78,13.83,8,Clear,Low
3.77,54.3,6.68,13.0,16,Cloudy,Medium
0.74,48.5,3.8,10.94,20,Fog,High
-4.81,72.2,11.78,11.12,11,Snow,High
12.18,95.5,9.21,12.71,12,Cloudy,Low
-2.64,81.8,4.96,3.52,15,Heavy Rain,High
2.99,59.2,0.1,23.43,15,Clear,Medium
10.27,83.3,6.11,11.18,18,Heavy Rain,High
-1.03,71.2,7.61,8.37,3,Rain,High
19.56,64.3,5.55,15.56,22,Rain,Low
23.88,63.1,11.08,10.97,1,Clear,Medium
8.41,61.4,6.56,23.18,5,Clear,Low
9.76,76.7,9.04,20.05,18,Clear,Low
21.45,67.5,15.0,12.84,6,Clear,Low
6.43,51.9,9.35,20.45,14,Fog,Medium
5.61,51.0,8.65,14.12,3,Clear,Low
29.36,70.5,8.72,1.61,19,Clear,Low
25.61,72.7,11.01,20.01,7,Rain,Medium
22.22,59.4,10.64,5.1,2,Cloudy,Low
26.11,44.6,5.99,19.65,2,Cloudy,Medium
-8.73,87.5,7.77,18.28,4,Clear,Low
31.25,83.7,7.0,15.99,17,Fog,Medium
19.7,29.2,8.15,15.39,1,Thunderstorm,High
27.13,89.1,14.48,24.51,14,Cloudy,Low
19.65,61.2,10.85,11.78,15,Clear,Low
15.59,68.4,8.76,8.6,7,Rain,Low
11.7,85.5,12.73,19.17,14,Heavy Rain,Medium
19.41,94.7,9.57,5.58,7,Clear,Low
11.26,83.1,4.09,9.86,10,Cloudy,Low
25.41,69.3,13.99,14.27,0,Clear,Low
-4.04,40.2,8.53,14.99,3,Clear,Low
8.5,28.5,2.23,9.0,2,Cloudy,Medium
39.54,80.8,4.2,7.59,0,Cloudy,Medium
7.49,89.2,12.38,1.92,8,Cloudy,Low
12.14,50.3,4.25,4.92,6,Cloudy,Low
4.41,60.1,13.05,28.37,6,Clear,Low
19.03,55.0,9.24,9.61,0,Clear,Low
6.16,54.5,11.14,13.7,18,Clear,Low
12.77,84.3,8.23,1.42,22,Cloudy,Low
25.19,68.9,10.57,35.07,17,Clear,Low
6.61,60.9,9.95,4.25,4,Rain,Medium
24.46,100.0,8.88,1.42,18,Heavy Rain,Medium
24.87,39.2,5.8,11.45,6,Fog,Medium
27.66,74.9,10.08,3.97,7,Fog,High
16.69,46.1,3.55,15.28,19,Cloudy,Medium
45.0,62.2,11.79,1.6,5,Fog,Medium
27.65,67.7,9.59,22.23,23,Snow,High
18.9,80.2,10.39,20.46,20,Clear,Low
4.49,60.3,1.15,10.93,14,Cloudy,Medium
13.84,58.4,5.62,2.9,12,Clear,Medium
32.12,60.0,7.48,4.69,6,Snow,Medium
35.51,45.6,11.02,12.56,15,Cloudy,Low
32.74,76.4,6.17,1.11,10,Clear,Low
24.42,70.1,15.0,2.57,15,Heavy Rain,High
-0.07,72.8,8.21,21.44,1,Snow,High
20.85,63.7,5.95,13.39,8,Rain,Low
0.1,61.5,8.44,13.11,2,Cloudy,Low
-2.85,86.2,6.15,16.75,9,Clear,Medium
17.87,83.4,5.45,10.53,17,Heavy Rain,High
21.28,90.5,12.03,11.46,2,Heavy Rain,High
25.84,71.7,10.54,16.1,19,Cloudy,Medium
20.97,89.3,10.55,19.28,19,Heavy Rain,High
21.38,57.5,12.83,16.48,6,Clear,Low
3.18,61.4,10.46,25.14,4,Cloudy,Medium
13.74,86.5,5.8,12.22,17,Cloudy,Low
-3.09,80.2,11.13,0.12,18,Thunderstorm,High
-9.04,59.8,5.62,21.79,15,Cloudy,Medium
23.89,46.2,7.57,9.79,3,Clear,Low
5.96,61.3,8.86,5.08,12,Clear,Low
25.47,52.7,8.56,18.41,6,Thunderstorm,Medium
28.3,96.0,3.63,15.34,6,Thunderstorm,High
7.57,78.7,6.1,0.49,13,Heavy Rain,Medium
22.08,51.2,8.93,18.04,23,Cloudy,Low
7.07,46.2,7.17,28.87,4,Rain,Medium
-7.15,51.0,12.38,14.91,5,Rain,Medium
16.48,54.9,12.89,9.69,5,Clear,Low
9.35,62.0,5.64,3.02,5,Clear,Low
9.72,85.1,9.18,30.46,22,Cloudy,Low
38.7,47.6,13.75,7.35,2,Cloudy,Medium
-3.31,100.0,8.6,0.67,4,Cloudy,Low
19.59,48.0,7.78,13.0,15,Clear,Low
3.06,39.6,11.58,21.07,8,Rain,Medium
25.9,95.4,8.18,23.12,21,Heavy Rain,Medium
18.58,88.8,12.81,5.95,14,Snow,Medium
19.55,61.7,7.22,11.11,3,Cloudy,Medium
3.66,71.9,7.58,12.0,11,Clear,Low
5.81,72.3,11.37,20.79,2,Clear,Low
26.13,67.5,9.3,17.34,10,Cloudy,Low
36.25,41.7,9.33,14.44,21,Clear,Low
20.76,20.3,3.27,20.23,11,Snow,Medium
4.23,49.8,7.94,0.26,15,Cloudy,Low
19.07,97.7,11.59,15.79,9,Rain,Medium
44.13,98.4,6.65,13.99,23,Cloudy,Medium
16.23,60.3,11.1,11.55,14,Clear,Low
32.54,47.8,9.8,9.75,17,Heavy Rain,High
6.12,70.0,8.4,13.21,19,Cloudy,Medium
14.49,72.9,13.07,6.87,18,Cloudy,Low
22.43,75.8,7.98,36.55,22,Heavy Rain,High
19.77,19.5,8.19,24.23,11,Cloudy,Low
5.8,100.0,8.37,21.84,3,Rain,High
5.29,85.4,9.24,7.23,5,Rain,Low
26.86,61.4,11.3,3.39,5,Thunderstorm,Medium
29.3,52.1,4.58,10.09,13,Heavy Rain,Medium
33.15,82.8,11.6,13.03,2,Clear,Medium
36.65,73.9,9.2,1.04,8,Rain,High
16.62,66.7,10.66,16.32,17,Rain,Medium
11.27,73.3,15.0,21.74,11,Clear,Low
31.21,63.0,7.47,8.12,8,Heavy Rain,Medium
23.56,72.2,5.33,3.9,12,Cloudy,Low
3.21,78.1,9.58,23.05,3,Rain,Medium
2.6,71.2,10.06,15.37,0,Clear,Medium
20.9,70.2,11.61,4.2,17,Clear,Medium
12.87,90.1,7.38,18.62,14,Cloudy,Low
14.68,36.3,6.51,6.65,16,Clear,Medium
27.87,50.6,4.4,9.87,8,Thunderstorm,High
24.11,65.5,4.9,1.75,5,Rain,Low
30.96,51.9,7.75,12.15,19,Clear,Medium
-8.18,57.9,8.65,21.16,17,Cloudy,Medium
18.04,88.2,15.0,7.7,1,Fog,Medium
23.34,62.3,3.92,17.81,23,Rain,Medium
-3.32,32.1,10.01,11.55,13,Cloudy,Low
7.14,57.4,6.82,21.71,7,Cloudy,Low
4.91,66.0,9.67,7.83,8,Clear,Low
15.26,65.7,7.34,26.0,13,Cloudy,Low
34.53,75.0,12.11,18.13,2,Clear,Low
39.27,73.5,12.09,14.2,1,Rain,High
5.23,62.5,8.66,14.52,9,Clear,Low
21.32,43.5,13.32,7.82,22,Cloudy,Low
21.71,57.1,11.28,7.24,9,Fog,Medium
19.65,53.8,13.18,14.36,20,Cloudy,Low
19.79,59.9,8.87,1.21,18,Cloudy,Low
18.64,77.4,11.86,6.58,20,Cloudy,Low
35.25,72.3,6.7,3.56,3,Clear,Low
28.23,79.8,6.39,17.15,23,Rain,Medium
2.28,58.1,15.0,17.28,19,Rain,Medium
24.55,92.2,5.74,23.41,20,Clear,Low
25.71,77.1,7.69,8.99,1,Cloudy,Low
18.78,67.0,3.31,4.73,6,Cloudy,Low
28.58,75.9,6.46,1.22,12,Snow,Medium
17.26,52.8,6.02,14.44,15,Cloudy,Low
17.41,27.0,6.99,24.57,15,Cloudy,Low
16.45,54.1,9.9,11.33,23,Fog,High
-9.22,78.5,10.62,12.24,0,Clear,Medium
14.04,66.4,5.98,11.94,6,Rain,Medium
6.98,62.5,6.63,14.29,1,Rain,Medium
0.76,49.7,12.25,20.97,12,Clear,Low
32.21,29.8,14.12,29.27,6,Thunderstorm,High
21.05,90.6,12.77,16.48,14,Heavy Rain,High
14.64,61.3,4.06,17.08,9,Cloudy,Medium
8.22,57.3,12.57,9.85,6,Cloudy,Low
18.55,52.9,14.56,11.03,8,Cloudy,Medium
26.9,87.6,3.91,10.91,15,Clear,Low
5.08,80.9,12.25,8.7,23,Fog,High
14.94,47.6,9.68,13.15,4,Rain,Medium
25.42,86.0,8.02,17.62,4,Cloudy,Low
-8.23,62.4,9.32,12.57,23,Snow,High
14.31,54.0,10.33,9.48,21,Cloudy,Low
9.85,59.7,12.47,13.13,21,Clear,Low
13.39,50.9,12.32,3.36,22,Clear,Low
8.98,41.2,4.48,19.23,5,Fog,Medium
16.65,79.0,7.05,8.28,4,Cloudy,Low
38.08,61.0,9.28,1.61,15,Cloudy,Medium
11.11,76.1,13.72,16.16,18,Cloudy,Low
18.5,70.2,0.82,16.6,19,Cloudy,High
38.94,74.9,7.17,4.26,23,Cloudy,Medium
8.4,28.2,4.42,17.61,21,Fog,Medium
36.78,49.4,4.89,17.71,5,Cloudy,Medium
15.06,75.2,11.96,29.77,7,Clear,Low
36.38,42.1,7.4,9.88,12,Thunderstorm,Medium
24.0,71.7,2.0,11.51,7,Clear,Medium
18.69,40.0,8.52,6.54,18,Fog,Medium
14.21,65.3,15.0,16.44,19,Snow,Medium
7.51,94.0,3.58,11.96,17,Heavy Rain,High
15.91,78.9,10.6,20.89,0,Clear,Low
25.77,31.7,13.7,8.09,19,Clear,Low
14.84,80.3,8.85,16.25,6,Clear,Low
11.2,97.8,14.78,9.86,8,Cloudy,Medium
11.99,100.0,7.02,4.58,13,Heavy Rain,Medium
26.91,73.6,13.34,17.65,2,Cloudy,Low
29.7,40.4,12.63,3.73,17,Clear,Low
6.99,72.8,8.9,10.56,16,Clear,Medium
6.98,93.7,4.54,10.71,10,Cloudy,Low
19.55,61.6,5.99,11.92,8,Clear,Low
33.33,83.8,1.97,12.43,6,Heavy Rain,High
28.75,49.9,10.78,12.34,15,Clear,Low
-0.02,71.7,10.42,15.27,23,Cloudy,Medium
11.83,20.2,9.24,11.02,11,Heavy Rain,Low
3.83,47.9,8.63,35.54,23,Cloudy,Medium
11.79,64.9,13.07,8.92,11,Fog,Low
34.25,58.5,9.89,1.0,0,Snow,High
-2.07,41.6,7.34,0.69,21,Clear,Low
-4.43,56.0,9.44,17.92,8,Clear,Low
5.06,70.9,15.0,2.32,15,Snow,Medium
18.45,63.4,10.87,1.11,11,Rain,Medium
22.45,66.1,7.83,0.18,14,Fog,Medium
20.25,78.2,8.87,16.11,18,Clear,Low
29.11,58.8,10.39,23.98,23,Thunderstorm,High
-6.16,89.5,7.74,3.5,23,Thunderstorm,High
29.26,47.2,7.47,15.8,6,Clear,Low
11.25,99.7,8.97,11.73,0,Clear,Low
23.78,85.0,13.56,5.3,16,Cloudy,Low
-0.88,58.6,11.37,17.42,4,Cloudy,Medium
15.06,59.8,7.77,9.19,8,Clear,Low
17.84,68.7,11.61,20.95,18,Clear,Low
28.87,75.8,9.03,8.1,14,Snow,High
-4.02,84.7,10.03,5.39,14,Clear,Low
15.37,40.9,9.76,16.07,19,Snow,Medium
1.98,72.9,2.67,15.96,15,Clear,Medium
21.07,26.9,0.1,16.65,22,Snow,High
24.33,61.8,9.68,13.87,4,Clear,Medium
30.45,91.2,6.44,1.7,10,Clear,Low
8.58,39.5,4.08,4.99,10,Snow,High
26.13,36.2,6.53,32.85,19,Clear,High
31.33,69.0,11.77,0.67,20,Clear,Low
-4.72,90.0,10.07,0.74,8,Cloudy,High
22.35,70.9,11.32,18.12,22,Rain,Medium
26.5,30.7,10.36,2.47,15,Rain,High
11.9,34.7,6.24,28.13,5,Clear,Low
0.47,66.8,11.33,36.61,21,Thunderstorm,High
26.32,43.8,10.76,9.83,4,Clear,Medium
0.61,67.5,8.65,14.79,16,Snow,High
12.86,68.5,9.18,4.42,22,Rain,Low
14.52,56.2,11.38,21.28,16,Clear,Medium
23.59,97.7,6.75,8.15,12,Rain,Low
7.48,75.6,12.26,0.06,20,Cloudy,Low
6.78,86.8,10.7,13.07,4,Rain,High
16.19,81.6,9.01,16.93,6,Rain,Low
27.08,62.3,13.59,1.36,15,Cloudy,Low
42.45,61.5,5.12,7.12,17,Rain,High
-3.09,59.6,7.62,2.95,6,Clear,Low
18.78,77.3,6.95,9.15,15,Rain,Low
1.96,53.3,10.07,4.79,18,Cloudy,Low
27.23,96.1,12.55,6.28,13,Fog,Medium
3.74,51.6,6.05,17.86,3,Snow,Medium
6.9,68.9,15.0,14.53,23,Clear,Medium
7.93,60.9,7.01,17.05,8,Heavy Rain,High
14.09,56.9,10.08,10.84,9,Rain,High
18.88,100.0,9.01,18.45,13,Rain,Medium
20.8,57.1,9.14,11.68,5,Clear,Low
14.93,59.5,6.62,7.58,1,Heavy Rain,High
-0.96,53.0,12.2,17.14,20,Clear,Medium
23.73,65.7,6.44,8.19,18,Fog,High
14.36,63.2,3.69,9.03,4,Cloudy,Medium
28.94,44.9,5.63,21.61,12,Clear,Low
6.51,57.4,13.34,20.77,17,Rain,Medium
-4.23,76.0,12.75,9.33,23,Cloudy,Medium
14.59,83.5,2.98,19.86,22,Clear,Low
30.55,65.4,11.44,0.5,1,Rain,Medium
16.93,66.1,3.05,9.38,19,Cloudy,Medium
12.6,58.5,8.92,5.23,3,Clear,Medium
4.56,56.0,5.38,11.98,15,Rain,Low
36.09,48.4,11.67,18.61,14,Cloudy,Low
2.64,37.0,10.66,17.0,22,Clear,Low
6.3,52.4,11.94,15.78,13,Clear,Low
21.84,81.3,8.11,13.24,11,Cloudy,Low
-7.27,57.4,8.43,10.57,14,Cloudy,Medium
30.3,58.8,4.5,22.81,1,Cloudy,Medium
22.49,58.4,5.91,1.92,0,Fog,High
25.79,87.4,11.85,6.0,17,Cloudy,Low
21.7,48.3,10.1,15.7,11,Snow,Low
13.07,70.0,9.31,25.75,17,Cloudy,Medium
2.24,63.8,12.79,8.89,11,Rain,Medium
13.32,66.2,5.1,9.65,20,Cloudy,Low
3.3,69.4,11.16,0.39,7,Clear,Low
20.83,66.0,5.46,7.13,9,Cloudy,Medium
24.68,79.3,13.43,18.37,6,Rain,Low
32.72,64.5,10.63,26.21,3,Clear,Medium
19.46,96.4,11.89,9.36,2,Cloudy,Low
26.09,65.8,6.9,4.81,2,Rain,Medium
11.43,34.3,15.0,12.63,2,Rain,Medium
9.26,76.5,15.0,2.53,8,Cloudy,Medium
20.68,72.1,10.29,23.12,10,Rain,Low
10.36,65.6,12.53,0.92,19,Snow,High
18.23,60.3,8.09,14.82,19,Cloudy,Low
2.27,26.9,5.19,14.69,12,Rain,Medium
4.42,30.0,11.39,17.65,14,Clear,Low
22.62,94.7,6.24,14.3,4,Clear,Low
25.64,54.5,12.93,12.02,6,Rain,Low
3.17,82.4,12.14,15.86,5,Rain,Medium
23.05,36.1,9.71,19.51,11,Clear,Low
8.61,46.2,9.54,28.17,8,Rain,Medium
15.2,77.2,11.97,2.08,5,Clear,Low
32.0,63.2,9.82,4.55,11,Heavy Rain,High
24.69,74.7,7.79,1.92,2,Cloudy,Medium
24.55,64.8,4.46,4.32,20,Cloudy,Medium
37.91,61.3,11.88,1.2,18,Thunderstorm,High
6.55,52.8,10.1,0.06,23,Cloudy,Medium
3.17,43.5,15.0,8.25,6,Cloudy,Low
6.33,90.2,8.71,19.7,14,Clear,Low
11.95,93.2,9.91,17.64,19,Clear,Low
-13.25,46.3,9.98,6.4,9,Fog,High
12.51,45.1,10.95,7.18,22,Snow,Low
8.47,58.7,6.1,30.1,4,Snow,High
24.41,71.1,8.77,17.35,4,Thunderstorm,High
19.23,61.7,11.48,13.55,12,Clear,Low
7.79,74.0,8.0,13.09,8,Heavy Rain,High
22.08,64.1,11.37,9.4,14,Clear,Low
23.68,62.9,9.29,30.03,20,Rain,Low
5.78,100.0,10.21,10.29,7,Rain,Medium
9.08,55.5,12.45,13.34,17,Rain,Medium
-11.7,94.5,8.32,2.84,7,Clear,Medium
1.91,91.0,4.64,6.27,1,Fog,High
6.09,74.1,8.2,7.04,19,Cloudy,Low
15.89,30.3,6.52,16.38,12,Fog,Medium
3.66,65.6,2.62,5.02,15,Cloudy,Medium
8.84,55.7,8.68,12.43,8,Cloudy,Medium
0.3,65.4,9.6,6.54,10,Fog,Medium
17.05,45.9,12.06,2.09,19,Snow,High
20.11,78.6,5.58,1.73,13,Clear,Low
19.83,82.7,9.27,10.44,3,Cloudy,Medium
15.15,86.1,12.38,12.93,12,Clear,Low
-3.49,58.1,7.28,10.26,3,Snow,High
7.56,45.9,10.61,4.5,4,Cloudy,Low
10.11,71.3,13.79,10.76,23,Clear,Low
10.16,96.6,3.41,9.1,20,Clear,Low
15.9,66.2,9.82,2.62,20,Clear,Low
32.11,73.1,12.49,12.75,2,Cloudy,Low
24.75,60.8,7.95,28.29,23,Thunderstorm,High
3.15,55.9,13.16,10.65,5,Thunderstorm,High
23.14,76.8,10.9,1.15,4,Cloudy,Low
22.68,63.1,14.31,25.22,13,Fog,Medium
5.33,72.3,10.75,23.31,9,Heavy Rain,High
25.19,74.1,14.56,24.89,11,Heavy Rain,High
13.08,71.3,9.9,11.62,20,Clear,Low
-1.92,75.0,4.9,4.95,14,Heavy Rain,High
20.46,49.6,7.11,3.96,7,Thunderstorm,High
17.6,48.5,12.06,22.27,22,Snow,Medium
12.27,64.2,12.0,26.45,16,Cloudy,Medium
14.55,64.7,8.07,3.72,6,Clear,Low
6.37,55.6,14.41,10.68,1,Cloudy,Medium
22.32,69.3,7.94,11.84,3,Rain,High
14.48,81.3,10.39,3.86,4,Clear,Low
17.0,86.4,10.3,5.63,2,Cloudy,Low
19.29,90.4,5.01,9.86,22,Rain,Low
1.14,41.3,8.67,15.69,1,Fog,High
4.27,44.1,15.0,4.97,22,Rain,Medium
-11.52,59.8,6.23,13.22,18,Rain,High
21.78,66.4,10.88,10.86,1,Clear,Low
0.45,60.7,5.54,8.75,10,Rain,Medium
16.59,55.1,6.2,16.9,0,Snow,Medium
19.45,59.5,4.76,7.94,6,Cloudy,Low
22.23,73.7,11.82,0.63,6,Fog,Medium
0.55,41.1,6.39,5.47,16,Cloudy,Medium
14.22,100.0,12.8,13.83,4,Rain,Medium
35.04,65.4,7.41,12.42,18,Snow,Medium
35.57,83.9,9.38,17.8,16,Fog,Medium
26.85,54.6,10.23,15.93,22,Cloudy,Low
19.05,75.3,4.15,1.46,13,Cloudy,Medium
2.94,66.8,9.61,14.59,9,Fog,High
23.62,80.4,10.05,13.09,17,Cloudy,Medium
13.1,61.4,12.42,17.68,16,Clear,Low
21.73,92.9,6.12,10.18,5,Cloudy,Low
7.41,38.1,6.55,17.95,6,Rain,Low
12.92,82.1,10.98,2.99,15,Heavy Rain,Medium
16.97,67.1,13.24,8.89,20,Clear,Low
17.96,46.7,7.22,3.71,12,Cloudy,Medium
20.92,100.0,5.29,18.28,21,Rain,Low
8.05,98.3,8.05,3.81,13,Rain,High
-1.12,27.7,5.96,30.54,15,Clear,Medium
34.5,68.2,10.19,7.48,8,Heavy Rain,Medium
44.87,77.7,5.76,19.18,15,Heavy Rain,Medium
20.37,73.0,11.92,7.6,1,Clear,Low
-0.89,92.3,9.64,24.04,15,Heavy Rain,High
5.72,88.5,12.01,23.7,9,Rain,Medium
21.11,69.8,1.73,9.09,14,Cloudy,Low
31.09,100.0,3.73,14.47,23,Heavy Rain,High
0.45,81.9,12.88,23.47,10,Clear,Low
13.51,58.7,6.84,14.74,16,Cloudy,Medium
17.35,55.1,4.6,3.71,17,Fog,High
25.37,87.4,8.39,12.63,4,Clear,Low
10.88,50.7,9.73,5.27,23,Fog,High
-3.77,57.6,8.53,13.36,13,Rain,High
22.45,60.7,10.4,4.91,17,Clear,Medium
28.5,71.4,10.0,15.36,3,Clear,Medium
14.01,61.5,9.84,4.1,7,Clear,Low
19.86,41.3,13.05,1.9,22,Heavy Rain,High
9.31,85.9,8.96,4.86,12,Clear,Low
4.85,57.7,8.87,10.56,0,Cloudy,Medium
27.32,100.0,11.41,1.61,14,Snow,Medium
19.65,70.5,10.66,4.05,20,Fog,Low
20.88,87.8,6.29,19.0,1,Snow,High
33.03,76.4,8.72,20.07,4,Cloudy,Medium
2.34,88.7,10.31,10.8,11,Clear,Low
8.38,75.3,7.24,6.72,9,Cloudy,Medium
16.9,69.2,7.38,23.47,2,Cloudy,Low
8.23,84.7,4.83,15.47,4,Thunderstorm,High
24.4,100.0,0.35,15.67,12,Heavy Rain,High
12.75,60.1,7.88,17.08,14,Cloudy,Low
3.09,79.3,9.38,3.37,2,Cloudy,Low
15.79,64.9,5.71,13.93,17,Clear,Low
17.04,74.1,13.13,16.25,8,Cloudy,Low
26.22,65.8,5.86,12.96,23,Clear,Low
19.72,26.2,11.74,8.46,22,Snow,Medium
20.53,61.4,10.26,11.57,14,Cloudy,Low
18.84,83.0,15.0,1.74,0,Rain,High
12.74,51.2,10.62,17.53,3,Clear,Low
6.41,81.6,4.66,0.92,6,Cloudy,Low
18.47,68.3,12.16,4.65,10,Cloudy,Low
11.0,61.6,14.09,18.14,8,Clear,Medium
35.28,81.3,3.68,14.61,18,Clear,Medium
31.11,77.3,10.92,7.64,14,Rain,Medium
22.59,72.6,11.58,3.41,7,Cloudy,Medium
19.54,83.3,8.36,11.58,23,Rain,Medium
13.94,68.7,1.73,6.33,21,Fog,High
-0.13,35.4,8.11,16.32,15,Thunderstorm,High
12.41,58.2,7.26,7.35,5,Snow,Medium
16.22,32.5,13.59,3.76,21,Clear,Low
17.75,76.8,8.73,0.45,17,Clear,Low
20.63,81.1,7.76,8.16,3,Heavy Rain,Medium
26.06,82.0,7.24,12.98,4,Fog,Medium
6.69,73.8,9.98,1.53,6,Fog,Low
6.8,82.4,9.17,5.17,15,Rain,Low
32.41,36.6,6.63,19.13,21,Snow,Low
24.25,63.1,9.79,21.99,3,Clear,Low
10.31,39.5,7.33,14.49,0,Cloudy,Low
13.71,58.6,1.22,9.43,16,Clear,High
13.77,94.1,11.0,6.41,10,Clear,Low
15.38,84.7,10.72,16.85,1,Heavy Rain,High
20.67,76.9,9.6,9.15,10,Clear,Low
45.0,61.7,7.67,20.28,0,Heavy Rain,High
17.28,47.1,8.78,20.75,22,Heavy Rain,Medium
22.95,68.4,11.46,15.69,20,Snow,Medium
-5.24,85.0,7.1,7.52,10,Thunderstorm,High
9.18,72.4,11.58,8.22,19,Heavy Rain,High
29.75,36.5,4.58,2.79,21,Rain,Medium
19.83,66.9,9.5,11.53,0,Heavy Rain,High
-20.0,30.6,9.08,11.25,14,Clear,Low
23.09,79.5,12.01,0.4,5,Rain,Low
38.02,52.5,6.24,33.28,7,Fog,High
-8.95,43.0,6.57,17.01,15,Cloudy,Medium
33.23,79.7,4.82,4.44,3,Clear,Medium
-18.26,75.1,7.3,30.49,22,Cloudy,Medium
26.26,69.2,9.77,7.54,11,Clear,Low
14.9,100.0,3.61,19.47,20,Rain,Low
-13.2,76.4,7.67,12.79,0,Snow,High
20.35,53.4,10.83,7.84,18,Clear,Low
28.81,74.3,8.69,8.97,8,Cloudy,Low
19.37,59.9,9.23,24.93,16,Rain,Medium
22.02,87.8,4.48,19.89,12,Fog,Medium
10.06,70.1,8.7,10.9,13,Clear,Low
-7.34,71.8,9.09,6.45,13,Cloudy,Medium
23.3,39.0,8.51,14.74,11,Clear,Low
36.0,66.1,9.46,0.78,10,Cloudy,Low
28.55,64.0,8.07,16.85,23,Cloudy,Low
-8.85,46.6,7.63,5.57,23,Clear,Medium
-3.18,61.0,5.88,6.52,14,Clear,Low
4.85,72.8,11.92,6.26,3,Cloudy,Medium
-4.12,64.9,5.32,21.18,1,Clear,Medium
15.53,39.6,9.47,3.9,23,Fog,Medium
19.72,60.1,14.44,18.64,4,Thunderstorm,High
-2.16,56.6,12.3,15.08,16,Snow,High
24.33,68.5,10.53,11.35,17,Clear,Medium
22.21,66.5,9.75,7.97,19,Cloudy,Low
8.42,57.6,8.62,16.38,7,Cloudy,Low
12.93,56.9,6.3,8.04,15,Cloudy,Low
-8.4,66.2,8.24,7.96,10,Heavy Rain,Medium
11.01,82.3,10.72,12.57,5,Rain,Low
15.09,70.0,10.17,27.48,17,Clear,Low
17.02,90.6,11.37,1.62,18,Clear,Low
19.55,85.4,12.66,16.51,12,Rain,Medium
17.93,91.9,8.52,10.71,20,Snow,Medium
11.83,89.6,9.58,10.01,14,Rain,Medium
18.43,93.1,3.3,1.74,18,Clear,Medium
27.02,44.2,15.0,3.8,18,Cloudy,Medium
13.85,76.7,7.76,15.06,20,Cloudy,Low
18.81,86.9,10.96,0.58,15,Heavy Rain,High
12.77,90.2,7.76,21.15,1,Cloudy,Medium
7.24,51.1,7.69,2.86,23,Rain,Medium
21.27,76.8,8.29,16.96,23,Clear,Low
8.34,66.4,5.26,6.82,17,Clear,Low
19.63,98.2,1.56,6.38,22,Heavy Rain,High
15.34,40.0,12.48,3.78,4,Thunderstorm,Medium
11.35,51.2,10.64,15.93,21,Thunderstorm,Medium
11.06,32.4,6.25,18.44,3,Heavy Rain,High
8.9,67.6,10.36,9.16,15,Rain,Medium
-4.75,100.0,11.47,17.32,12,Cloudy,Low
19.59,64.2,6.92,12.11,20,Fog,Medium
17.78,66.8,10.24,0.01,12,Cloudy,Low
25.2,74.9,12.02,15.41,14,Rain,Low
8.62,62.9,4.68,9.3,7,Cloudy,High
37.74,71.6,10.6,11.53,11,Fog,High
10.44,72.1,10.09,8.48,8,Rain,Medium
4.5,49.8,14.64,3.24,22,Clear,Low
3.08,63.3,10.67,0.92,13,Fog,High
-5.81,78.4,7.77,9.76,4,Clear,Medium
33.39,81.7,8.11,11.32,1,Clear,Low
31.45,88.4,15.0,4.48,20,Cloudy,Low
22.21,71.0,7.94,16.75,14,Cloudy,Low
4.25,71.4,10.76,10.97,10,Snow,Medium
36.74,78.5,8.28,8.18,6,Cloudy,Low
10.78,54.3,12.24,12.39,7,Snow,Medium
11.77,53.6,12.39,22.85,14,Cloudy,Low
32.25,62.8,8.93,7.35,12,Cloudy,Low
22.91,42.0,7.78,23.7,12,Heavy Rain,Medium
41.41,72.3,7.71,6.45,15,Clear,Low
17.98,83.9,3.82,4.99,22,Clear,Low
10.24,52.2,9.3,8.38,4,Clear,Low
7.66,72.8,9.24,4.02,15,Clear,Low
-7.16,53.7,6.55,2.64,18,Rain,High
11.66,46.7,3.5,19.62,11,Clear,Low
28.74,100.0,9.62,13.44,9,Rain,High
22.19,47.0,10.0,5.26,12,Heavy Rain,High
15.24,42.0,10.18,18.07,16,Heavy Rain,Medium
3.06,68.9,6.03,16.76,8,Rain,Low
17.72,69.8,10.19,1.36,3,Cloudy,Medium
27.15,77.0,8.46,13.62,2,Thunderstorm,Medium
20.17,100.0,11.59,17.58,1,Clear,Low
17.0,51.0,6.08,2.44,21,Heavy Rain,Medium
5.44,54.6,12.45,14.57,3,Cloudy,Low
25.41,94.0,13.53,5.92,15,Snow,Medium
-20.0,81.9,9.35,16.88,4,Rain,High
19.59,79.4,10.21,3.6,12,Clear,Low
45.0,54.4,11.35,21.38,18,Snow,High
-3.1,85.3,5.92,9.81,3,Clear,Low
12.1,79.5,7.54,6.47,11,Snow,Medium
14.91,68.4,9.55,5.5,10,Cloudy,Low
9.45,54.5,15.0,19.87,18,Clear,Low
27.44,66.9,5.41,5.49,13,Rain,Medium
20.67,94.7,13.91,21.54,17,Cloudy,Low
16.83,45.3,8.42,13.92,14,Clear,Low
24.57,50.6,8.9,0.47,5,Snow,Medium
15.2,53.7,12.65,12.23,13,Clear,Low
45.0,57.6,15.0,12.42,21,Clear,Low
16.82,64.7,10.27,0.76,9,Clear,Low
17.34,82.3,12.49,12.07,18,Snow,Medium
-5.53,73.3,6.24,16.88,15,Clear,Medium
8.48,66.1,7.41,22.15,2,Heavy Rain,High
28.77,70.0,4.94,21.76,2,Heavy Rain,High
-1.03,76.2,7.45,33.5,13,Rain,Medium
-10.89,34.7,10.7,12.01,4,Cloudy,High
15.39,84.3,9.64,16.98,9,Cloudy,Low
31.45,50.1,14.18,6.54,10,Clear,Low
15.51,57.0,15.0,28.96,11,Rain,Low
10.97,71.1,8.59,3.98,17,Cloudy,Low
-7.3,63.6,6.96,28.55,8,Clear,Medium
20.43,73.8,12.48,27.4,2,Cloudy,Low
22.94,67.6,12.79,4.94,11,Clear,Low
-6.38,59.8,10.32,21.33,20,Clear,Low
28.61,92.5,11.12,16.11,8,Cloudy,Medium
24.19,77.7,10.65,8.29,18,Thunderstorm,Medium
28.59,70.4,6.03,10.78,11,Fog,Medium
22.0,77.5,5.34,14.39,4,Clear,Low
22.84,52.3,8.85,15.25,13,Cloudy,Low
21.25,100.0,8.4,25.45,11,Cloudy,Low
25.42,45.4,9.83,17.14,17,Rain,High
-6.83,67.0,8.61,5.07,16,Clear,High
-3.01,59.8,3.89,18.69,3,Cloudy,High
6.17,59.2,2.66,3.73,1,Cloudy,High
13.44,56.8,11.21,8.52,3,Cloudy,Low
19.66,51.1,7.01,9.39,16,Clear,Low
18.9,86.4,8.3,17.92,11,Rain,Medium
28.41,43.3,7.33,27.94,9,Clear,Low
28.78,82.7,6.26,13.96,11,Cloudy,Low
4.53,76.7,6.18,8.75,0,Snow,Medium
17.86,58.1,12.06,5.72,13,Clear,Low
4.83,74.6,8.28,19.52,3,Cloudy,Medium
12.74,62.2,10.9,10.25,14,Cloudy,Medium
18.86,45.2,11.31,7.47,3,Cloudy,Low
-20.0,45.4,9.95,20.56,6,Cloudy,Low
43.93,76.8,11.41,22.52,22,Rain,Medium
21.8,75.9,9.04,3.37,15,Rain,Low
7.85,69.4,13.09,1.47,21,Cloudy,Low
38.13,58.0,11.47,11.12,11,Clear,Low
10.83,61.6,11.87,1.74,17,Clear,Medium
16.59,59.1,6.18,0.51,11,Heavy Rain,High
9.15,33.6,9.79,2.63,15,Cloudy,Low
34.82,66.1,3.49,21.42,14,Cloudy,Low
13.74,74.4,13.2,17.85,0,Rain,Medium
16.79,66.2,7.13,34.12,14,Cloudy,Low
29.45,96.8,7.55,6.22,3,Cloudy,Medium
22.02,46.9,4.9,23.97,14,Clear,Medium
14.35,53.1,8.89,16.44,2,Fog,Medium
28.32,67.4,8.2,6.99,19,Snow,Medium
45.0,69.4,14.47,10.68,14,Snow,High
18.81,30.8,11.58,6.95,11,Clear,Low
16.4,75.8,7.46,14.33,22,Cloudy,Low
17.05,69.5,4.0,20.88,22,Fog,High
30.73,26.9,2.15,8.68,6,Fog,High
7.81,62.9,5.92,19.64,22,Clear,Low
11.66,50.4,5.01,23.44,10,Clear,Low
-3.45,56.8,10.05,25.45,8,Cloudy,Medium
0.79,40.9,8.57,1.44,22,Clear,Low
8.79,72.5,9.05,11.56,21,Clear,Low
14.33,96.7,6.15,18.38,20,Cloudy,Low
36.23,69.8,9.46,2.22,10,Clear,Low
21.43,26.1,4.74,0.21,14,Rain,Medium
4.06,70.1,8.74,11.76,23,Cloudy,Medium
6.26,61.5,11.49,8.28,0,Clear,Low
31.5,45.2,7.9,10.45,22,Snow,Medium
28.52,71.4,10.33,7.76,22,Cloudy,Low
15.34,80.8,3.07,31.44,10,Fog,Medium
9.69,53.0,2.83,7.85,0,Clear,Low
28.5,35.4,9.98,17.27,8,Rain,High
3.08,28.8,12.14,16.67,2,Cloudy,Low
19.7,53.0,8.29,3.2,16,Fog,Medium
42.27,62.2,15.0,25.2,8,Clear,Medium
17.46,55.7,4.67,17.63,8,Cloudy,Low
5.69,52.7,6.96,13.41,13,Clear,Low
19.92,75.2,9.42,21.52,15,Snow,Medium
9.36,73.3,10.39,11.57,3,Cloudy,Low
-1.73,68.6,7.25,19.94,10,Cloudy,Medium
23.41,79.7,5.82,4.89,2,Rain,Medium
28.41,53.2,10.86,19.36,12,Clear,Low
11.27,45.3,9.4,13.65,7,Clear,Low
10.47,55.6,7.97,13.79,9,Cloudy,Low
3.46,54.4,10.5,4.42,4,Cloudy,Low
13.2,28.1,8.59,10.03,19,Cloudy,Medium
8.25,55.2,8.58,9.77,6,Clear,Low
2.87,84.9,8.47,1.75,14,Heavy Rain,High
37.71,79.4,6.54,15.22,15,Rain,Low
20.6,74.5,6.23,26.16,16,Rain,High
21.87,67.4,7.42,0.79,0,Cloudy,Medium
25.6,91.1,9.1,16.41,19,Cloudy,Low
24.25,45.9,3.39,8.22,15,Rain,Medium
10.04,47.6,11.83,7.18,19,Thunderstorm,Medium
18.27,85.2,9.06,12.67,17,Clear,Low
11.77,65.5,5.8,12.81,12,Heavy Rain,Medium
20.26,52.9,13.85,13.66,17,Rain,Medium
19.1,74.9,9.13,1.82,6,Rain,Low
10.41,57.1,4.99,21.81,8,Clear,Medium
-0.95,49.9,13.72,12.73,8,Heavy Rain,High
16.75,49.4,13.06,17.34,9,Cloudy,Low
12.55,70.8,6.27,22.93,13,Cloudy,Low
-7.68,68.7,8.03,5.29,17,Cloudy,High
21.09,92.3,7.63,17.67,5,Snow,Medium
26.58,59.8,3.33,10.52,7,Rain,Medium
45.0,59.5,9.97,21.17,18,Clear,Low
10.31,90.9,11.54,4.79,18,Clear,Medium
8.54,82.7,10.97,20.42,5,Rain,Low
1.69,67.6,9.1,2.5,2,Snow,High
17.5,36.9,11.83,15.62,8,Cloudy,Medium
17.43,50.4,5.59,14.56,2,Rain,Low
5.26,46.0,14.45,10.6,15,Clear,Low
12.9,65.7,6.68,2.71,17,Clear,Medium
-8.74,55.8,7.02,8.68,16,Cloudy,Low
26.12,93.9,7.27,20.31,8,Cloudy,Low
5.75,36.7,7.06,25.39,9,Cloudy,Low
14.58,44.1,8.42,29.59,11,Clear,Low
-2.12,69.4,8.31,16.74,18,Clear,Medium
8.01,74.4,9.39,14.26,22,Cloudy,Low
11.64,18.4,6.54,16.04,21,Heavy Rain,Medium
14.86,33.8,9.5,29.36,8,Clear,Medium
20.76,60.3,5.73,16.69,3,Rain,Medium
32.27,89.4,11.2,12.78,1,Clear,Low
23.79,99.0,11.16,9.52,21,Clear,Low
26.55,57.5,8.98,10.56,22,Clear,Low
32.35,61.9,7.05,15.48,12,Cloudy,Low
21.84,49.9,9.93,5.24,1,Clear,Low
14.56,76.4,6.34,6.36,10,Cloudy,Low
27.11,92.5,9.1,11.43,17,Cloudy,Low
27.88,87.6,8.54,7.93,19,Snow,High
22.78,64.5,15.0,17.37,18,Heavy Rain,High
-2.46,49.9,5.32,18.07,18,Cloudy,Medium
4.9,65.1,1.0,14.36,2,Clear,High
11.7,89.9,7.09,16.41,16,Rain,High
24.36,57.8,3.85,13.06,23,Cloudy,Low
14.74,32.3,6.82,22.13,9,Heavy Rain,Medium
28.64,58.5,5.11,4.12,12,Snow,Medium
30.78,60.0,6.29,18.37,6,Clear,Low
29.39,32.2,5.81,4.45,19,Cloudy,Low
29.47,69.2,11.89,19.7,8,Clear,Low
2.56,74.1,8.85,20.2,23,Cloudy,High
20.79,98.5,12.23,9.61,13,Cloudy,Low
7.71,41.0,9.12,6.69,8,Fog,Low
-4.79,78.1,11.79,12.09,13,Cloudy,Medium
11.55,82.4,8.09,11.6,0,Cloudy,Medium
30.9,74.4,13.78,17.64,22,Cloudy,Low
20.53,46.9,10.41,9.07,10,Clear,Low
39.21,45.8,6.66,5.39,10,Rain,Low
17.13,66.7,10.86,2.89,9,Clear,Low
44.37,66.6,9.08,10.66,15,Cloudy,Low
17.13,54.9,8.39,7.55,18,Heavy Rain,Medium
15.27,88.2,9.29,1.5,15,Rain,Medium
-0.35,57.8,11.25,8.51,3,Clear,High
28.33,30.9,2.65,7.61,17,Cloudy,High
8.97,61.0,7.95,16.08,15,Heavy Rain,Medium
7.24,73.6,11.05,9.75,23,Clear,Low
30.37,71.2,9.74,3.22,6,Clear,Low
28.9,71.0,5.62,15.12,19,Cloudy,Low
28.58,91.9,1.9,33.78,21,Cloudy,High
10.65,44.9,14.1,21.68,0,Cloudy,Medium
14.39,57.4,8.44,18.11,21,Fog,Medium
14.28,92.8,13.54,10.24,19,Heavy Rain,High
24.39,29.6,11.38,7.58,19,Thunderstorm,High
33.64,64.0,6.62,6.96,23,Thunderstorm,High
19.42,87.1,1.5,14.17,4,Clear,Medium
38.7,86.9,7.61,1.78,0,Clear,Medium
25.77,76.9,8.89,13.98,14,Heavy Rain,High
12.18,77.3,10.35,6.03,14,Fog,High
24.94,46.3,5.67,3.43,20,Rain,Low
35.47,89.7,9.53,5.9,14,Clear,Low
38.98,43.4,9.53,23.26,2,Clear,Medium
29.24,44.5,11.96,13.25,12,Thunderstorm,High
15.31,72.0,8.08,19.97,9,Clear,Medium
12.4,56.1,10.33,5.94,21,Fog,Medium
21.91,68.7,9.87,20.13,16,Cloudy,Low
35.09,72.8,11.63,9.31,19,Fog,High
20.21,97.0,6.54,16.71,17,Clear,Low
20.45,72.8,0.1,8.44,4,Thunderstorm,High
15.62,53.9,8.29,13.66,20,Cloudy,Low
11.07,77.2,8.31,12.32,2,Heavy Rain,High
13.05,50.0,5.53,6.19,6,Clear,Low
16.63,81.4,4.48,17.14,3,Clear,Medium
35.62,66.2,7.28,25.78,2,Clear,Low
12.12,72.2,8.66,15.46,21,Heavy Rain,Medium
15.63,32.9,9.29,12.94,3,Clear,High
4.62,24.5,2.14,4.41,2,Rain,Medium
23.6,38.0,3.74,20.44,2,Clear,Low
31.4,96.4,12.39,7.4,15,Rain,Low
34.49,44.3,8.43,17.05,5,Clear,Low
17.44,78.2,8.99,18.86,16,Fog,High
21.89,53.4,5.0,20.89,6,Clear,Low
13.16,60.7,8.99,21.06,5,Fog,Medium
21.34,64.2,7.87,20.73,3,Cloudy,Low
18.77,94.6,7.14,0.69,5,Clear,Low
15.7,75.5,4.61,4.27,5,Snow,High
16.65,71.9,6.39,0.35,20,Clear,Low
20.42,88.3,14.92,0.96,12,Rain,Medium
11.47,53.6,7.95,25.73,10,Cloudy,Low
12.09,84.2,11.37,3.13,21,Heavy Rain,High
35.49,81.2,8.41,1.86,11,Clear,Low
45.0,81.0,8.06,11.5,21,Clear,Low
0.55,62.2,7.09,5.29,9,Fog,High
-0.11,57.1,13.04,32.36,23,Clear,Medium
3.51,49.3,10.12,9.54,4,Rain,Medium
13.76,50.5,6.63,16.01,12,Snow,Low
25.75,48.5,7.82,4.98,10,Clear,Low
22.1,71.6,12.23,2.96,21,Clear,Low
17.06,60.9,0.48,5.44,6,Clear,High
21.35,72.8,9.93,5.54,8,Fog,Medium
6.69,73.8,10.61,5.48,7,Fog,High
12.07,45.9,6.75,2.4,14,Fog,Low
14.76,45.4,9.46,13.22,4,Cloudy,Medium
-4.01,60.9,10.51,8.97,11,Cloudy,Medium
1.06,51.0,5.31,1.88,15,Fog,High
1.54,49.2,11.53,12.96,5,Fog,High
24.17,95.5,9.89,18.86,6,Clear,Low
17.94,37.4,8.54,22.78,3,Clear,Low
22.33,100.0,9.31,9.78,3,Cloudy,Low
-7.08,70.2,11.12,5.42,22,Heavy Rain,High
-2.8,82.8,15.0,0.34,19,Cloudy,Medium
22.96,80.6,10.83,6.13,4,Clear,Low
-18.34,76.1,11.43,24.5,13,Snow,High
29.7,94.9,9.58,5.46,2,Cloudy,Medium
-6.88,45.5,14.7,7.72,20,Clear,Low
25.12,62.2,4.6,4.54,18,Rain,Medium
4.34,49.6,3.79,26.63,18,Snow,High
27.59,34.5,9.46,8.7,7,Cloudy,Low
45.0,53.1,10.98,6.99,8,Thunderstorm,High
-12.28,98.7,1.28,4.21,20,Snow,High
23.34,61.9,8.99,3.49,13,Clear,Low
-6.7,100.0,8.46,21.92,13,Cloudy,Low
20.12,100.0,11.23,4.23,23,Clear,Medium
12.52,100.0,10.29,7.86,19,Cloudy,Low
16.56,99.3,3.58,11.29,8,Rain,Medium
4.06,100.0,5.76,5.24,1,Heavy Rain,High
24.37,70.9,6.58,3.61,5,Cloudy,Low
-2.38,69.1,11.22,10.49,18,Clear,Medium
29.9,70.3,10.12,5.14,3,Clear,Medium
10.09,65.0,7.14,19.28,7,Cloudy,Low
-1.83,67.7,9.43,16.65,22,Clear,Low
34.14,78.5,5.83,29.5,10,Clear,Low
14.19,56.6,15.0,12.99,5,Fog,Low
37.89,40.2,10.72,17.3,13,Cloudy,Low
29.66,71.5,11.36,8.77,22,Rain,Medium
5.42,52.5,13.13,27.41,5,Clear,Low
13.98,54.4,12.05,12.09,14,Fog,Medium
16.45,62.4,9.09,11.08,19,Snow,High
33.32,58.3,8.45,16.87,14,Cloudy,Low
20.25,85.0,12.86,6.2,21,Clear,Low
17.12,62.0,9.08,7.5,9,Heavy Rain,High
12.6,85.9,6.75,16.86,19,Cloudy,Medium
14.39,68.7,14.9,18.59,9,Snow,High
30.66,63.4,6.19,17.37,1,Cloudy,Medium
15.04,67.8,3.8,11.28,7,Fog,High
10.26,41.8,11.98,14.43,3,Rain,Low
8.23,71.1,6.81,20.64,17,Cloudy,Low
8.35,80.3,10.31,2.15,9,Heavy Rain,High
-1.83,82.8,14.45,12.01,17,Cloudy,High
6.0,40.7,4.88,14.2,17,Cloudy,Medium
32.98,37.7,8.88,18.66,12,Cloudy,Low
12.52,55.3,13.45,4.96,22,Cloudy,Low
23.45,89.9,11.05,5.2,10,Rain,Low
-14.75,69.0,8.46,10.9,16,Clear,Medium
21.82,51.1,15.0,17.57,15,Cloudy,Low
13.06,38.8,8.71,33.53,17,Cloudy,Medium
9.22,52.7,10.19,1.98,11,Clear,Low
17.17,51.5,13.95,4.35,10,Clear,Low
9.05,81.8,11.94,14.06,19,Rain,Medium
-10.49,83.2,12.97,5.46,21,Rain,Medium
26.07,46.1,6.3,19.52,1,Fog,High
17.92,78.6,12.68,10.49,23,Heavy Rain,Medium
11.23,76.7,9.51,19.97,21,Cloudy,Low
3.41,43.8,6.76,9.76,14,Clear,Low
-2.64,63.5,9.67,16.9,12,Clear,Low
17.69,71.1,9.57,3.39,10,Cloudy,Low
34.36,67.9,14.6,29.44,12,Cloudy,Low
17.44,34.2,10.14,3.3,4,Cloudy,Medium
-1.59,67.4,6.66,5.63,9,Cloudy,Medium
17.7,76.5,5.97,0.78,22,Clear,Low
14.36,93.4,8.86,19.2,12,Cloudy,Low
25.37,53.0,4.96,16.86,8,Clear,Low
22.28,55.2,6.85,1.04,5,Cloudy,Low
-20.0,61.2,8.27,20.97,18,Cloudy,Medium
21.54,70.2,7.73,5.71,11,Rain,Low
2.96,66.7,11.18,15.49,13,Rain,Medium
-2.06,75.9,6.79,17.6,9,Rain,High
12.74,44.7,1.59,9.8,0,Heavy Rain,High
19.93,72.1,3.94,20.19,7,Clear,Medium
-4.69,51.6,8.95,10.7,14,Fog,Medium
23.45,62.4,7.24,15.05,5,Cloudy,Low
24.16,95.7,5.29,9.53,12,Rain,Medium
15.56,39.8,14.88,4.81,20,Clear,Low
4.59,60.0,11.49,10.89,4,Clear,High
3.25,42.1,8.82,4.14,20,Fog,Medium
27.31,67.8,9.7,24.53,3,Clear,Low
-3.13,83.9,8.2,0.28,11,Cloudy,Low
27.77,68.1,5.24,23.03,15,Clear,Low
13.02,62.9,12.09,10.39,5,Clear,Low
13.85,88.9,11.55,15.66,5,Thunderstorm,Medium
-5.5,70.9,3.07,0.42,10,Rain,High
13.24,79.8,9.68,9.22,0,Rain,High
22.36,77.9,10.01,6.02,22,Clear,Low
-1.04,13.2,8.03,30.93,6,Clear,Low
20.98,63.6,15.0,5.8,18,Rain,Medium
16.07,45.6,14.97,22.38,6,Clear,Low
7.27,50.1,7.87,22.51,19,Clear,Medium
25.26,91.5,8.33,22.25,4,Cloudy,Medium
-11.43,58.3,7.98,6.66,16,Clear,Medium
19.16,99.1,7.17,28.24,17,Fog,Medium
34.43,39.7,6.24,30.11,17,Cloudy,Medium
32.28,45.5,10.52,15.3,1,Clear,Low
19.68,78.7,14.88,7.81,3,Cloudy,Low
11.38,58.9,13.65,4.25,20,Cloudy,Low
7.37,70.5,11.37,16.25,8,Cloudy,Low
11.36,63.0,1.78,12.58,19,Snow,High
21.53,62.4,3.41,13.64,19,Cloudy,Low
5.31,59.5,12.19,0.13,16,Clear,Low
24.09,68.2,13.86,12.3,4,Cloudy,Low
40.6,76.5,10.66,22.29,8,Rain,Medium
14.26,94.1,8.08,19.34,1,Clear,Low
-1.13,61.4,13.06,8.27,0,Snow,High
-1.14,57.9,11.26,11.02,20,Clear,Medium
24.32,55.6,12.41,1.22,11,Clear,Low
14.28,91.5,3.43,6.01,18,Fog,High
25.52,77.4,10.03,8.94,3,Clear,Low
8.6,30.8,14.32,17.7,3,Clear,Low
24.97,30.0,10.58,5.64,13,Clear,Low
13.1,50.1,11.84,2.68,12,Heavy Rain,Medium
6.21,69.1,9.11,18.82,9,Cloudy,Medium
10.19,64.4,9.32,8.2,1,Heavy Rain,Medium
0.64,74.3,13.21,4.45,6,Rain,Medium
38.87,61.8,6.99,19.31,3,Heavy Rain,Medium
13.84,90.2,6.7,16.13,3,Fog,Medium
22.73,78.9,7.57,10.13,6,Snow,Medium
8.56,66.4,9.07,8.84,15,Clear,Low
2.38,85.6,4.17,15.42,16,Fog,High
12.19,35.3,11.19,16.85,19,Cloudy,Medium
28.21,63.5,8.51,13.88,7,Heavy Rain,Medium
8.75,67.5,11.56,13.09,12,Cloudy,Low
4.55,75.8,2.64,6.54,19,Clear,High
16.87,34.1,11.57,7.08,11,Rain,Low
20.99,60.3,13.01,10.45,0,Rain,Medium
34.71,72.2,10.32,3.35,11,Fog,Medium
19.25,73.6,9.09,2.3,0,Cloudy,Low
22.73,86.4,11.6,11.19,9,Rain,Medium
23.63,78.7,12.81,20.91,7,Cloudy,Medium
1.16,63.9,10.57,6.66,21,Cloudy,Medium
3.44,77.1,10.79,8.48,17,Cloudy,Low
1.99,61.4,13.97,14.45,15,Cloudy,Medium
-0.99,67.6,11.28,21.65,22,Heavy Rain,High
24.55,79.3,6.6,28.2,22,Rain,Medium
18.48,64.2,12.8,9.68,7,Rain,Low
15.95,71.5,8.63,29.75,13,Fog,Medium
-16.11,82.3,9.1,16.1,13,Rain,Medium
39.67,77.8,9.32,19.33,0,Rain,High
4.27,87.2,11.91,2.41,0,Heavy Rain,High
39.62,100.0,14.25,16.08,8,Cloudy,Low
-2.39,77.7,9.07,20.11,0,Cloudy,Medium
5.25,56.7,14.19,5.8,16,Thunderstorm,Medium
-11.43,74.2,9.49,11.45,0,Cloudy,Medium
19.35,73.4,13.21,13.34,5,Cloudy,Low
1.78,76.0,9.6,10.07,2,Clear,Medium
2.12,91.9,7.52,24.1,11,Clear,Low
-1.47,34.7,14.77,7.16,20,Heavy Rain,High
24.33,92.2,7.24,5.65,1,Fog,High
23.54,98.3,7.04,1.46,15,Heavy Rain,High
36.74,75.2,5.23,6.33,13,Heavy Rain,Medium
6.77,75.7,12.8,36.0,21,Snow,Medium
17.63,60.7,13.51,2.28,14,Cloudy,Low
-0.47,65.1,10.12,0.02,20,Clear,Low
10.98,77.6,6.05,11.51,16,Rain,Medium
8.77,76.4,8.98,29.77,18,Fog,Medium
20.57,78.0,8.09,18.67,11,Cloudy,Low
27.2,76.3,5.91,25.97,8,Snow,High
26.89,81.2,7.53,8.53,12,Snow,Medium
4.89,79.2,10.52,0.51,3,Clear,Low
26.98,46.6,7.18,7.96,17,Cloudy,Low
14.47,80.0,9.88,10.88,2,Cloudy,Medium
11.1,98.5,3.67,12.1,22,Cloudy,Low
6.5,64.5,14.04,10.07,0,Clear,Low
8.28,92.0,7.83,17.32,2,Cloudy,Low
35.91,48.5,11.61,5.59,4,Rain,Medium
18.69,64.5,9.57,3.66,4,Rain,Medium
17.1,53.5,10.21,1.16,0,Fog,Medium
11.85,89.8,5.6,13.85,23,Rain,High
44.35,94.5,6.72,12.95,16,Heavy Rain,High
30.66,63.2,6.79,21.82,7,Clear,Medium
6.35,86.1,9.08,25.92,9,Clear,Medium
11.72,94.7,12.98,1.13,5,Cloudy,Low
12.43,64.4,10.3,12.21,12,Heavy Rain,High
16.75,67.3,6.3,10.15,9,Cloudy,Medium
6.59,78.2,9.26,1.83,11,Snow,High
20.27,49.8,8.76,7.25,9,Rain,Medium
32.43,67.0,7.95,26.1,6,Cloudy,Low
-0.76,100.0,8.95,6.31,12,Cloudy,Medium
1.46,56.0,11.29,4.81,2,Rain,High
9.2,80.4,6.84,11.53,13,Cloudy,Low
9.76,74.4,7.96,20.21,13,Clear,Low
38.98,62.1,11.95,9.26,2,Cloudy,High
27.02,69.0,10.41,13.15,20,Clear,Low
26.33,96.5,12.84,8.56,22,Cloudy,Low
11.83,75.0,13.31,17.15,17,Fog,Medium
11.56,77.8,4.92,13.99,22,Clear,Low
-2.42,93.8,9.86,19.96,22,Cloudy,Medium
24.38,59.8,7.48,4.81,17,Heavy Rain,High
20.89,46.2,5.4,9.28,8,Cloudy,Low
30.43,96.8,6.63,20.68,5,Cloudy,Low
12.47,67.5,8.1,6.99,20,Cloudy,Low
13.3,81.1,8.12,12.46,11,Snow,Medium
17.04,51.3,7.18,8.31,17,Snow,Medium
25.7,72.0,8.96,8.53,21,Clear,Low
-2.64,45.3,15.0,22.5,22,Thunderstorm,High
23.83,66.1,3.82,0.81,16,Clear,Medium
14.75,53.3,12.41,11.55,6,Clear,Low
2.3,49.2,8.94,14.27,1,Rain,Medium
-10.02,59.5,7.69,20.44,19,Snow,High
13.36,23.7,2.95,10.9,0,Clear,Medium
32.37,44.1,11.29,20.72,12,Cloudy,Low
35.1,79.1,4.68,11.51,7,Clear,Low
19.26,71.3,11.48,13.08,10,Cloudy,Low
38.54,45.7,14.22,12.73,21,Cloudy,Low
14.48,74.9,5.15,17.9,11,Rain,High
26.44,49.2,12.51,16.88,3,Clear,Low
9.59,78.0,9.08,1.98,10,Clear,Low
8.82,62.9,2.72,13.95,2,Heavy Rain,High
6.87,59.1,5.39,16.87,21,Clear,Low
-9.73,63.4,9.53,25.16,0,Clear,Low
30.45,100.0,10.2,2.92,22,Cloudy,Low
7.3,51.3,4.26,16.85,5,Cloudy,Low
5.38,69.1,9.1,8.87,15,Fog,Medium
0.84,79.1,11.47,13.73,21,Clear,Low
12.55,47.7,12.0,2.34,4,Cloudy,Medium
36.16,36.3,7.76,11.88,22,Snow,Medium
40.13,54.2,10.32,14.87,10,Rain,Medium
-4.93,78.7,12.22,3.27,12,Rain,Medium
10.75,58.8,11.56,25.04,8,Clear,Low
2.59,60.8,11.67,1.9,23,Cloudy,Medium
26.86,81.4,9.34,16.84,16,Thunderstorm,High
18.44,50.5,8.72,9.86,8,Rain,Medium
7.36,63.4,9.82,9.71,1,Snow,High
15.87,37.8,6.71,16.32,21,Cloudy,Low
9.27,70.8,12.34,18.41,15,Cloudy,Low
34.37,69.1,4.41,11.05,3,Cloudy,High
21.56,79.3,7.49,9.83,11,Heavy Rain,Medium
23.04,44.4,8.89,17.11,6,Cloudy,Low
-17.0,61.5,10.41,20.56,6,Cloudy,Low
14.2,42.0,10.97,24.42,11,Rain,Medium
40.0,60.6,13.47,0.38,1,Thunderstorm,High
30.91,91.7,9.23,10.19,5,Cloudy,Low
-7.17,59.2,6.85,7.74,1,Clear,High
11.24,40.4,8.56,0.31,22,Rain,Medium
0.58,52.8,8.04,5.66,21,Cloudy,Low
35.53,36.0,10.56,19.79,3,Rain,High
17.93,41.7,5.8,7.67,13,Thunderstorm,Low
5.79,77.1,8.47,9.4,5,Cloudy,Low
15.41,39.0,13.87,14.7,13,Clear,Low
-16.29,70.6,9.54,5.96,10,Thunderstorm,High
1.98,65.5,5.84,5.95,0,Rain,Medium
15.44,55.4,7.98,5.29,19,Clear,Low
25.15,69.1,2.3,10.91,18,Clear,High
-8.3,48.1,8.82,16.22,1,Rain,Medium
10.43,80.1,13.94,10.14,5,Cloudy,Low
27.12,52.4,5.44,16.07,2,Heavy Rain,High
-2.42,58.0,4.63,20.32,9,Clear,High
17.75,55.9,7.04,22.09,10,Clear,Low
15.79,77.4,11.76,13.55,15,Clear,Low
35.57,74.8,14.11,1.77,15,Snow,Medium
12.24,17.8,10.34,0.79,3,Clear,Low
12.94,69.6,5.14,1.63,11,Rain,Low
25.26,33.6,8.93,2.33,19,Snow,Medium
-0.92,58.9,14.37,12.89,21,Clear,Low
12.35,63.1,8.07,28.99,20,Fog,Medium
9.53,58.7,9.42,13.91,7,Rain,Medium
13.33,74.0,9.72,11.24,12,Clear,Low
25.18,78.0,4.36,20.66,3,Thunderstorm,High
21.65,51.1,11.99,4.54,8,Snow,High
6.02,50.4,11.56,21.38,6,Clear,Low
16.64,64.4,3.02,20.71,6,Snow,High
32.89,37.2,5.01,12.53,21,Cloudy,Low
5.02,56.4,6.09,30.84,17,Fog,High
16.74,89.3,11.25,22.04,20,Rain,Medium
12.68,37.9,6.75,12.41,8,Heavy Rain,High
14.24,58.9,10.2,10.71,9,Snow,Medium
-4.57,54.3,8.45,8.11,19,Heavy Rain,High
31.93,100.0,9.21,10.82,1,Clear,Medium
5.71,55.3,10.49,11.08,17,Rain,Medium
27.31,56.4,9.82,9.12,16,Fog,Medium
7.54,46.4,8.94,10.07,8,Fog,High
7.49,65.2,9.98,1.27,22,Heavy Rain,Medium
29.56,69.9,9.65,6.89,5,Clear,Low
26.93,49.1,8.37,2.38,8,Snow,Medium
17.5,82.8,7.71,15.73,8,Clear,Low
24.13,69.9,14.64,12.72,8,Heavy Rain,High
11.54,80.3,7.67,10.9,8,Cloudy,Low
14.9,59.1,13.1,19.98,11,Snow,Medium
7.06,69.4,6.94,4.23,22,Cloudy,Low
25.85,61.2,11.43,5.6,11,Cloudy,Low
6.68,91.2,14.35,1.33,15,Snow,High
32.82,67.1,7.99,21.21,16,Cloudy,Low
11.21,65.2,7.0,17.45,15,Cloudy,Low
15.25,56.8,7.71,23.97,7,Snow,Medium
24.1,55.7,8.94,26.24,6,Clear,Low
15.29,69.3,9.97,8.18,8,Cloudy,Low
11.43,79.8,8.88,5.6,8,Snow,High
14.64,52.7,7.74,4.16,19,Snow,High
25.73,67.3,14.86,2.12,11,Clear,Low
7.05,68.3,8.4,9.08,22,Cloudy,Low
13.49,71.5,7.14,6.55,23,Cloudy,Medium
15.12,34.3,11.49,2.3,16,Thunderstorm,High
25.38,48.4,11.54,11.25,16,Cloudy,Medium
13.8,40.4,13.24,20.04,2,Cloudy,Low
36.7,65.6,14.78,5.55,3,Snow,High
13.12,48.8,10.04,13.15,17,Rain,Medium
12.15,56.1,8.14,28.77,23,Rain,Medium
12.95,43.5,3.29,4.25,19,Rain,High
-0.8,57.7,6.19,21.77,6,Cloudy,Medium
2.56,44.8,9.63,15.43,16,Clear,Low
8.63,78.6,5.46,23.4,14,Rain,Medium
28.63,73.6,4.24,20.7,1,Cloudy,Medium
14.6,67.7,9.2,6.03,21,Cloudy,Low
9.18,59.6,11.33,12.02,8,Fog,High
29.72,28.3,8.26,1.14,14,Rain,High
33.61,56.8,11.69,7.29,8,Heavy Rain,High
30.06,51.3,10.85,12.26,22,Heavy Rain,High
4.76,69.5,12.45,14.73,11,Cloudy,Low
9.06,76.2,15.0,19.1,20,Cloudy,Low
36.76,70.8,15.0,26.25,22,Cloudy,Low
17.89,87.7,11.2,8.08,0,Clear,Low
11.79,54.8,7.62,22.3,10,Rain,Low
23.62,54.0,9.19,14.41,16,Cloudy,Low
27.09,83.7,13.72,0.23,20,Clear,Low
8.14,68.0,6.32,10.65,17,Thunderstorm,High
17.63,60.6,13.34,13.04,15,Cloudy,Low
26.12,98.2,8.49,4.47,8,Cloudy,Medium
1.08,75.4,9.68,2.63,3,Rain,Medium
15.15,61.6,6.58,2.33,21,Cloudy,Low
1.63,52.7,5.03,7.11,1,Thunderstorm,High
3.2,88.9,8.16,4.22,19,Clear,Low
8.24,68.7,12.91,23.07,0,Snow,Medium
20.73,65.4,6.89,10.06,8,Clear,Medium
11.14,77.2,13.84,13.0,20,Clear,Low
7.22,80.8,7.28,16.75,5,Clear,Medium
15.62,74.9,5.8,3.33,6,Cloudy,Low
1.24,80.9,9.76,9.91,5,Snow,High
20.15,73.1,11.04,8.92,16,Clear,Low
28.58,75.0,9.56,11.3,5,Cloudy,Low
14.05,51.8,9.45,17.97,16,Cloudy,Low
12.57,97.6,13.81,17.16,14,Clear,Low
19.48,42.8,9.28,6.6,21,Cloudy,Low
-9.34,70.6,7.59,1.54,15,Snow,High
21.44,40.9,5.6,13.49,9,Rain,Low
45.0,63.2,12.82,6.09,3,Cloudy,Medium
13.53,54.7,7.72,7.25,10,Clear,Low
13.57,67.4,8.02,14.01,13,Cloudy,Low
23.92,71.2,12.16,8.08,22,Clear,Low
34.74,47.8,15.0,14.76,6,Clear,Low
26.7,64.5,9.75,34.62,9,Clear,Medium
-10.87,90.1,8.59,18.17,21,Clear,Medium
21.76,41.4,8.98,24.1,22,Thunderstorm,Medium
45.0,49.6,7.63,16.6,20,Cloudy,Low
22.47,80.5,7.93,12.69,4,Clear,Medium
1.14,66.4,7.95,16.73,2,Rain,High
18.38,67.7,11.73,16.3,9,Cloudy,Medium
-0.37,83.4,8.74,19.77,6,Cloudy,Medium
29.79,50.7,13.08,12.53,7,Cloudy,Low
3.53,55.7,8.65,0.23,22,Clear,Low
15.89,53.4,7.9,1.21,12,Heavy Rain,Medium
4.71,58.7,12.83,16.15,7,Cloudy,Medium
8.44,89.1,9.06,1.86,17,Thunderstorm,High
32.83,34.4,8.62,18.18,19,Rain,Low
16.24,43.5,9.1,24.05,10,Cloudy,Low
8.29,40.4,13.4,10.01,1,Cloudy,Low
1.26,90.2,9.92,22.9,11,Cloudy,Low
-7.46,53.9,12.75,14.33,9,Cloudy,Medium
-0.02,59.1,8.3,12.23,4,Cloudy,Medium
16.34,35.9,12.27,12.66,14,Thunderstorm,High
26.76,60.3,9.71,4.52,17,Cloudy,Low
8.28,80.6,11.65,3.37,9,Clear,Low
33.85,69.6,11.9,2.8,9,Cloudy,Medium
6.39,63.1,6.18,5.4,18,Clear,Low
12.14,36.8,9.22,31.25,4,Cloudy,Medium
2.05,59.1,11.87,1.44,23,Fog,High
26.89,67.6,12.35,1.41,10,Clear,Low
40.17,47.1,12.76,4.75,12,Clear,Low
-6.14,76.8,9.31,5.17,14,Clear,High
10.85,80.9,13.62,14.42,11,Rain,Low
30.18,55.5,7.03,6.49,1,Heavy Rain,High
-2.36,78.1,4.52,10.21,16,Rain,High
21.8,63.0,8.17,4.35,21,Rain,Medium
29.66,85.6,12.59,7.72,18,Snow,High
15.94,100.0,5.74,11.46,16,Snow,High
21.6,45.3,4.59,10.79,1,Cloudy,Low
36.13,78.9,3.84,29.83,18,Cloudy,Medium
38.38,88.5,11.21,11.75,10,Rain,Medium
14.26,47.5,4.66,10.11,7,Cloudy,Medium
8.61,54.6,10.65,10.47,11,Rain,Low
3.96,54.4,8.02,14.16,5,Rain,Low
26.72,62.6,6.69,5.78,7,Clear,Low
-1.46,58.6,6.0,16.97,19,Clear,Medium
11.97,61.4,9.62,13.28,18,Rain,Medium
16.23,80.1,6.74,19.18,13,Clear,Low
8.96,30.9,8.99,6.29,21,Cloudy,Low
18.36,47.5,10.2,12.24,3,Clear,Low
45.0,77.1,10.84,18.08,20,Snow,Medium
13.54,74.9,11.8,3.63,11,Cloudy,Low
9.78,45.9,9.49,17.49,15,Clear,Low
27.18,75.1,5.85,17.08,20,Snow,Medium
17.88,88.9,10.4,10.79,19,Clear,Low
32.27,64.1,10.97,26.21,23,Fog,Medium
16.98,46.9,8.46,16.64,5,Thunderstorm,Medium
12.02,80.7,8.14,3.07,4,Rain,Medium
-6.4,96.0,15.0,20.9,0,Snow,High
-4.44,49.0,5.12,6.08,16,Snow,High
-7.03,65.7,10.48,19.18,12,Cloudy,Low
19.55,84.6,12.14,14.66,15,Clear,Low
-1.35,67.1,7.98,11.78,9,Clear,Medium
30.07,33.5,8.49,17.44,8,Clear,Low
15.36,73.0,7.8,10.01,21,Cloudy,Low
12.07,47.4,9.0,7.86,4,Clear,Low
4.87,42.1,11.7,8.2,18,Cloudy,Low
22.47,33.9,8.41,19.1,2,Clear,Low
5.35,86.4,15.0,3.71,9,Snow,Medium
3.18,50.0,7.64,22.02,1,Clear,Low
29.26,71.0,13.13,1.68,0,Rain,Medium
19.26,75.4,10.63,14.66,0,Clear,Medium
12.18,67.9,9.33,18.95,6,Cloudy,Medium
22.7,70.3,13.41,18.73,22,Cloudy,Low
15.11,71.9,4.2,13.66,8,Cloudy,High
19.6,67.5,10.28,10.14,14,Clear,Low
5.2,51.3,6.85,7.05,16,Cloudy,Low
39.84,49.7,7.69,1.0,21,Cloudy,Low
8.04,63.1,7.55,5.83,21,Snow,Medium
33.67,62.7,6.11,3.35,0,Clear,Medium
12.73,72.7,4.04,1.87,5,Clear,Medium
24.69,84.8,10.17,28.23,18,Thunderstorm,High
23.81,71.2,8.8,3.47,18,Cloudy,Low
28.76,50.4,8.1,22.13,23,Rain,Medium
4.91,25.7,11.28,0.87,17,Clear,Low
27.91,51.2,10.36,2.8,12,Rain,Medium
37.16,40.8,8.2,2.65,8,Cloudy,Low
11.9,51.9,15.0,2.01,11,Snow,Low
15.42,69.4,12.05,20.31,0,Cloudy,Medium
8.72,66.5,15.0,17.3,16,Rain,High
10.84,98.4,7.76,9.91,0,Cloudy,Medium
35.54,73.7,9.75,36.37,15,Clear,Low
2.95,99.4,5.29,11.85,14,Clear,Low
3.69,77.9,8.01,12.54,23,Cloudy,Medium
34.33,84.5,7.25,5.83,20,Cloudy,Low
22.49,58.5,15.0,4.76,17,Rain,Medium
40.44,45.7,6.92,7.2,15,Snow,Medium
9.59,56.9,8.3,19.67,7,Clear,Low
16.52,64.8,4.64,17.14,18,Heavy Rain,Medium
7.07,53.7,10.6,23.62,13,Snow,Low
16.72,47.0,6.3,5.55,12,Rain,Low
-6.29,72.5,11.76,17.31,14,Rain,Medium
23.22,46.9,3.64,14.75,6,Fog,Medium
18.88,37.4,8.64,15.91,6,Fog,Medium
14.31,44.8,3.46,4.23,0,Cloudy,Medium
10.32,60.8,7.53,2.65,9,Rain,Medium
4.26,47.2,8.14,16.85,19,Cloudy,Medium
23.73,60.9,7.2,19.86,2,Clear,Low
0.95,75.8,7.5,6.44,11,Clear,Low
21.14,75.3,11.91,17.48,20,Cloudy,Low
39.89,53.1,15.0,22.79,21,Cloudy,Low
32.83,41.5,10.02,8.74,22,Cloudy,Low
-3.06,54.6,6.42,0.95,8,Heavy Rain,High
8.56,76.8,9.19,0.18,8,Heavy Rain,High
20.06,81.0,7.94,5.91,6,Clear,Low
14.16,71.4,11.67,7.99,9,Clear,Low
-1.79,86.6,9.86,11.67,16,Rain,High
19.62,96.1,4.27,11.86,16,Cloudy,Low
14.88,56.3,12.29,9.55,14,Thunderstorm,Medium
37.97,91.8,11.9,18.11,11,Rain,Low
11.96,60.3,13.49,5.15,16,Clear,Low
29.02,83.4,7.45,23.38,8,Clear,Low
-0.21,77.8,9.9,20.46,2,Rain,High
2.66,29.4,5.45,19.8,23,Cloudy,Medium
23.66,47.6,8.85,6.06,2,Clear,Low
28.0,43.0,10.19,10.95,20,Clear,Low
3.51,32.9,7.09,18.51,13,Rain,Low
15.29,80.8,10.03,10.2,23,Rain,High
-1.58,100.0,9.5,5.71,13,Clear,Low
12.83,60.4,7.65,5.35,1,Rain,Medium
25.04,80.4,13.19,5.78,2,Rain,High
9.78,91.7,8.3,1.55,2,Heavy Rain,High
12.01,68.7,9.4,37.83,10,Clear,Low
1.44,64.5,4.6,5.57,18,Clear,Medium
7.22,60.6,10.56,3.17,15,Heavy Rain,Low
36.1,74.7,7.57,17.36,19,Cloudy,Low
15.88,80.7,11.87,5.87,13,Fog,Medium
2.97,73.3,5.07,8.83,2,Rain,Medium
11.22,72.7,10.29,15.56,4,Clear,Low
-4.17,64.1,2.45,21.29,3,Cloudy,High
2.83,36.3,10.85,9.54,22,Clear,Low
31.32,81.2,8.48,20.3,19,Heavy Rain,Medium
13.29,41.9,10.2,3.28,0,Clear,Medium
37.69,76.1,7.2,6.55,5,Fog,Medium
13.86,78.6,6.15,16.45,6,Rain,Low
14.57,44.5,7.7,29.76,17,Rain,Medium
22.69,54.1,9.58,3.31,1,Cloudy,Low
-17.07,100.0,10.73,1.73,23,Thunderstorm,High
17.46,63.6,9.91,15.07,6,Snow,Medium
14.41,43.0,6.19,12.48,20,Fog,Medium
32.83,79.4,14.51,5.53,16,Snow,High
26.58,51.1,10.0,1.05,9,Cloudy,Low
1.4,30.4,7.13,7.37,0,Clear,Low
29.91,74.4,10.27,16.69,13,Clear,Low
11.85,48.5,9.77,9.0,0,Thunderstorm,High
4.15,70.8,8.47,22.54,17,Thunderstorm,High
17.37,50.4,8.12,10.78,4,Clear,Low
12.57,77.7,11.95,17.41,22,Clear,Low
33.46,68.3,14.18,14.51,0,Rain,Medium
19.09,18.4,2.89,8.37,8,Cloudy,Medium
17.47,71.9,12.69,19.5,9,Cloudy,Low
25.81,59.8,9.06,1.04,18,Fog,Medium
28.11,90.5,9.71,7.02,5,Cloudy,Low
24.4,72.1,13.05,8.27,18,Rain,Medium
32.03,78.6,1.04,15.43,7,Rain,High
22.3,52.2,11.44,17.68,1,Cloudy,Low
17.01,50.8,12.85,4.66,20,Rain,Low
29.87,64.5,6.93,3.4,4,Heavy Rain,Medium
13.91,58.5,4.82,12.71,10,Fog,Medium
15.4,89.1,13.92,1.84,14,Fog,Medium
35.66,62.2,3.73,21.07,0,Rain,High
34.46,43.0,10.26,9.99,15,Clear,Low
14.9,50.1,12.07,1.47,13,Snow,Medium
9.56,82.4,10.19,1.3,18,Rain,Low
32.56,62.0,10.69,14.82,2,Cloudy,Low
24.61,61.0,8.2,14.57,21,Rain,Low
18.79,84.1,10.39,5.08,1,Cloudy,Low
11.14,48.5,6.87,10.98,22,Snow,Medium
18.98,24.8,7.26,1.84,7,Cloudy,Medium
14.74,49.6,9.11,9.67,1,Cloudy,Low
7.03,69.4,4.38,25.28,6,Heavy Rain,High
16.55,60.5,10.73,31.18,11,Clear,Low
18.19,36.9,1.56,10.09,2,Cloudy,High
10.5,83.3,10.09,15.89,7,Cloudy,Medium
25.85,67.9,10.37,15.53,7,Cloudy,Low
30.47,72.0,6.62,3.49,3,Clear,Low
26.64,72.6,5.3,1.65,11,Clear,Low
11.69,41.6,7.78,8.84,0,Rain,Medium
24.07,70.5,10.92,16.04,6,Cloudy,Low
15.94,81.3,10.04,29.51,3,Fog,High
0.17,85.5,5.67,21.59,0,Clear,Low
23.07,78.0,9.32,12.4,11,Clear,Low
16.75,74.2,9.79,11.13,21,Cloudy,Low
45.0,33.7,9.66,8.83,8,Clear,Medium
32.49,64.7,6.04,21.54,15,Clear,Low
23.53,47.8,9.47,13.94,3,Rain,High
17.99,88.1,11.75,12.56,16,Cloudy,Low
16.96,85.3,10.61,2.07,16,Cloudy,Medium
2.96,47.9,10.23,17.41,9,Heavy Rain,High
-5.87,64.2,13.93,10.65,6,Cloudy,High
4.53,69.5,9.5,15.57,13,Clear,Low
14.43,81.2,6.47,20.99,14,Clear,Low
-10.27,34.8,6.48,2.71,16,Thunderstorm,High
8.47,25.2,9.53,9.34,4,Clear,Low
12.03,65.7,4.69,8.03,8,Cloudy,Medium
12.41,19.4,8.07,7.24,19,Clear,Low
7.06,67.9,10.39,1.95,19,Rain,Medium
10.9,75.7,12.51,5.45,19,Clear,Low
35.69,87.2,4.37,2.11,18,Clear,Medium
22.95,53.8,9.3,19.42,1,Rain,Medium
8.28,67.9,8.8,15.4,6,Heavy Rain,High
14.18,76.7,9.11,14.77,6,Rain,Low
14.66,43.8,9.42,5.34,7,Cloudy,Low
5.78,81.5,8.9,29.54,11,Thunderstorm,High
5.77,69.9,13.18,8.32,4,Clear,Low
27.13,54.1,12.73,27.7,18,Cloudy,Medium
9.96,67.5,15.0,18.74,12,Clear,Low
1.86,62.5,8.97,9.92,1,Cloudy,High
14.48,79.0,7.77,30.39,19,Cloudy,High
16.42,58.5,6.1,17.11,7,Heavy Rain,Medium
-8.67,69.1,7.44,9.94,13,Cloudy,Medium
14.51,53.8,11.14,8.48,10,Clear,Low
25.42,48.1,11.61,21.29,8,Fog,Medium
20.41,68.1,11.03,7.17,7,Clear,Low
41.76,48.9,7.01,8.59,9,Clear,Low
30.01,79.4,7.02,6.63,1,Fog,High
32.39,75.7,14.87,5.2,16,Rain,High
45.0,51.2,6.5,5.75,15,Fog,Low
24.1,68.8,13.25,27.95,12,Clear,Medium
16.96,51.1,10.21,21.07,21,Clear,Low
26.68,36.1,6.8,14.12,13,Cloudy,Low
8.29,54.2,5.45,7.07,9,Clear,Low
16.29,64.1,6.93,7.04,14,Rain,Low
7.23,74.4,10.25,8.7,19,Clear,Low
19.78,67.7,6.27,28.1,17,Clear,Low
7.18,81.3,13.66,14.62,13,Cloudy,Low
6.76,47.3,8.38,18.73,15,Clear,Low
19.96,58.2,11.1,13.8,23,Clear,Low
13.35,94.6,10.86,4.03,16,Clear,Low
-8.13,30.2,13.87,12.92,16,Clear,Medium
-2.47,56.9,7.69,2.32,15,Cloudy,Medium
1.23,45.7,9.32,22.76,22,Cloudy,Medium
4.4,61.5,4.8,5.26,22,Cloudy,Low
19.97,57.2,9.31,6.85,8,Rain,High
17.63,75.8,12.42,19.32,17,Clear,Medium
27.78,69.6,9.66,5.72,15,Clear,Low
24.03,41.5,15.0,10.03,13,Fog,Medium
27.86,54.4,10.56,11.74,12,Clear,Low
22.3,65.0,7.38,9.1,21,Snow,Low
17.52,78.3,10.37,17.35,21,Clear,Low
28.19,100.0,4.61,6.36,21,Rain,Medium
26.03,77.7,6.6,17.03,7,Rain,Medium
19.51,46.8,5.35,11.85,8,Cloudy,Low
30.25,63.3,9.05,21.79,2,Cloudy,Medium
-13.15,68.3,8.82,5.39,19,Snow,High
11.51,55.7,12.62,9.83,16,Rain,High
11.33,73.5,8.7,1.23,23,Rain,Medium
28.83,24.1,5.99,11.17,17,Fog,Medium
33.86,75.0,13.68,8.21,4,Clear,Low
-2.4,56.4,0.17,20.64,7,Heavy Rain,High
31.93,63.0,9.12,6.38,9,Thunderstorm,High
0.94,91.4,9.65,8.19,18,Thunderstorm,High
1.31,42.3,8.97,5.92,9,Clear,Low
12.19,69.9,10.5,12.24,23,Heavy Rain,High
11.18,79.3,9.33,29.9,14,Clear,Medium
-3.7,68.1,10.5,19.48,8,Rain,High
22.8,35.9,7.19,11.57,23,Rain,Low
23.15,89.3,4.62,22.57,13,Cloudy,Medium
27.65,61.2,8.86,7.37,7,Cloudy,Low
9.8,55.5,5.92,16.74,9,Clear,Low
14.53,59.4,6.81,22.6,18,Cloudy,Medium
14.63,58.1,12.48,9.51,2,Clear,Low
35.26,43.6,13.67,6.13,18,Clear,Low
-19.01,68.0,12.43,20.42,2,Cloudy,Medium
3.52,54.2,11.87,16.46,16,Cloudy,Low
15.07,77.1,9.18,11.44,17,Cloudy,Low
1.97,74.3,12.05,17.5,14,Rain,Low
11.9,94.3,10.07,20.64,4,Clear,Low
13.49,61.2,14.84,11.52,13,Snow,Low
7.11,50.5,6.25,14.75,19,Cloudy,Medium
15.77,38.5,11.02,16.7,6,Clear,Low
22.54,100.0,5.21,7.84,22,Clear,Low
12.16,76.9,11.04,22.69,3,Heavy Rain,Medium
9.56,52.5,3.84,2.72,21,Cloudy,Low
13.01,95.5,5.36,10.82,8,Clear,Low
14.91,89.4,5.15,18.91,16,Fog,Medium
-5.88,40.7,9.76,2.49,5,Rain,High
20.54,51.4,10.06,19.84,14,Rain,Medium
9.59,62.6,15.0,13.71,15,Clear,Low
30.14,45.7,8.73,23.93,11,Cloudy,Low
22.09,63.3,11.32,17.52,20,Clear,Low
29.04,77.8,9.48,10.54,21,Clear,Low
2.87,40.3,11.07,14.08,3,Fog,High
10.54,70.3,9.43,14.41,19,Clear,Low
0.09,86.0,12.3,30.21,15,Clear,Medium
6.54,72.2,5.84,12.76,12,Cloudy,Low
30.03,63.6,1.66,10.76,2,Rain,High
32.85,53.0,10.25,10.24,14,Clear,Low
1.22,80.0,3.58,13.7,9,Clear,Medium
9.5,43.8,12.94,1.79,0,Clear,Low
14.09,69.4,7.36,8.56,4,Snow,High
22.03,65.5,5.89,2.89,2,Rain,High
-6.12,85.3,15.0,4.07,7,Rain,High
-4.24,54.5,8.94,19.24,4,Rain,High
20.88,56.0,8.37,12.24,20,Snow,Medium
-8.39,42.6,11.24,5.32,6,Clear,Low
9.64,72.9,11.45,10.65,10,Heavy Rain,Medium
16.95,57.4,12.42,9.79,17,Clear,Low
19.99,49.5,5.0,12.47,2,Fog,High
13.3,51.2,10.61,1.56,8,Cloudy,Low
10.61,74.7,8.12,2.18,4,Heavy Rain,High
25.13,45.1,6.24,0.97,12,Cloudy,Low
18.42,46.7,9.14,3.9,20,Cloudy,Low
7.24,81.1,3.57,5.5,13,Rain,Medium
15.45,62.0,11.77,2.69,9,Cloudy,Medium
19.6,82.2,8.13,18.88,2,Rain,Medium
35.62,58.5,7.57,28.56,22,Clear,Low
24.44,65.0,8.59,19.43,11,Snow,High
29.57,67.8,8.5,6.91,13,Clear,Low
7.67,90.0,12.42,13.89,12,Rain,Medium
8.71,88.5,5.71,11.4,12,Snow,Medium
12.18,85.8,7.85,6.52,2,Rain,High
13.28,53.7,8.35,23.92,10,Cloudy,Low
2.9,47.2,5.8,30.06,10,Cloudy,Low
30.19,78.7,9.48,1.23,18,Cloudy,Low
25.6,89.8,6.83,24.96,10,Clear,Low
11.33,85.9,4.79,6.68,20,Heavy Rain,High
22.7,65.2,10.58,9.64,15,Thunderstorm,Low
17.67,78.1,13.64,14.54,3,Rain,Medium
23.64,78.4,9.15,25.93,21,Fog,Medium
-1.13,67.7,8.69,14.53,9,Snow,High
13.25,68.5,8.63,15.71,16,Cloudy,Medium
14.3,66.8,7.45,19.68,6,Cloudy,Low
22.48,50.8,12.51,21.1,18,Cloudy,Medium
7.46,52.7,9.28,16.6,21,Clear,Low
-15.0,52.4,2.46,21.16,0,Clear,High
2.02,36.2,12.6,6.62,17,Clear,Low
14.27,67.6,11.86,3.61,17,Cloudy,Low
15.77,64.3,10.8,28.42,7,Cloudy,Medium
35.2,78.7,0.73,2.66,9,Clear,High
21.99,87.7,8.99,7.2,9,Clear,Medium
15.98,88.8,11.68,9.02,10,Heavy Rain,Medium
14.61,90.5,10.14,7.47,10,Cloudy,Low
28.25,51.4,9.62,5.46,21,Heavy Rain,Medium
7.92,39.2,11.69,16.17,22,Clear,Low
13.32,81.8,9.42,16.27,22,Cloudy,Low
1.93,89.9,12.61,17.58,11,Clear,Low
32.03,93.0,9.49,17.01,16,Thunderstorm,Medium
19.71,73.7,9.25,8.25,0,Fog,High
6.51,29.1,11.68,8.24,0,Cloudy,Medium
13.63,71.6,7.8,22.07,17,Clear,Low
21.12,75.0,5.71,7.31,15,Clear,Low
11.99,87.5,9.01,7.13,2,Clear,Low
8.59,90.7,10.77,20.37,15,Rain,Low
7.15,81.4,11.78,11.83,15,Clear,Low
19.07,54.4,11.79,7.45,17,Clear,Medium
10.7,46.5,8.79,7.54,12,Cloudy,Medium
9.55,74.6,8.49,22.12,18,Heavy Rain,Medium
-1.03,50.7,7.22,17.27,18,Clear,Medium
15.93,91.6,9.75,14.13,14,Clear,Low
12.83,34.3,4.08,1.5,13,Clear,Medium
11.14,75.2,9.07,14.17,19,Clear,Medium
17.39,70.8,15.0,10.08,4,Clear,Low
23.98,61.3,4.49,3.79,23,Heavy Rain,High
23.42,48.3,9.47,6.59,21,Thunderstorm,Medium
21.63,27.9,10.13,18.27,12,Clear,Low
12.11,55.4,10.52,23.18,21,Clear,Low
8.2,55.8,6.1,2.48,17,Clear,Low
2.47,85.0,10.55,3.62,10,Clear,Low
7.88,50.9,7.4,18.25,10,Snow,Medium
15.24,73.1,4.72,8.32,14,Cloudy,Medium
5.56,41.7,11.86,16.97,6,Cloudy,Low
16.15,73.6,10.99,8.2,13,Clear,Low
3.41,24.7,6.1,17.19,9,Clear,Low
-4.93,100.0,7.37,0.36,12,Clear,Medium
24.83,62.5,7.26,16.94,9,Rain,High
9.31,14.7,4.07,6.89,2,Rain,High
4.96,52.1,11.29,20.33,17,Clear,Low
1.87,49.2,11.4,11.69,11,Clear,Low
20.08,53.2,8.0,15.97,4,Snow,High
31.5,58.4,8.92,14.13,5,Cloudy,Low
10.16,53.1,9.34,3.35,12,Clear,Low
12.41,50.3,9.73,24.3,19,Rain,Medium
27.86,44.1,4.96,15.01,6,Snow,High
-6.73,79.8,10.47,18.81,20,Cloudy,Low
38.6,86.6,5.47,4.81,19,Heavy Rain,High
44.33,60.4,11.04,14.17,0,Snow,High
-17.48,64.7,5.81,0.21,3,Cloudy,Medium
13.83,44.7,5.1,13.34,17,Fog,High
6.37,66.3,8.92,3.54,13,Cloudy,Low
11.82,69.1,8.85,57.07,2,Clear,Low
9.98,61.1,9.31,17.45,23,Heavy Rain,High
24.74,72.1,6.32,23.98,0,Clear,Low
13.65,70.6,9.61,9.75,9,Clear,Low
4.07,46.0,9.89,15.59,0,Rain,Medium
12.93,86.5,12.5,20.15,21,Cloudy,Low
21.18,61.3,9.56,2.35,11,Clear,Low
0.8,95.2,7.2,5.95,14,Heavy Rain,High
-4.75,72.6,4.96,20.75,19,Clear,High
38.91,100.0,4.41,10.04,6,Clear,Low
7.29,86.2,9.97,5.27,7,Rain,High
13.35,69.1,11.38,6.32,15,Heavy Rain,Medium
10.23,52.0,6.33,1.0,22,Cloudy,Low
21.58,52.4,9.77,5.63,4,Cloudy,Low
36.27,74.6,8.48,3.27,10,Fog,Medium
21.96,67.6,11.15,12.41,6,Clear,Low
-3.22,54.4,11.6,18.04,4,Cloudy,High
-1.61,80.0,2.2,34.67,4,Rain,High
10.21,65.7,12.1,11.63,11,Fog,Medium
11.78,80.1,9.76,0.48,2,Heavy Rain,High
-5.66,47.4,7.41,11.74,15,Clear,Medium
24.83,83.0,7.49,18.33,4,Heavy Rain,Medium
1.96,74.0,9.1,21.27,12,Rain,Low
32.92,86.6,7.49,20.4,5,Heavy Rain,Medium
36.85,82.6,6.19,17.15,10,Clear,Low
12.02,63.5,6.88,12.86,3,Fog,Medium
20.27,62.0,5.88,18.63,4,Heavy Rain,High
0.22,97.1,13.04,1.34,7,Snow,High
22.48,59.8,9.17,6.07,16,Fog,High
9.02,78.5,15.0,30.84,10,Clear,Low
1.95,58.1,10.11,11.58,8,Heavy Rain,High
11.53,31.5,10.77,16.81,13,Rain,Medium
9.41,42.9,5.82,13.22,23,Rain,Medium
11.1,72.3,8.35,25.9,19,Cloudy,Low
26.4,77.6,9.22,22.4,9,Clear,Low
5.58,72.4,7.09,2.09,12,Rain,Medium
35.82,85.6,7.61,9.14,5,Clear,Low
-0.9,72.0,10.26,14.4,17,Fog,High
34.39,51.0,10.32,0.63,20,Rain,Medium
2.8,75.7,4.99,16.4,20,Cloudy,Medium
14.99,68.1,9.85,21.41,5,Clear,Low
9.12,54.6,10.66,14.92,17,Clear,Low
10.88,73.5,7.23,2.1,4,Clear,Low
24.62,66.4,6.92,2.67,0,Clear,Low
33.0,54.1,10.32,10.89,17,Cloudy,Low
29.29,61.8,1.28,9.75,10,Rain,Medium
10.14,90.4,9.01,9.94,7,Fog,Medium
17.21,89.9,13.9,9.62,12,Rain,Medium
5.62,68.4,1.21,4.24,10,Cloudy,Medium
3.1,66.0,11.47,19.25,5,Clear,Medium
1.24,39.2,10.63,17.65,10,Snow,High
9.75,95.9,4.69,16.7,0,Clear,Medium
18.0,83.7,10.56,15.87,18,Rain,Medium
-7.94,78.5,12.0,9.44,22,Heavy Rain,High
14.44,24.1,5.47,6.54,13,Clear,Low
33.19,65.7,6.88,2.84,14,Rain,Low
28.46,62.7,9.08,25.89,17,Fog,Medium
7.98,77.3,11.93,11.82,11,Rain,Low
-1.76,56.9,7.38,2.95,23,Cloudy,Medium
20.52,60.8,8.87,11.74,6,Cloudy,Low
-12.81,76.1,7.01,6.76,17,Clear,Medium
28.32,51.1,9.07,14.23,6,Clear,Low
12.44,54.7,12.14,13.29,6,Fog,Medium
36.98,68.5,9.32,7.12,10,Cloudy,Low
-5.72,89.1,7.93,3.54,18,Clear,Medium
26.02,79.6,8.9,17.06,9,Cloudy,Low
13.79,84.4,6.6,11.25,20,Cloudy,Low
11.03,66.1,6.02,5.48,9,Cloudy,Medium
-1.44,91.9,12.61,22.84,10,Clear,Medium
22.15,33.7,13.91,3.54,12,Cloudy,Low
23.11,100.0,3.63,0.14,15,Fog,Medium
36.42,100.0,10.75,24.23,10,Clear,Low
27.1,73.2,11.58,21.54,11,Cloudy,Low
7.87,80.0,5.36,8.22,1,Rain,Medium
2.95,64.3,7.58,0.73,3,Clear,Medium
-1.42,61.2,7.27,3.81,3,Snow,High
32.68,54.0,14.7,8.06,17,Cloudy,Low
5.66,64.1,13.96,22.95,8,Cloudy,Low
32.76,75.0,6.24,23.65,10,Clear,Low
21.3,72.6,4.62,13.49,12,Clear,Low
18.96,100.0,11.32,17.85,8,Snow,High
11.32,66.8,10.63,10.12,3,Clear,Medium
22.93,38.2,12.73,4.14,11,Cloudy,Low
14.81,94.6,5.82,1.51,8,Cloudy,Medium
10.57,43.0,11.17,14.91,13,Clear,Low
23.35,54.9,6.8,20.1,15,Rain,Medium
13.27,69.9,10.87,7.4,18,Cloudy,Low
5.42,72.5,8.89,22.69,12,Fog,Medium
22.2,39.0,14.7,8.54,21,Clear,Low
14.23,51.6,10.34,12.75,23,Clear,Low
20.87,38.3,8.06,10.01,16,Clear,Low
9.55,76.2,9.41,23.13,22,Clear,Low
0.49,86.3,8.7,16.43,23,Fog,High
35.82,43.0,5.54,11.47,20,Cloudy,Medium
33.56,82.9,14.77,12.69,3,Clear,Low
25.61,81.8,13.8,1.3,16,Clear,Low
10.35,53.1,8.47,8.1,3,Cloudy,Medium
11.4,29.3,11.1,7.22,7,Clear,Medium
31.59,45.7,15.0,10.25,18,Clear,Low
10.75,54.3,12.71,16.78,12,Rain,Low
7.41,92.8,8.08,10.53,15,Rain,Low
37.47,62.9,8.74,7.78,9,Clear,Low
14.43,46.9,3.85,14.53,20,Cloudy,Low
36.22,67.7,11.32,16.74,8,Cloudy,Low
-1.78,41.7,12.73,13.9,16,Rain,High
21.22,74.3,12.75,19.32,18,Clear,Low
39.85,47.4,11.1,12.25,0,Heavy Rain,High
15.36,50.0,10.06,22.32,20,Cloudy,Low
11.83,71.8,6.01,7.05,16,Cloudy,Medium
0.99,96.5,9.96,11.63,4,Cloudy,Medium
27.99,100.0,7.11,14.16,5,Cloudy,Low
5.76,46.3,10.58,17.94,1,Snow,High
13.86,54.3,6.71,15.75,10,Rain,Medium
0.19,74.3,10.56,16.3,1,Clear,Medium
33.68,86.0,12.97,14.42,16,Clear,Medium
28.86,26.0,10.13,10.27,1,Cloudy,Low
14.62,66.6,9.99,20.11,15,Clear,Medium
1.15,56.2,11.74,3.07,17,Rain,High
33.43,30.4,14.31,6.34,9,Rain,High
10.61,40.9,8.68,26.33,8,Cloudy,Low
1.74,54.8,10.56,5.95,17,Snow,High
-6.15,66.1,13.53,11.3,21,Thunderstorm,High
7.25,83.1,11.01,24.49,22,Cloudy,Low
-2.46,71.4,2.99,10.87,14,Cloudy,High
7.53,82.1,6.85,4.5,5,Clear,Low
23.93,65.5,11.25,22.79,8,Snow,Medium
10.5,52.3,7.8,9.4,2,Clear,Medium
19.27,61.7,13.32,10.01,0,Rain,Medium
6.32,77.5,14.57,5.82,3,Rain,Medium
15.78,83.6,7.23,10.85,18,Cloudy,Low
38.05,62.3,5.9,18.15,10,Clear,Low
10.82,48.3,7.92,8.12,13,Rain,Low
19.61,71.0,7.74,0.47,7,Cloudy,Medium
-3.79,73.6,13.61,7.68,1,Clear,Medium
33.24,87.2,5.89,6.46,11,Fog,High
9.27,52.8,11.23,9.72,10,Cloudy,Low
27.61,53.0,13.16,7.34,2,Rain,Medium
13.52,78.6,11.46,26.98,15,Clear,Low
22.34,57.7,10.31,14.72,5,Clear,Low
23.05,56.9,8.51,3.66,12,Clear,Low
9.57,87.6,14.55,12.64,8,Cloudy,Low
28.1,40.3,8.26,11.64,2,Clear,Low
5.89,100.0,11.84,22.75,22,Thunderstorm,High
24.34,54.0,8.52,10.6,15,Clear,Low
10.32,80.6,3.47,10.34,7,Clear,Medium
19.19,63.0,8.19,28.77,5,Snow,Medium
9.46,69.9,8.53,2.38,1,Heavy Rain,High
15.6,60.3,8.57,19.18,18,Thunderstorm,High
2.1,80.4,7.02,12.58,7,Clear,Medium
17.97,58.7,10.88,7.49,5,Clear,Low
15.53,54.7,11.21,6.17,22,Rain,Medium
8.52,97.6,8.08,24.23,23,Heavy Rain,High
14.34,65.5,8.06,16.19,10,Cloudy,Low
16.61,52.8,5.85,17.41,14,Fog,Low
7.6,38.2,9.76,20.01,19,Heavy Rain,High
13.45,98.6,13.13,15.08,14,Cloudy,Low
2.93,55.1,13.14,2.45,6,Rain,Medium
43.15,100.0,7.2,2.15,18,Clear,Medium
27.71,72.2,14.97,25.86,3,Cloudy,Medium
18.28,67.6,7.91,13.87,13,Clear,Low
29.07,68.1,5.95,12.71,11,Clear,Low
-8.75,100.0,4.91,28.24,14,Clear,High
-15.69,25.5,5.77,2.42,16,Rain,High
10.21,68.9,10.0,10.71,1,Snow,High
-1.54,60.2,8.23,4.3,20,Clear,Low
12.16,61.2,7.1,7.22,7,Cloudy,Medium
17.47,67.7,6.46,13.05,5,Rain,Low
26.04,60.2,5.74,24.52,12,Clear,Low
1.34,68.4,6.33,19.59,23,Cloudy,Medium
19.8,64.6,12.05,11.06,20,Clear,Low
15.17,41.4,14.41,37.21,11,Cloudy,Medium
19.17,71.9,14.6,8.31,14,Fog,Low
8.76,77.9,11.06,23.05,12,Cloudy,Low
31.6,55.2,7.52,16.91,16,Rain,Low
13.76,98.6,7.0,12.05,20,Rain,Medium
36.29,89.0,11.27,9.87,3,Thunderstorm,High
5.52,80.2,8.26,1.99,9,Rain,Medium
23.91,80.0,10.24,0.41,13,Clear,Low
14.28,65.5,14.79,10.5,18,Clear,Medium
11.07,85.5,9.65,0.49,2,Clear,Medium
22.59,93.3,15.0,26.83,13,Clear,Low
11.41,79.5,5.62,12.87,18,Cloudy,Low
-16.94,54.7,10.34,30.83,3,Cloudy,Medium
-20.0,64.3,9.94,8.08,4,Rain,Medium
30.27,75.3,6.05,6.69,0,Clear,Low
29.76,80.1,11.4,17.32,20,Snow,Medium
37.65,63.6,13.59,9.67,22,Clear,Low
14.79,54.8,15.0,20.76,11,Rain,Medium
-0.51,93.5,10.23,24.94,20,Rain,Medium
9.96,45.7,3.3,21.89,14,Cloudy,Low
15.14,48.1,10.43,24.28,23,Clear,Low
2.92,41.1,11.23,19.36,2,Rain,Low
34.78,48.0,8.29,7.06,16,Fog,High
41.87,87.5,9.65,22.26,17,Heavy Rain,High
20.74,88.1,7.55,18.28,15,Clear,Low
14.87,63.7,8.6,6.44,11,Cloudy,Low
-0.54,73.9,12.05,7.58,5,Heavy Rain,High
33.56,64.8,13.17,11.17,4,Clear,Low
15.92,43.5,5.19,22.0,15,Rain,Low
11.53,100.0,7.47,13.05,13,Fog,Low
20.77,89.7,4.23,11.95,11,Clear,Low
7.97,71.4,14.51,10.57,0,Clear,Medium
16.76,49.6,11.61,8.82,9,Cloudy,Medium
-2.31,61.0,3.0,1.52,20,Clear,Medium
28.05,52.5,8.81,19.16,16,Cloudy,Low
13.75,66.8,8.15,2.84,18,Clear,Low
28.91,70.6,6.73,12.61,2,Cloudy,Low
12.59,58.9,12.11,8.32,10,Clear,Low
13.37,38.8,12.04,18.9,12,Clear,Low
0.45,100.0,9.81,8.92,18,Cloudy,Medium
24.12,69.3,7.08,2.94,18,Clear,Low
4.49,73.2,7.1,20.9,2,Thunderstorm,High
9.16,57.4,9.13,4.57,19,Cloudy,Low
15.01,36.9,7.63,13.39,0,Clear,Low
16.45,63.5,8.98,23.46,11,Rain,Low
-5.47,59.2,10.67,5.43,5,Cloudy,Medium
12.23,77.8,4.4,11.07,8,Thunderstorm,High
24.54,81.3,6.73,8.12,10,Clear,Low
10.46,78.8,8.9,13.18,13,Cloudy,Low
12.3,82.8,13.7,11.38,0,Clear,Low
16.95,97.5,11.54,20.28,3,Rain,Medium
13.49,72.0,8.99,6.41,16,Cloudy,Low
2.63,84.8,10.21,23.47,2,Clear,Medium
14.56,73.9,8.7,26.44,5,Cloudy,Low
26.93,30.8,12.23,14.31,19,Heavy Rain,High
2.39,62.2,10.3,4.89,5,Thunderstorm,High
10.51,49.4,12.84,11.63,3,Clear,Low
-1.58,69.2,4.93,10.88,11,Clear,Medium
26.3,50.8,6.58,27.95,10,Cloudy,Low
13.89,75.9,9.82,11.07,3,Clear,Low
4.8,82.7,10.48,24.45,9,Heavy Rain,High
16.11,86.7,15.0,13.0,20,Heavy Rain,Low
0.56,94.1,3.58,12.41,23,Clear,Medium
2.6,34.8,8.9,8.81,1,Cloudy,High
-2.52,43.4,8.77,9.65,16,Clear,Medium
2.2,100.0,9.71,20.01,16,Rain,Medium
31.29,83.2,14.2,5.42,18,Cloudy,Low
6.2,69.0,11.63,20.64,18,Thunderstorm,High
20.59,65.6,4.19,24.97,16,Cloudy,High
4.96,64.0,13.6,6.67,20,Rain,Low
24.11,30.2,13.52,22.87,6,Cloudy,Medium
2.69,51.1,9.79,21.43,3,Cloudy,Medium
15.47,63.0,4.15,19.82,8,Cloudy,Low
15.63,52.1,8.55,6.28,4,Cloudy,Low
42.93,54.5,10.41,10.93,4,Clear,High
22.57,100.0,11.99,10.91,1,Rain,Medium
7.89,60.5,3.69,30.82,13,Rain,High
23.22,70.0,6.69,11.91,19,Rain,Low
40.66,69.4,12.29,10.35,1,Thunderstorm,High
-4.56,75.6,13.51,1.67,15,Cloudy,Medium
4.89,56.4,10.29,3.25,21,Clear,Low
12.16,87.4,12.45,5.84,11,Clear,Low
9.99,73.0,10.37,15.25,4,Clear,Medium
11.01,41.8,11.89,0.82,16,Clear,Low
-0.65,63.1,9.44,6.01,5,Clear,Low
31.85,61.9,10.44,4.75,3,Fog,High
-2.07,61.1,5.33,24.62,11,Cloudy,Low
12.6,74.2,11.17,12.96,0,Fog,High
27.55,76.4,5.24,14.79,7,Cloudy,Low
14.64,74.3,11.16,2.19,18,Cloudy,Low
3.25,71.1,7.68,22.45,3,Rain,High
-1.18,66.5,10.11,25.53,12,Cloudy,Low
12.24,26.3,6.14,12.6,23,Cloudy,Medium
5.92,79.0,7.49,7.69,5,Rain,Low
17.46,73.8,10.1,16.97,6,Fog,Medium
-1.82,47.3,11.26,18.61,16,Heavy Rain,High
24.76,70.1,12.28,19.83,17,Cloudy,Medium
16.39,76.7,5.55,17.98,11,Heavy Rain,Medium
17.28,86.1,4.5,20.68,17,Rain,High
32.29,74.2,6.07,5.77,15,Cloudy,Low
9.75,70.8,5.8,20.21,5,Fog,Low
6.29,82.0,13.7,7.92,19,Cloudy,Low
8.43,59.5,13.02,10.59,6,Cloudy,Low
12.69,72.4,6.01,7.83,16,Rain,Medium
13.91,53.8,14.13,7.01,12,Cloudy,Low
5.03,85.0,12.84,14.17,12,Clear,Low
-9.28,36.0,4.11,19.54,20,Cloudy,Medium
8.27,79.7,5.91,13.74,21,Fog,Medium
19.32,65.3,4.02,30.08,17,Cloudy,High
16.64,82.4,8.74,7.27,14,Thunderstorm,Low
29.39,51.0,9.05,5.89,7,Snow,High
38.47,66.6,9.05,14.5,17,Cloudy,High
24.11,66.1,2.92,7.1,1,Cloudy,High
31.59,72.8,4.72,2.23,2,Rain,High
24.2,46.1,9.78,9.32,14,Thunderstorm,Medium
35.52,76.5,10.87,4.95,6,Cloudy,Low
37.21,31.8,2.94,5.84,11,Clear,Medium
26.41,53.0,5.16,25.7,22,Clear,Low
23.48,36.9,12.07,13.12,8,Cloudy,Low
12.54,79.9,5.33,9.61,10,Cloudy,Low
14.5,72.2,8.96,26.38,15,Cloudy,Medium
10.95,73.2,5.04,9.34,17,Cloudy,Medium
22.46,91.5,11.49,0.93,22,Cloudy,Low
6.36,59.3,2.95,0.06,7,Clear,Low
12.71,76.0,8.09,11.28,21,Cloudy,Low
-13.26,66.2,11.82,2.78,5,Cloudy,Medium
35.68,63.4,10.83,1.45,15,Cloudy,Low
12.35,88.5,7.61,8.57,1,Cloudy,Low
20.47,100.0,6.9,22.19,23,Rain,Medium
32.49,57.2,8.3,23.63,18,Rain,Medium
18.6,80.0,5.13,17.94,9,Cloudy,Low
32.33,70.7,8.7,11.97,21,Rain,Low
0.1,71.0,8.75,6.87,2,Fog,Medium
43.77,69.4,7.75,15.5,8,Heavy Rain,High
28.05,59.0,12.0,28.04,10,Heavy Rain,Medium
17.51,10.0,5.79,13.27,15,Rain,Medium
32.1,92.6,3.89,7.84,15,Cloudy,Low
0.98,52.5,7.42,10.58,1,Thunderstorm,High
11.54,60.7,9.37,9.6,19,Clear,Medium
32.33,61.0,8.68,16.94,3,Clear,Low
-7.4,50.9,8.55,5.13,22,Clear,Medium
21.73,69.3,5.62,15.66,9,Cloudy,Low
21.39,64.2,6.05,17.11,12,Heavy Rain,Medium
38.63,52.1,7.53,15.1,9,Clear,Low
-4.0,67.7,7.3,2.22,8,Thunderstorm,High
34.32,64.4,12.29,10.65,10,Rain,Medium
8.29,81.7,9.79,7.26,6,Fog,Low
9.64,40.9,7.4,11.34,21,Rain,Medium
0.34,50.5,12.29,6.0,14,Rain,Medium
1.95,78.1,10.34,23.19,10,Thunderstorm,Medium
19.84,53.5,4.93,13.68,16,Fog,High
1.65,48.7,0.1,2.56,1,Rain,High
23.88,54.4,5.02,0.03,15,Clear,Low
7.04,63.2,10.78,22.84,4,Clear,Medium
0.44,63.3,11.67,10.38,4,Clear,Medium
8.67,61.2,4.02,8.49,15,Clear,Low
19.04,46.5,10.98,22.16,10,Cloudy,Low
11.67,78.9,10.86,10.64,4,Cloudy,Low
15.41,88.9,13.19,1.24,1,Rain,Medium
23.35,30.6,11.85,1.85,14,Fog,Medium
27.99,37.0,13.06,17.65,12,Cloudy,Low
11.28,83.1,10.47,30.27,5,Snow,High
2.47,93.3,10.36,19.56,5,Fog,Medium
15.91,26.7,7.99,8.56,17,Rain,High
20.65,79.7,11.46,9.96,21,Snow,Medium
-2.53,94.5,5.0,12.44,22,Fog,High
4.31,49.5,8.58,6.18,19,Cloudy,Low
6.37,93.4,10.62,12.21,5,Cloudy,Low
12.51,61.8,13.22,17.26,17,Cloudy,Medium
5.87,70.7,7.57,27.96,9,Cloudy,Medium
23.48,52.1,11.9,21.82,2,Fog,High
-4.26,83.0,8.41,29.37,4,Clear,High
-3.96,80.0,11.96,27.13,10,Cloudy,Medium
10.99,96.0,6.6,24.55,6,Fog,High
12.89,90.9,11.18,12.24,4,Heavy Rain,Medium
-2.46,64.8,8.71,15.1,18,Clear,Medium
7.72,100.0,5.44,3.03,1,Rain,Low
10.19,89.3,8.54,13.17,22,Clear,Low
10.28,74.7,12.97,17.1,9,Cloudy,Low
16.82,47.1,5.94,9.45,7,Fog,Medium
7.06,37.5,4.55,1.87,7,Rain,Medium
32.73,39.0,10.2,26.25,16,Fog,High
20.86,48.2,3.97,15.65,22,Clear,Low
5.31,89.8,13.69,27.49,6,Cloudy,Medium
16.13,73.8,13.61,18.68,22,Rain,Low
16.49,54.0,12.11,24.32,21,Clear,Low
29.58,62.6,8.97,22.47,22,Snow,Medium
7.8,60.4,13.99,5.89,14,Clear,Low
24.21,79.4,13.04,7.42,0,Snow,High
15.5,49.2,7.4,8.14,7,Clear,Medium
32.9,71.3,13.32,3.3,12,Thunderstorm,Medium
30.49,70.4,6.26,27.89,19,Fog,Medium
17.36,49.7,8.41,12.38,0,Snow,High
11.85,93.6,3.62,16.14,13,Rain,Medium
21.08,59.7,9.44,0.02,14,Cloudy,Low
12.83,47.1,8.12,19.37,0,Cloudy,Low
35.16,80.4,7.64,8.31,12,Rain,Low
15.94,66.0,8.5,23.35,10,Clear,Low
10.13,72.4,7.26,5.83,10,Clear,Low
9.48,43.7,9.13,23.99,17,Cloudy,Medium
0.44,79.6,12.85,20.47,1,Cloudy,Medium
21.68,100.0,5.81,7.81,18,Heavy Rain,Medium
5.16,42.3,11.59,24.76,2,Heavy Rain,High
28.18,71.4,9.65,22.34,17,Rain,Medium
-0.52,50.9,10.12,16.41,7,Rain,High
16.53,100.0,8.91,3.06,12,Snow,High
28.8,87.3,6.85,19.2,5,Clear,Low
-10.83,70.1,10.33,12.59,23,Cloudy,High
39.22,42.9,10.56,12.44,4,Clear,Low
9.9,47.3,6.6,12.66,9,Clear,Low
16.69,78.4,4.98,11.73,20,Cloudy,Medium
21.86,40.5,9.26,4.21,9,Cloudy,Low
23.71,41.0,11.26,1.64,0,Rain,Medium
18.29,65.2,12.02,3.5,4,Snow,Medium
26.97,67.4,12.61,14.69,5,Heavy Rain,Medium
21.23,71.8,10.11,9.81,1,Cloudy,Low
36.13,57.1,8.21,18.54,22,Clear,Low
21.27,81.6,8.99,16.56,19,Clear,Medium
38.58,49.5,5.27,9.28,20,Clear,Low
25.81,76.3,6.95,21.24,13,Clear,Low
-6.67,68.9,8.84,9.66,8,Cloudy,Low
45.0,75.8,8.2,15.77,20,Cloudy,Low
8.11,86.3,9.28,5.62,19,Clear,Medium
32.95,56.8,4.88,8.18,17,Clear,Medium
15.32,53.1,5.55,9.88,3,Clear,Low
27.73,34.6,11.33,15.81,20,Clear,Low
6.74,28.7,6.5,20.55,15,Clear,Low
22.51,61.8,6.97,10.4,16,Clear,Low
11.96,63.1,9.29,14.22,21,Cloudy,Low
33.95,45.5,6.21,19.08,6,Rain,Low
20.26,49.3,12.32,10.85,11,Cloudy,Low
26.23,92.4,5.23,17.29,8,Clear,Low
-10.97,80.8,9.0,1.84,4,Rain,High
13.97,42.3,6.75,2.91,12,Rain,Low
19.93,57.0,9.47,7.2,13,Rain,Low
17.68,72.3,7.51,18.97,6,Clear,Low
26.53,53.7,8.93,5.6,17,Thunderstorm,High
10.61,50.4,12.66,17.86,7,Clear,Low
15.59,58.9,6.94,2.76,20,Thunderstorm,Low
29.17,84.6,6.91,6.76,17,Rain,Low
-12.34,86.3,8.05,14.18,9,Clear,Medium
22.07,51.8,13.42,5.99,17,Clear,Medium
10.99,73.3,8.73,7.52,6,Clear,Low
4.05,64.9,12.7,11.48,14,Rain,Low
19.04,46.9,8.47,19.55,16,Thunderstorm,High
29.73,59.7,12.57,10.93,4,Snow,High
27.47,42.2,10.22,3.49,5,Thunderstorm,Medium
13.38,85.9,10.66,28.49,3,Cloudy,Low
25.51,92.9,4.69,4.9,5,Cloudy,Low
25.42,57.6,4.25,7.36,16,Heavy Rain,High
13.95,53.3,12.21,3.34,4,Clear,Medium
6.68,84.0,12.17,21.93,21,Cloudy,Low
7.38,86.9,15.0,24.9,8,Clear,Medium
25.05,44.9,4.54,24.01,7,Cloudy,Medium
14.49,62.3,10.46,23.92,10,Heavy Rain,Medium
2.45,63.9,5.93,6.62,15,Clear,Low
-5.22,51.1,6.78,27.05,17,Clear,High
24.98,71.9,7.49,10.24,16,Clear,Medium
8.44,52.4,10.15,1.88,2,Rain,Medium
18.96,55.3,7.01,8.16,20,Cloudy,Low
29.88,63.2,9.1,14.93,10,Cloudy,Low
-0.71,38.2,11.5,6.2,20,Cloudy,Low
14.46,28.0,12.38,13.32,15,Clear,Low
12.95,81.5,11.08,16.83,1,Heavy Rain,High
19.56,51.7,10.36,15.7,13,Clear,Low
29.87,100.0,8.58,17.9,19,Rain,High
-0.95,100.0,7.29,10.38,18,Rain,High
21.84,55.9,10.62,5.45,17,Clear,Low
27.38,100.0,5.85,1.23,21,Rain,Low
12.76,81.9,9.36,11.21,13,Clear,Low
13.35,53.4,5.77,7.16,5,Cloudy,Low
20.02,18.5,8.88,10.93,0,Rain,Medium
19.14,77.4,5.84,6.64,21,Clear,Low
21.99,65.6,7.8,1.67,15,Rain,Low
21.74,72.8,6.97,16.59,21,Clear,Low
3.22,60.9,6.61,2.72,19,Clear,Low
26.88,44.4,8.74,10.29,8,Cloudy,Low
29.0,57.3,1.73,4.52,4,Clear,Medium
17.23,77.7,3.59,3.95,19,Clear,Medium
-2.93,58.6,11.41,12.77,20,Clear,Medium
13.62,58.5,9.44,12.26,12,Heavy Rain,High
17.33,37.7,6.83,16.92,5,Snow,Medium
1.26,66.6,11.92,2.08,19,Fog,Low
10.68,45.0,7.08,4.04,20,Thunderstorm,Medium
-1.91,81.5,7.26,22.11,17,Rain,Medium
22.29,51.8,6.65,9.98,12,Rain,Low
16.99,59.7,14.72,15.29,23,Clear,Low
-4.75,100.0,9.71,7.53,22,Fog,High
19.22,59.5,9.59,16.1,5,Cloudy,Low
14.32,57.1,10.4,10.4,7,Rain,Medium
21.2,75.5,3.44,22.36,17,Heavy Rain,High
10.3,32.9,7.22,7.9,3,Thunderstorm,High
5.38,87.5,10.36,0.76,0,Clear,Low
5.75,82.9,8.99,2.44,12,Clear,Low
8.54,74.4,15.0,9.63,22,Cloudy,Low
15.23,10.0,7.39,11.01,21,Heavy Rain,Medium
16.78,60.3,11.83,13.27,4,Rain,Medium
12.71,42.1,11.42,1.27,5,Clear,Medium
9.92,85.2,9.43,19.84,8,Snow,Medium
10.78,83.9,9.97,7.28,22,Cloudy,Low
45.0,72.0,8.13,6.83,20,Snow,Low
5.75,43.3,3.08,9.96,21,Fog,Medium
8.3,91.9,10.05,17.97,11,Fog,Low
45.0,60.3,10.29,11.69,1,Heavy Rain,High
20.05,97.5,10.76,7.12,15,Heavy Rain,High
-1.56,69.8,9.19,9.09,21,Cloudy,Low
25.11,74.1,11.91,22.97,8,Cloudy,Low
4.08,56.7,6.4,21.5,5,Cloudy,Low
25.91,90.3,13.41,15.29,13,Cloudy,Low
12.47,76.0,6.04,13.34,5,Clear,Low
9.72,91.0,8.68,32.82,20,Cloudy,Low
34.31,68.2,11.04,16.17,9,Clear,Medium
21.8,64.2,7.46,13.63,21,Rain,Low
26.68,75.7,11.25,10.18,14,Cloudy,Low
20.22,91.0,7.97,15.21,10,Clear,Low
9.67,83.3,9.35,15.41,10,Heavy Rain,High
22.34,67.5,8.46,21.25,17,Fog,High
29.51,31.6,7.27,0.55,5,Clear,Low
16.62,79.6,15.0,5.54,11,Snow,High
36.62,39.1,6.48,0.6,20,Clear,Low
25.21,65.6,2.14,5.37,22,Rain,Medium
17.54,62.9,6.59,8.94,1,Snow,Medium
18.02,39.5,9.39,20.0,17,Clear,Low
16.65,71.7,7.87,23.6,20,Fog,Low
-0.01,100.0,12.06,29.47,10,Rain,Medium
13.92,59.4,11.95,12.92,5,Thunderstorm,Medium
17.65,78.8,8.04,10.03,11,Clear,Low
10.01,100.0,3.95,19.02,21,Clear,Low
19.05,80.5,5.15,4.31,4,Rain,Medium
15.26,53.4,8.9,3.31,7,Cloudy,Medium
24.28,69.3,4.31,8.7,22,Snow,High
22.96,73.7,7.9,11.7,15,Cloudy,Low
17.01,90.8,13.26,6.6,6,Clear,Low
-1.41,86.9,10.03,21.6,16,Cloudy,Medium
36.49,15.1,9.14,14.16,4,Rain,High
13.3,49.6,5.88,19.18,17,Clear,Low
14.03,63.7,9.55,2.13,10,Cloudy,Low
10.89,46.7,8.22,6.01,21,Rain,Low
9.14,10.0,9.72,5.56,17,Rain,Medium
33.53,51.9,11.18,10.18,2,Clear,Low
31.63,64.9,11.69,11.7,16,Clear,Low
20.33,55.5,9.39,19.83,15,Rain,Low
13.71,47.1,10.54,12.89,6,Cloudy,Low
22.43,65.7,7.46,5.33,12,Heavy Rain,Low
15.89,71.2,12.4,31.69,6,Clear,Low
12.72,56.6,6.34,9.61,17,Heavy Rain,High
19.06,89.7,8.38,3.84,5,Clear,Low
9.71,66.0,12.71,4.97,9,Cloudy,Low
18.03,49.3,7.56,12.81,14,Clear,Low
17.45,44.8,4.98,18.22,1,Cloudy,Medium
22.24,61.2,7.77,1.74,22,Rain,Medium
7.57,85.0,13.18,17.62,1,Cloudy,Medium
23.52,50.2,2.19,12.75,21,Clear,Medium
4.12,75.7,9.31,3.96,15,Fog,Medium
8.13,66.7,7.1,17.63,12,Clear,Low
8.65,100.0,8.5,9.61,11,Rain,Medium
2.14,72.0,7.95,1.87,9,Rain,Medium
27.19,52.4,11.88,20.61,17,Fog,High
3.37,78.3,9.16,20.44,9,Snow,High
6.61,78.9,12.03,1.67,12,Clear,Low
30.06,57.9,12.85,14.64,19,Fog,Medium
8.15,44.0,9.09,13.83,15,Clear,Low
12.74,74.6,7.92,11.39,15,Cloudy,Low
2.86,66.1,10.13,7.36,13,Clear,Low
25.0,37.7,10.71,10.66,0,Cloudy,Low
25.16,69.6,5.54,20.45,1,Heavy Rain,High
23.87,53.5,9.71,15.68,1,Fog,High
21.45,37.7,8.24,5.35,6,Cloudy,Low
15.88,58.7,7.74,7.29,11,Cloudy,Low
8.71,88.1,6.93,4.71,5,Heavy Rain,Medium
5.22,86.7,7.12,0.22,12,Rain,High
30.48,82.0,12.77,5.2,21,Fog,Medium
24.18,69.8,7.91,7.93,23,Cloudy,Low
6.68,75.7,12.43,11.41,15,Clear,Low
15.48,66.8,9.39,11.7,3,Cloudy,Medium
11.4,45.1,5.6,11.56,17,Cloudy,Medium
1.46,48.7,9.57,22.29,19,Fog,High
17.13,54.1,5.44,3.09,18,Clear,Low
10.01,90.2,10.82,15.01,21,Clear,Low
3.57,84.4,8.38,14.96,0,Clear,Low
-2.75,45.6,11.57,0.64,9,Rain,High
-3.77,66.0,13.3,16.8,14,Cloudy,Low
10.54,57.8,3.79,15.35,3,Clear,Medium
13.98,62.2,7.62,11.61,9,Fog,High
4.5,55.4,5.37,9.76,5,Heavy Rain,Medium
22.81,90.3,15.0,20.67,5,Fog,Medium
14.21,64.7,7.68,14.04,15,Clear,Low
21.92,68.9,5.05,15.63,15,Clear,Low
12.81,69.0,15.0,18.52,1,Rain,Medium
5.55,46.5,6.82,7.22,16,Clear,Low
16.37,67.0,4.13,0.9,21,Thunderstorm,Medium
-0.15,84.1,5.52,23.64,0,Thunderstorm,High
21.47,91.5,9.43,2.05,18,Cloudy,Medium
3.75,44.3,9.14,25.31,16,Thunderstorm,High
26.02,37.7,6.49,20.58,19,Fog,Medium
10.94,66.1,7.54,13.99,23,Rain,Medium
27.75,85.0,9.16,22.22,17,Clear,Low
1.53,71.5,12.97,3.5,8,Clear,Medium
6.87,77.2,10.0,5.11,3,Clear,Medium
19.57,40.5,7.31,20.3,21,Snow,Medium
29.05,54.7,8.31,3.54,17,Cloudy,Low
35.0,25.5,11.31,0.07,10,Snow,Medium
15.5,62.4,14.04,9.11,14,Rain,Low
37.05,26.0,5.69,4.06,12,Snow,Medium
11.52,89.0,12.34,28.79,1,Clear,Medium
28.19,93.0,8.06,18.98,6,Rain,Low
3.69,67.5,4.13,6.82,6,Clear,Medium
20.04,37.8,3.53,2.99,14,Rain,Medium
-13.1,71.8,13.0,15.05,10,Cloudy,Low
1.54,98.5,13.36,22.69,10,Cloudy,Low
20.6,73.6,7.29,14.62,13,Rain,Medium
-0.75,86.3,8.36,3.44,21,Clear,Medium
20.12,56.3,3.65,0.93,4,Heavy Rain,High
25.88,49.3,11.29,8.6,2,Cloudy,Low
8.98,63.7,8.91,14.84,12,Cloudy,Low
3.37,30.3,4.34,7.77,20,Cloudy,Medium
9.31,100.0,9.61,21.07,22,Clear,Low
3.41,67.5,4.83,16.74,7,Rain,Medium
13.79,80.6,10.67,14.14,8,Clear,Low
16.23,56.7,5.75,16.57,19,Fog,High
11.33,37.2,10.01,0.5,3,Heavy Rain,High
35.09,90.7,7.04,7.52,8,Fog,Medium
6.37,44.8,1.9,2.64,11,Rain,Medium
31.7,71.3,11.99,15.46,7,Clear,Low
2.51,73.0,12.15,2.77,10,Cloudy,Medium
15.87,66.3,7.43,12.74,23,Rain,Low
29.2,50.9,9.82,10.52,22,Rain,Low
28.58,62.3,10.31,17.4,9,Rain,Medium
9.96,47.9,10.41,1.23,11,Cloudy,Low
21.66,79.6,14.18,16.07,22,Rain,Low
20.05,75.3,10.25,2.37,5,Cloudy,Low
8.52,64.6,7.93,3.32,13,Clear,Low
22.39,54.8,10.28,10.72,5,Rain,Medium
37.35,100.0,7.71,22.75,15,Cloudy,Low
20.66,41.6,5.8,4.43,0,Cloudy,Low
21.8,37.2,12.66,4.0,5,Clear,Low
23.07,63.5,10.6,3.49,17,Fog,Medium
-2.53,60.4,3.42,8.53,16,Snow,High
20.52,84.8,6.95,28.82,6,Clear,Low
2.8,76.6,11.27,15.49,4,Fog,High
7.92,65.5,4.31,5.22,18,Snow,Medium
40.94,74.0,6.74,10.73,23,Heavy Rain,High
11.96,73.7,15.0,26.14,13,Fog,Medium
6.12,100.0,8.01,9.84,17,Rain,High
28.83,69.6,12.25,9.94,17,Clear,Low
3.63,52.7,13.5,8.35,21,Clear,Low
9.63,68.6,6.27,18.26,4,Clear,Low
29.99,17.9,9.8,7.27,13,Cloudy,Low
15.51,64.4,15.0,19.85,3,Clear,Medium
-3.74,84.7,10.38,21.56,7,Clear,Medium
21.53,75.8,15.0,17.52,10,Cloudy,Low
10.24,70.4,7.09,9.98,22,Clear,Low
33.48,76.7,14.39,0.59,8,Clear,Low
7.73,84.9,9.05,9.98,0,Rain,High
27.61,90.7,8.02,5.98,12,Cloudy,Low
36.31,73.1,10.92,4.99,10,Cloudy,Low
4.79,59.3,8.67,9.85,17,Cloudy,Medium
12.68,23.4,8.75,16.31,0,Heavy Rain,High
19.66,82.6,10.46,6.39,21,Clear,Low
4.71,74.3,3.58,0.37,17,Cloudy,Medium
18.24,67.7,6.6,3.37,14,Cloudy,Low
12.3,52.6,11.17,27.21,20,Heavy Rain,High
12.06,82.4,11.97,16.94,5,Clear,Low
15.59,60.4,10.07,3.38,9,Thunderstorm,High
15.86,64.4,9.83,23.6,7,Clear,Low
16.97,64.0,10.21,9.84,6,Cloudy,Low
7.81,73.1,11.87,32.5,21,Rain,Low
8.34,44.3,4.72,14.36,21,Cloudy,Medium
13.58,75.1,7.47,17.09,5,Snow,Medium
14.46,52.0,8.78,19.54,5,Rain,Low
9.73,52.7,9.59,25.37,2,Rain,Medium
18.89,80.9,2.67,8.05,3,Fog,High
-6.78,47.1,5.23,24.6,22,Clear,Low
6.23,80.9,8.95,6.39,4,Cloudy,Low
11.64,66.8,12.04,8.75,0,Cloudy,Low
4.73,35.3,7.74,12.08,20,Heavy Rain,High
34.55,89.6,7.0,20.28,17,Snow,High
15.23,70.6,10.59,9.03,17,Cloudy,Medium
17.12,72.1,8.02,26.86,3,Clear,Medium
9.2,83.1,11.64,23.94,0,Heavy Rain,Medium
14.81,92.0,8.34,12.36,15,Heavy Rain,Medium
0.42,68.6,5.65,3.31,13,Clear,Low
12.96,76.1,13.26,21.01,4,Clear,Medium
3.76,71.7,12.71,6.86,10,Clear,Low
11.67,58.8,6.13,18.67,21,Clear,Low
-15.72,36.5,10.19,4.59,21,Clear,Medium
1.46,68.9,8.02,23.31,1,Rain,High
32.57,89.8,10.86,0.47,0,Clear,Low
24.96,75.5,6.37,6.04,7,Snow,Medium
30.83,45.8,11.62,15.94,17,Cloudy,Low
31.65,84.8,12.58,17.41,18,Rain,Low
23.08,59.4,6.16,6.37,12,Clear,Low
9.57,27.3,9.2,9.01,13,Clear,Low
2.55,83.3,12.65,20.57,11,Clear,Low
28.76,48.0,6.0,21.06,10,Rain,Low
15.77,97.1,6.99,8.83,3,Rain,Medium
44.93,85.7,10.99,6.54,10,Rain,Medium
10.62,60.9,8.52,0.32,23,Cloudy,Low
38.67,73.3,4.27,14.28,12,Cloudy,Low
13.12,100.0,8.04,19.31,14,Fog,Medium
31.03,83.0,14.24,13.36,23,Clear,Low
35.36,69.3,15.0,3.68,0,Clear,Low
2.72,100.0,7.09,28.08,16,Cloudy,Medium
9.18,67.1,6.26,6.93,6,Heavy Rain,Low
2.6,75.5,7.63,19.9,11,Snow,Medium
0.24,48.1,14.41,13.95,0,Rain,High
23.0,34.9,11.53,16.22,7,Clear,Low
12.64,59.8,13.39,4.92,13,Heavy Rain,Medium
15.63,65.7,12.0,10.63,12,Clear,Low
21.67,70.9,5.04,14.64,9,Clear,Low
-7.29,39.4,6.15,11.23,22,Clear,Low
30.44,76.9,6.91,4.14,5,Thunderstorm,Medium
10.81,50.1,7.43,27.41,5,Rain,Low
21.39,76.0,6.97,17.85,13,Clear,Low
22.45,81.8,7.31,12.31,8,Clear,Medium
31.45,57.9,10.92,12.89,6,Fog,Low
13.74,47.7,9.41,27.15,1,Rain,Medium
-10.48,92.8,12.66,5.32,12,Clear,Low
15.69,80.7,9.76,3.29,15,Thunderstorm,High
17.41,67.7,6.97,19.65,13,Rain,Medium
2.59,91.4,9.57,16.16,18,Cloudy,High
16.77,66.5,4.47,2.91,15,Rain,Low
10.67,53.8,2.06,21.8,15,Rain,Medium
-1.11,47.0,10.93,14.65,7,Clear,Medium
23.06,63.1,12.05,3.92,19,Clear,Low
8.24,78.9,9.22,16.41,21,Rain,Medium
10.12,90.0,7.83,15.07,18,Cloudy,Low
9.45,65.4,4.97,11.21,2,Snow,High
29.83,86.8,12.5,15.46,23,Fog,Medium
14.51,61.1,10.48,17.64,13,Rain,Medium
15.95,50.9,9.87,20.23,10,Rain,Medium
9.71,41.5,8.99,12.97,5,Rain,Medium
20.55,55.9,7.59,9.56,2,Clear,Low
31.19,42.2,5.66,14.15,20,Cloudy,Low
22.77,100.0,9.76,22.72,12,Rain,Medium
23.24,72.9,7.38,17.67,21,Cloudy,Low
22.27,63.3,7.73,9.06,18,Heavy Rain,Low
-1.56,96.0,14.15,12.5,19,Clear,Medium
4.49,41.6,8.86,26.99,9,Rain,Medium
12.54,62.5,1.64,18.74,8,Snow,High
6.29,100.0,7.39,13.37,10,Rain,Medium
2.23,62.4,6.0,22.26,0,Clear,Medium
-7.47,100.0,8.58,7.11,17,Rain,High
-1.16,79.1,4.73,14.96,21,Snow,Medium
11.92,88.5,10.3,28.88,0,Clear,Low
14.17,89.0,8.11,17.88,21,Rain,Medium
5.48,65.0,7.57,26.59,15,Cloudy,Low
15.95,56.2,9.45,11.25,13,Clear,Low
9.79,62.9,8.77,7.71,16,Cloudy,Medium
28.09,47.2,8.6,22.44,0,Cloudy,Low
13.06,63.8,8.33,4.45,23,Cloudy,Low
23.36,64.9,8.94,13.62,20,Heavy Rain,Medium
17.44,95.4,10.03,21.28,17,Clear,Low
-1.82,75.7,9.65,17.06,7,Clear,Medium
13.91,100.0,12.38,6.92,3,Rain,Medium
0.17,26.1,7.36,0.11,7,Clear,Medium
13.7,43.1,9.71,10.97,11,Rain,Low
6.06,58.6,15.0,16.27,23,Rain,Medium
19.58,91.9,8.88,16.63,9,Cloudy,Low
-1.11,63.0,8.99,11.94,17,Thunderstorm,High
15.18,38.6,5.21,18.57,9,Cloudy,Low
21.87,60.6,6.86,15.93,1,Thunderstorm,High
25.89,43.4,8.68,10.84,18,Clear,Low
5.83,39.9,10.6,16.84,8,Fog,High
15.21,100.0,10.95,6.17,13,Cloudy,Low
17.21,58.7,9.98,17.73,8,Thunderstorm,High
33.57,68.1,11.41,4.38,17,Rain,Low
-2.78,63.3,6.0,16.39,19,Fog,High
4.07,60.5,10.47,16.17,17,Cloudy,Low
45.0,49.9,9.04,9.31,21,Rain,Medium
11.72,59.4,9.37,17.71,16,Clear,Medium
-7.69,71.1,7.91,25.88,12,Rain,Medium
8.01,90.5,6.14,2.82,18,Cloudy,Low
-18.23,82.1,5.35,20.59,16,Snow,High
17.89,43.1,9.96,21.78,5,Cloudy,Low
24.72,82.8,10.49,10.13,7,Cloudy,Medium
4.06,73.6,8.61,19.21,2,Thunderstorm,Medium
9.35,53.8,8.96,9.71,18,Fog,High
26.08,68.3,6.84,23.31,3,Fog,High
-6.0,75.3,10.51,12.65,2,Clear,Medium
-0.86,65.8,9.18,25.0,19,Fog,High
12.26,73.6,7.9,1.99,1,Cloudy,Medium
5.97,49.5,11.6,12.81,22,Snow,Medium
11.47,100.0,10.94,4.67,5,Cloudy,Low
-0.17,30.3,4.39,25.47,22,Rain,High
17.57,75.4,9.15,9.94,15,Clear,Low
13.21,71.6,6.13,7.12,0,Clear,Low
21.59,76.6,9.42,22.08,18,Cloudy,Medium
17.4,52.2,0.1,18.59,23,Clear,High
17.48,86.0,9.59,9.0,22,Rain,Medium
-2.36,63.1,11.14,3.08,21,Clear,Medium
20.91,43.6,8.67,1.86,5,Clear,Low
11.03,45.3,5.51,23.48,4,Clear,Low
13.0,67.2,14.87,15.77,7,Clear,Medium
27.58,36.3,12.47,13.56,13,Clear,Low
6.37,97.4,7.41,16.43,18,Heavy Rain,High
31.21,83.9,8.22,5.54,23,Cloudy,Low
32.33,97.9,3.06,9.08,11,Clear,Low
24.03,96.0,10.42,9.32,11,Clear,Low
3.23,58.7,4.89,20.83,20,Heavy Rain,High
-11.24,49.4,11.0,1.22,22,Clear,Medium
27.95,16.8,12.08,21.48,10,Heavy Rain,Medium
16.34,57.7,8.79,28.15,13,Rain,Low
6.06,96.8,5.81,3.47,6,Clear,Low
29.08,50.1,12.75,12.15,8,Fog,High
4.66,61.2,9.01,16.49,18,Cloudy,Medium
9.91,55.0,9.28,19.86,3,Snow,Medium
21.3,71.7,6.21,7.48,6,Clear,Low
1.64,88.1,9.58,15.04,2,Rain,High
13.69,37.3,8.39,10.03,6,Rain,Low
28.07,40.7,5.01,9.45,16,Clear,Low
17.53,91.8,13.02,30.62,20,Snow,High
29.97,78.2,14.28,10.06,7,Snow,High
28.6,60.3,12.05,16.05,21,Rain,High
15.09,95.7,11.61,10.92,9,Snow,High
-13.04,40.4,14.3,14.17,6,Clear,Medium
1.73,81.8,5.86,16.97,22,Rain,Medium
24.16,63.8,5.82,20.04,12,Clear,Low
-3.6,75.9,7.76,5.01,4,Fog,High
11.08,22.0,9.89,13.37,5,Cloudy,Low
19.06,60.3,8.12,13.69,8,Snow,Medium
32.63,78.3,5.94,2.83,2,Clear,Low
8.1,63.9,9.02,3.42,21,Clear,Low
7.28,87.6,8.72,20.02,14,Heavy Rain,Medium
14.37,87.0,11.52,7.85,22,Cloudy,Low
19.21,47.7,9.13,35.51,5,Clear,Low
13.15,79.8,3.29,20.67,19,Rain,Medium
27.59,47.1,10.16,16.07,16,Clear,Medium
5.41,66.0,13.75,25.59,9,Cloudy,Low
16.44,76.8,9.09,18.95,8,Snow,High
20.34,50.0,11.96,13.66,3,Rain,Low
10.2,79.2,7.48,0.73,19,Cloudy,Low
25.08,55.9,10.7,17.99,18,Clear,Low
16.79,54.5,6.77,24.57,13,Clear,Low
24.47,77.7,8.26,6.66,20,Clear,Low
17.33,50.0,8.28,4.43,14,Heavy Rain,Medium
19.52,49.0,10.43,2.38,17,Clear,Low
7.41,83.7,6.53,27.83,23,Snow,High
7.43,67.0,4.61,12.72,8,Cloudy,Medium
29.69,38.8,10.41,25.14,15,Fog,Low
22.63,80.4,10.3,12.17,15,Clear,Low
2.72,57.7,9.34,7.53,21,Snow,Medium
17.17,39.7,11.8,31.21,16,Snow,High
-13.49,19.9,8.39,8.66,6,Cloudy,Medium
8.11,81.3,9.84,9.76,21,Thunderstorm,Medium
26.53,49.5,7.95,16.15,19,Clear,Medium
13.5,42.6,8.22,9.39,3,Clear,Low
16.41,76.5,10.02,19.0,17,Thunderstorm,High
-20.0,79.5,15.0,16.01,6,Clear,Low
10.29,50.8,11.23,16.37,6,Clear,Low
19.06,81.4,10.65,6.45,9,Cloudy,Medium
20.58,100.0,11.32,2.96,7,Thunderstorm,High
26.55,89.2,1.96,4.51,19,Snow,High
12.48,86.4,9.96,5.3,4,Clear,Low
13.01,70.7,11.73,14.63,21,Cloudy,Low
-0.99,57.0,9.25,4.66,1,Cloudy,Medium
12.55,64.0,8.87,1.19,6,Heavy Rain,Low
-0.14,72.9,6.18,1.68,10,Clear,Medium
-7.17,42.4,7.7,15.49,12,Clear,Medium
1.98,51.2,6.5,18.19,21,Rain,Low
33.1,39.3,12.0,7.44,14,Clear,Low
11.75,69.2,13.51,8.4,12,Cloudy,Low
17.64,66.5,14.81,17.53,3,Rain,Medium
8.84,53.3,6.45,13.49,1,Rain,Low
-6.49,79.8,6.99,22.67,19,Cloudy,Medium
26.23,46.2,6.75,10.58,13,Heavy Rain,Medium
-11.07,52.6,5.94,4.52,11,Rain,Medium
8.34,79.0,5.99,21.78,12,Snow,High
14.34,81.7,7.45,9.2,21,Rain,Low
17.77,50.7,11.62,4.9,10,Cloudy,Low
6.28,69.2,6.85,20.04,13,Rain,Low
-7.06,51.0,12.16,25.04,12,Cloudy,Medium
5.39,61.4,13.1,13.65,19,Clear,Low
6.01,67.6,9.86,2.96,5,Cloudy,Low
5.72,75.1,12.69,25.81,1,Fog,High
26.64,70.7,4.92,15.39,22,Rain,Medium
0.44,69.9,7.33,13.98,10,Rain,Medium
18.61,45.6,9.57,8.36,13,Rain,Medium
16.9,72.0,9.67,22.17,10,Cloudy,Low
26.53,74.9,13.29,2.02,7,Cloudy,Low
13.4,77.4,6.0,1.17,4,Clear,Low
24.49,52.0,7.39,29.05,16,Clear,Medium
12.93,81.5,8.75,4.24,13,Snow,Medium
20.21,41.3,7.44,20.64,15,Clear,Low
-3.04,57.2,5.87,24.41,18,Rain,Medium
-16.66,60.0,7.57,13.89,7,Cloudy,Medium
19.53,42.3,8.26,4.07,11,Clear,Low
20.17,59.8,13.34,17.67,14,Clear,Low
20.71,69.0,5.94,24.53,19,Fog,Medium
8.7,32.1,11.45,15.08,2,Cloudy,Medium
32.88,57.9,12.82,5.28,7,Clear,Low
9.48,33.5,7.46,14.75,4,Clear,Medium
20.05,100.0,9.78,0.46,7,Clear,Low
22.14,68.8,10.73,3.24,22,Rain,Low
35.62,67.3,10.23,9.67,4,Fog,Medium
11.2,69.2,9.25,12.55,18,Clear,Low
7.16,75.9,6.96,1.18,18,Cloudy,Low
-2.98,82.6,10.99,14.25,17,Rain,High
33.63,36.9,7.88,16.69,3,Clear,Low
20.06,88.6,9.09,10.07,1,Cloudy,Low
20.44,87.4,9.53,7.42,3,Cloudy,Low
45.0,63.8,11.57,12.94,20,Rain,Medium
18.9,62.9,14.78,28.33,0,Thunderstorm,High
-0.63,10.0,6.79,16.12,17,Cloudy,Medium
12.65,42.6,9.16,12.14,9,Clear,Low
3.3,74.3,4.55,8.65,22,Rain,Medium
10.25,86.6,13.44,17.19,10,Clear,Low
10.17,78.1,9.13,13.88,11,Clear,Low
7.96,63.6,8.1,18.37,10,Cloudy,Low
-1.72,99.7,9.16,2.13,19,Clear,Medium
34.11,83.1,9.31,13.09,18,Cloudy,Medium
18.59,57.9,6.8,7.85,23,Cloudy,Medium
12.29,100.0,12.56,15.34,9,Fog,High
24.09,45.3,10.93,5.51,20,Clear,Low
20.65,38.5,11.35,8.47,0,Rain,Medium
18.31,57.4,6.96,16.88,14,Rain,Low
23.22,51.3,6.8,18.33,14,Thunderstorm,Low
16.61,58.4,8.66,11.73,1,Cloudy,Medium
23.04,79.4,11.4,7.44,4,Heavy Rain,High
24.04,64.4,10.51,17.77,23,Cloudy,Medium
16.95,64.9,6.67,26.26,0,Clear,Low
12.36,66.1,11.0,4.45,12,Cloudy,Low
33.36,23.4,6.08,8.17,18,Rain,Medium
9.27,37.7,7.02,19.26,23,Clear,Medium
19.7,58.1,9.47,19.5,5,Clear,Low
19.97,49.8,5.49,21.87,14,Clear,Low
7.69,60.8,6.11,21.13,18,Cloudy,Medium
5.31,90.3,13.66,1.79,21,Cloudy,Low
10.75,63.7,13.1,7.69,15,Heavy Rain,Medium
9.09,41.2,15.0,17.64,5,Rain,Medium
-2.5,50.7,10.35,11.22,21,Fog,Medium
7.18,95.8,10.93,15.29,22,Thunderstorm,High
18.19,92.6,8.54,10.83,8,Clear,Low
30.19,75.7,7.95,8.08,11,Clear,Low
21.65,36.9,11.62,9.82,15,Clear,Low
-16.19,70.5,13.09,1.9,19,Snow,High
22.7,71.9,11.36,5.49,13,Clear,Low
8.3,65.5,6.48,11.4,17,Cloudy,Low
20.44,54.7,10.17,11.56,18,Clear,Low
14.83,58.5,6.69,17.11,4,Cloudy,Low
12.69,53.5,8.03,9.43,7,Clear,Low
13.77,44.4,13.91,27.08,20,Rain,Medium
14.73,89.6,5.4,23.07,14,Cloudy,Low
31.13,80.9,15.0,7.48,4,Thunderstorm,High
14.76,59.9,10.65,13.78,12,Thunderstorm,Medium
28.03,71.3,7.6,22.92,5,Heavy Rain,High
26.28,72.0,9.2,6.23,1,Clear,Low
23.0,100.0,6.95,5.27,11,Clear,Low
-6.44,80.7,7.36,23.69,0,Clear,Low
28.4,80.0,9.22,18.22,22,Rain,Low
9.51,65.7,8.01,21.66,21,Clear,Low
23.59,57.2,6.2,14.84,5,Clear,Low
3.33,89.9,8.34,9.71,15,Clear,Low
0.78,76.7,5.06,0.08,9,Clear,Low
38.72,50.1,5.18,13.23,14,Cloudy,Low
3.52,73.2,5.15,23.09,12,Cloudy,Low
28.75,80.1,14.01,23.19,17,Clear,Low
16.42,27.3,10.22,21.64,18,Fog,High
9.96,48.4,10.79,19.09,0,Rain,Medium
14.46,71.5,9.03,31.9,20,Clear,Low
-0.61,30.4,10.52,1.97,5,Snow,High
14.83,33.2,12.53,14.08,15,Cloudy,Low
2.01,60.1,10.22,3.57,15,Cloudy,Low
10.25,73.8,13.92,25.97,15,Heavy Rain,Medium
26.1,74.7,8.89,7.03,17,Cloudy,Low
18.05,93.5,10.8,21.08,3,Heavy Rain,High
-2.79,66.5,11.11,7.96,15,Clear,Low
25.22,58.3,6.2,15.78,9,Clear,Low
14.91,41.5,9.13,11.02,9,Cloudy,Medium
8.49,58.1,3.48,11.88,3,Snow,High
23.96,77.7,8.61,15.0,14,Heavy Rain,Medium
12.99,78.5,8.16,20.28,7,Fog,Medium
1.01,69.8,7.98,11.02,16,Clear,Medium
37.17,74.8,7.78,20.02,11,Fog,Medium
14.79,88.0,10.54,21.34,9,Clear,Medium
14.02,66.4,6.34,8.25,12,Clear,Low
10.14,89.6,14.58,28.97,13,Cloudy,Low
29.16,51.9,10.7,18.71,16,Clear,Low
8.7,63.7,6.59,8.12,1,Clear,Low
-3.54,56.3,10.94,17.53,19,Rain,High
6.86,79.3,11.98,21.35,4,Cloudy,Medium
30.92,46.7,10.11,17.31,5,Fog,High
24.99,59.2,5.98,13.82,18,Thunderstorm,High
11.94,31.5,15.0,19.06,0,Fog,Medium
31.48,75.7,10.92,3.29,9,Cloudy,Low
23.98,87.4,5.26,18.11,15,Clear,Low
11.8,81.4,9.63,3.11,18,Thunderstorm,High
13.01,79.6,8.34,16.62,21,Cloudy,Low
18.95,80.1,9.02,19.96,16,Cloudy,Medium
5.02,77.6,5.42,10.99,5,Rain,Medium
15.05,76.1,9.16,3.88,8,Rain,Medium
18.7,77.2,6.51,5.37,0,Clear,Low
-5.24,53.2,7.95,18.16,18,Clear,Medium
12.73,61.4,10.16,23.31,0,Clear,Low
11.36,66.3,7.57,6.73,3,Clear,Medium
27.34,59.0,8.13,12.73,23,Cloudy,Low
-7.13,36.8,11.46,1.21,3,Fog,High
10.42,42.8,6.33,12.81,6,Heavy Rain,Medium
9.22,69.1,7.05,10.59,9,Clear,Low
26.52,81.3,5.24,33.24,3,Clear,Low
14.48,65.2,6.53,7.15,15,Thunderstorm,Medium
36.55,100.0,9.39,21.44,7,Rain,High
22.95,48.4,10.92,21.08,7,Cloudy,Medium
10.08,73.0,6.58,10.25,13,Thunderstorm,Medium
17.88,88.2,10.83,13.07,7,Thunderstorm,High
10.75,84.2,9.32,12.0,5,Clear,Low
25.31,76.8,4.85,5.31,20,Rain,Medium
-0.99,84.3,9.52,4.53,13,Rain,Low
5.12,66.0,12.58,8.31,21,Snow,High
20.47,94.9,3.32,1.75,8,Cloudy,Medium
29.71,88.1,15.0,7.5,21,Rain,Medium
-11.42,49.7,7.17,10.24,21,Cloudy,Medium
31.49,70.8,4.05,13.46,0,Cloudy,Medium
13.32,37.1,9.42,15.99,3,Cloudy,High
-7.61,92.4,11.49,10.23,19,Clear,Medium
-20.0,69.0,8.16,5.08,7,Heavy Rain,High
-3.35,89.3,9.93,15.83,18,Cloudy,Medium
14.76,63.0,15.0,19.12,10,Snow,Medium
14.21,31.6,9.62,7.63,6,Heavy Rain,Medium
22.6,100.0,15.0,3.16,5,Cloudy,Low
8.41,67.4,12.79,7.98,5,Rain,Medium
1.7,47.0,9.15,10.37,15,Snow,High
10.04,85.6,9.87,22.31,0,Cloudy,Medium
15.4,100.0,8.04,18.24,4,Rain,Medium
17.77,61.4,9.75,11.97,19,Fog,Medium
5.53,63.2,10.68,29.11,7,Clear,Low
25.82,69.3,7.79,11.69,14,Cloudy,Low
7.54,45.0,4.86,24.72,7,Clear,Medium
4.56,52.6,12.96,22.99,0,Cloudy,Medium
8.49,97.1,11.92,22.36,10,Snow,High
27.9,62.6,4.75,14.89,5,Clear,Medium
13.41,49.9,9.51,13.05,17,Clear,Low
6.67,56.9,12.08,12.05,19,Clear,Low
26.11,84.3,11.77,19.65,21,Heavy Rain,Medium
40.71,29.4,6.92,4.9,14,Clear,Low
17.52,69.6,11.95,9.63,1,Rain,Medium
29.81,100.0,9.05,27.0,20,Heavy Rain,High
27.43,100.0,10.17,17.61,20,Cloudy,Low
7.73,75.3,6.24,20.59,3,Fog,High
15.32,88.7,0.1,1.01,9,Heavy Rain,High
-0.39,88.5,6.67,8.11,22,Clear,Medium
12.54,62.7,10.61,15.0,19,Snow,Medium
7.49,81.6,8.38,11.63,4,Cloudy,Medium
10.17,97.2,10.95,0.97,15,Thunderstorm,High
6.0,42.3,12.32,18.84,7,Thunderstorm,High
11.55,75.4,8.01,21.7,20,Clear,Low
21.39,71.5,7.71,9.43,22,Clear,Low
13.57,66.9,2.44,19.16,18,Rain,High
-7.37,65.3,4.36,30.26,7,Clear,High
6.05,69.2,4.98,25.73,9,Cloudy,High
-3.23,70.7,10.67,9.83,14,Thunderstorm,High
17.93,85.1,8.04,2.07,22,Cloudy,Low
21.04,73.6,7.4,14.07,8,Cloudy,Medium
18.08,61.8,7.05,33.12,13,Clear,Low
5.55,49.9,6.66,24.04,17,Heavy Rain,High
17.96,56.5,11.77,11.95,8,Fog,High
9.36,69.7,9.28,26.06,7,Fog,Medium
1.34,52.3,11.97,22.52,9,Clear,Low
23.9,82.0,2.42,5.09,10,Clear,Low
24.82,72.7,10.6,21.55,2,Thunderstorm,High
26.39,85.6,7.55,13.07,2,Thunderstorm,High
7.7,53.5,8.16,4.2,16,Clear,Low
29.15,50.0,13.06,12.82,22,Clear,Low
9.08,85.4,7.83,15.73,19,Rain,Medium
22.84,67.3,10.48,4.85,21,Clear,Low
8.87,61.4,5.95,10.92,20,Rain,Medium
12.31,77.6,9.11,9.02,19,Clear,Low
-14.05,76.9,4.23,19.16,1,Heavy Rain,High
11.38,42.4,8.83,9.29,20,Clear,Low
16.09,89.9,10.16,3.3,10,Clear,Low
10.08,57.6,12.32,7.97,14,Cloudy,Low
36.07,95.6,6.55,3.48,21,Clear,Low
1.05,41.0,7.41,0.35,2,Rain,High
8.24,70.7,7.07,22.62,6,Clear,Low
4.14,61.7,8.24,19.23,1,Clear,Low
8.23,29.4,6.11,3.3,10,Heavy Rain,Low
27.38,76.8,2.53,0.58,18,Cloudy,Medium
32.74,30.4,5.87,11.08,11,Rain,High
6.59,59.7,8.85,0.09,12,Clear,Low
6.32,84.9,8.56,9.82,5,Thunderstorm,High
1.11,55.5,10.66,12.63,6,Thunderstorm,Medium
30.68,48.7,11.53,14.74,13,Cloudy,Low
28.45,79.4,7.65,15.06,0,Heavy Rain,Medium
13.73,60.5,4.24,4.97,10,Heavy Rain,High
-1.75,57.7,10.21,12.64,23,Fog,Medium
-0.68,87.9,8.97,23.52,13,Snow,High
17.05,44.0,8.22,6.87,2,Cloudy,Medium
21.59,56.7,12.66,14.93,10,Cloudy,Low
-9.79,80.6,10.35,1.4,8,Fog,High
11.14,42.8,9.37,24.64,16,Cloudy,Low
34.42,97.0,9.49,19.35,16,Cloudy,Medium
12.39,61.1,11.55,19.07,23,Clear,Low
32.88,80.7,6.93,4.32,14,Clear,Low
22.79,80.7,6.36,14.37,5,Clear,Low
1.99,62.3,8.3,15.38,3,Clear,Low
11.49,56.4,5.47,9.34,3,Cloudy,Low
13.46,64.2,8.86,13.32,14,Cloudy,Low
3.57,77.8,9.29,17.52,14,Heavy Rain,Low
3.36,47.2,8.79,0.73,8,Rain,Medium
33.08,43.3,7.92,17.42,17,Snow,High
3.27,91.7,13.96,12.9,4,Clear,Low
27.94,51.8,11.82,24.43,17,Heavy Rain,Medium
9.76,71.4,8.71,8.28,14,Clear,Low
14.69,61.4,9.28,13.6,4,Clear,Low
21.74,62.2,13.13,15.07,21,Cloudy,Low
7.82,90.7,7.25,13.27,20,Thunderstorm,Medium
21.81,63.5,6.1,8.81,18,Clear,Low
-9.56,58.6,9.68,12.78,15,Clear,Medium
20.28,60.1,10.24,9.21,3,Clear,Low
-14.62,55.9,10.47,18.07,23,Cloudy,Medium
12.28,52.9,11.48,12.77,4,Cloudy,Medium
25.25,56.0,6.8,12.72,19,Clear,Low
22.47,94.9,4.77,18.49,11,Cloudy,Low
-0.58,77.8,7.25,8.3,16,Cloudy,Medium
0.96,58.8,10.75,12.39,0,Rain,Medium
6.74,82.7,6.23,19.79,7,Snow,Medium
17.23,36.4,3.2,12.5,0,Thunderstorm,High
-9.38,89.8,9.43,4.59,17,Clear,High
14.84,88.3,7.3,12.46,6,Cloudy,Low
18.74,100.0,3.82,12.58,7,Thunderstorm,High
11.6,83.2,9.22,20.11,2,Cloudy,Medium
21.3,72.9,7.84,8.91,3,Cloudy,Low
17.68,88.2,14.03,3.2,13,Cloudy,Low
8.5,53.7,9.27,3.23,8,Snow,High
-8.23,57.9,10.76,24.98,1,Snow,High
16.6,63.8,8.95,14.6,20,Clear,Low
3.56,89.6,7.21,24.52,5,Clear,Low
8.06,49.6,7.54,25.83,1,Rain,High
20.75,47.7,12.24,5.31,1,Clear,Low
32.01,69.3,11.24,4.62,9,Snow,Medium
14.54,77.9,4.53,10.85,12,Clear,Low
21.65,52.3,5.25,17.53,3,Cloudy,Low
-2.33,77.1,5.42,0.61,8,Heavy Rain,High
17.95,89.6,12.18,16.09,8,Fog,High
14.28,86.6,3.81,15.64,1,Rain,High
29.75,71.4,11.36,1.87,15,Cloudy,Low
8.51,63.4,10.2,2.19,8,Rain,Medium
12.1,96.2,9.44,16.0,16,Snow,High
27.71,65.3,7.58,30.66,0,Clear,Medium
13.9,81.9,12.57,9.35,0,Rain,Low
1.69,100.0,9.34,14.97,19,Heavy Rain,High
45.0,80.0,4.67,6.55,7,Fog,High
2.06,47.1,5.37,14.13,8,Cloudy,Medium
14.22,42.7,4.07,6.37,10,Fog,Low
19.16,59.6,12.6,9.67,15,Rain,Low
18.21,77.8,13.27,34.04,17,Cloudy,Medium
12.72,73.0,12.26,12.96,17,Thunderstorm,Medium
12.78,100.0,8.57,2.08,20,Clear,Low
12.18,72.8,4.72,17.79,13,Snow,Medium
1.61,59.1,5.84,22.16,6,Cloudy,High
40.8,44.6,6.03,18.08,14,Rain,Low
12.36,86.2,8.86,10.41,6,Snow,High
22.16,64.9,13.16,3.74,10,Fog,Medium
10.98,37.9,13.15,3.97,0,Fog,High
10.74,65.4,7.53,10.29,9,Cloudy,Medium
9.53,47.1,2.29,8.7,14,Rain,Medium
-3.6,57.3,5.5,6.98,7,Heavy Rain,High
13.07,65.1,12.57,22.94,2,Cloudy,Low
10.12,48.7,9.69,20.29,1,Clear,Low
29.06,56.2,7.93,23.4,2,Snow,High
0.64,51.6,7.72,4.9,8,Cloudy,Medium
8.07,52.1,6.75,3.71,23,Clear,Low
4.22,46.9,5.39,12.7,11,Fog,Medium
32.31,56.3,15.0,15.73,21,Cloudy,Low
4.57,48.9,14.16,12.64,3,Snow,High
21.75,75.6,6.53,15.12,23,Clear,Low
26.64,68.6,3.74,26.27,21,Fog,High
13.25,86.5,9.51,10.03,2,Cloudy,Medium
-1.52,99.0,8.56,19.26,0,Clear,Low
-1.37,77.2,10.88,16.66,15,Cloudy,Medium
25.32,73.1,11.56,12.86,5,Rain,Medium
-0.13,78.3,5.49,18.85,15,Clear,Medium
19.7,73.4,12.84,5.09,16,Rain,Medium
16.37,65.9,7.94,3.28,1,Cloudy,Medium
19.53,64.5,10.82,15.9,19,Rain,Medium
20.66,46.6,8.22,2.74,20,Cloudy,Low
3.8,80.1,11.77,16.6,11,Clear,Low
3.29,64.4,1.91,1.85,22,Rain,High
23.58,91.1,11.22,25.66,14,Cloudy,Low
7.45,81.5,6.5,8.43,17,Clear,Low
-18.0,53.7,9.22,25.08,6,Rain,High
22.79,87.4,12.73,10.1,15,Clear,Low
2.56,18.9,6.59,9.72,22,Cloudy,Medium
20.61,99.7,6.12,19.79,18,Snow,High
31.71,40.9,7.88,14.64,15,Clear,Low
15.2,73.9,7.69,11.4,9,Cloudy,Medium
26.95,72.7,5.85,8.36,3,Clear,Medium
16.85,85.2,9.32,8.45,8,Cloudy,Medium
34.05,59.1,9.47,33.22,17,Fog,High
2.25,26.4,10.39,3.08,12,Cloudy,Low
14.9,59.1,6.54,1.18,3,Snow,High
23.08,61.1,6.17,22.59,5,Cloudy,Low
12.72,28.1,8.64,21.92,9,Clear,Medium
28.83,65.8,8.26,3.7,1,Cloudy,Medium
9.82,45.6,8.32,3.77,11,Clear,Low
39.83,76.7,6.88,23.45,21,Cloudy,Low
40.47,60.6,9.99,2.58,17,Clear,Low
18.38,100.0,6.17,7.58,22,Clear,Low
21.63,60.4,8.63,12.87,23,Clear,Low
29.3,72.7,8.08,2.35,1,Cloudy,Medium
0.75,61.2,8.9,20.32,8,Snow,High
-0.74,35.8,12.56,12.19,4,Heavy Rain,High
30.08,61.3,5.06,4.06,16,Clear,Low
18.29,78.6,1.83,4.85,0,Heavy Rain,High
12.28,75.8,7.22,23.67,16,Clear,Low
15.13,59.7,5.55,9.49,9,Clear,Low
-13.63,38.8,0.1,17.53,4,Heavy Rain,High
12.71,76.6,14.24,11.91,5,Cloudy,Low
5.96,72.6,10.68,3.79,15,Cloudy,Low
26.02,80.2,11.0,18.72,11,Cloudy,Medium
26.94,60.1,8.14,21.66,21,Cloudy,Low
21.92,34.7,10.26,28.58,23,Rain,Medium
19.75,74.6,7.73,5.11,13,Rain,Low
-2.97,64.8,11.44,16.43,16,Clear,Medium
22.09,90.1,9.57,17.75,11,Clear,Low
22.55,65.5,8.89,6.61,9,Cloudy,Low
29.94,64.2,9.12,0.87,15,Snow,Medium
40.42,72.5,13.4,12.97,0,Heavy Rain,High
-5.31,54.3,9.5,7.96,19,Clear,Medium
10.34,53.4,5.91,0.51,16,Clear,Low
6.09,63.2,10.01,11.25,5,Cloudy,Low
17.07,48.4,10.47,17.1,0,Snow,High
15.16,60.9,8.57,13.57,3,Thunderstorm,High
12.19,99.9,8.84,13.64,16,Clear,Medium
27.33,83.8,5.8,15.99,15,Cloudy,Low
1.78,70.5,9.29,3.22,15,Cloudy,Low
2.51,92.9,5.36,11.54,0,Cloudy,Low
2.71,50.2,8.25,14.16,0,Cloudy,Medium
10.68,100.0,6.99,8.6,19,Rain,Medium
0.26,56.7,11.95,4.54,10,Rain,Medium
14.42,100.0,13.65,5.28,7,Cloudy,Low
13.01,100.0,5.57,9.36,1,Rain,Medium
5.56,33.4,8.99,20.23,2,Cloudy,Low
25.49,91.4,8.07,25.74,17,Rain,High
14.29,59.9,10.39,23.91,18,Clear,Low
27.75,54.8,9.29,2.05,6,Cloudy,Low
12.66,74.4,7.84,3.55,5,Cloudy,Low
14.71,46.9,9.28,17.92,7,Fog,Medium
8.25,74.0,8.36,23.71,9,Clear,Low
14.92,48.1,13.77,3.3,20,Rain,Low
23.55,68.2,6.62,13.65,9,Cloudy,Medium
10.06,89.0,9.77,1.81,18,Heavy Rain,High
21.22,72.0,10.53,14.49,19,Clear,Low
5.25,58.5,10.32,6.21,14,Rain,Low
24.11,74.7,8.11,13.65,6,Cloudy,Low
8.04,39.7,13.1,1.09,23,Clear,Low
25.22,49.9,2.73,2.7,15,Clear,Medium
15.73,57.3,5.72,39.88,16,Cloudy,Low
33.25,79.2,10.99,12.62,23,Cloudy,Medium
1.15,72.3,6.36,31.21,14,Fog,High
-2.71,74.6,6.18,25.58,14,Heavy Rain,High
7.61,64.5,7.6,2.72,19,Clear,Low
-1.62,50.8,6.64,15.26,3,Clear,Medium
-1.59,91.8,10.91,0.35,23,Clear,Medium
22.46,52.4,11.71,9.33,6,Rain,Medium
14.95,72.5,9.26,4.96,23,Cloudy,Medium
9.24,63.0,12.16,2.17,12,Cloudy,Low
10.36,75.1,4.84,4.31,21,Clear,Low
7.83,54.1,9.23,7.09,7,Cloudy,Low
34.8,83.9,13.04,12.35,18,Clear,Low
6.17,89.8,11.93,2.67,12,Clear,Low
-0.87,82.8,13.31,13.34,15,Snow,High
24.55,67.8,7.23,22.22,13,Thunderstorm,Medium
12.41,57.2,11.75,14.47,23,Heavy Rain,Medium
39.47,100.0,7.72,11.39,17,Clear,Low
8.69,47.2,10.79,15.07,6,Fog,Medium
25.15,80.9,12.93,0.91,14,Cloudy,Low
27.99,71.0,6.62,20.57,8,Clear,Low
8.74,63.9,3.43,1.22,16,Heavy Rain,High
6.08,68.3,14.54,25.97,11,Clear,Low
23.9,55.8,10.46,18.94,5,Clear,Low
21.9,72.7,8.68,17.01,5,Heavy Rain,Medium
-1.93,70.7,8.51,17.4,10,Clear,Medium
1.46,100.0,2.71,11.98,11,Cloudy,High
-15.44,84.3,9.63,4.92,19,Cloudy,Medium
22.14,74.3,7.41,3.52,15,Thunderstorm,Medium
11.86,75.4,9.16,27.76,18,Cloudy,Medium
13.05,98.1,9.09,12.93,3,Clear,Low
-5.3,47.5,0.1,1.97,4,Cloudy,High
1.82,61.7,10.47,16.65,0,Cloudy,Medium
9.26,30.7,9.57,15.09,1,Cloudy,Low
6.93,75.1,9.97,9.04,3,Snow,Medium
16.41,80.3,8.45,3.92,15,Rain,Low
22.0,47.1,9.15,18.62,10,Snow,Medium
42.24,90.8,9.52,20.51,10,Cloudy,Low
14.76,52.1,9.82,14.9,17,Heavy Rain,High
28.38,58.8,10.43,12.64,9,Thunderstorm,High
5.04,67.2,9.85,4.96,0,Clear,Low
-5.1,93.7,14.55,16.32,0,Cloudy,Medium
10.77,49.6,6.82,6.29,4,Rain,High
-4.17,70.2,7.88,0.55,9,Rain,High
15.18,78.9,14.08,22.13,21,Cloudy,Low
5.63,75.2,8.54,2.73,4,Snow,Medium
-8.45,75.9,11.79,5.07,17,Clear,Medium
35.83,78.7,9.41,23.78,0,Thunderstorm,High
8.55,55.0,8.32,3.7,2,Heavy Rain,High
-4.65,95.4,11.96,8.49,9,Clear,Low
25.78,63.0,10.56,2.14,15,Clear,Low
6.26,60.6,4.4,5.49,19,Rain,Medium
28.08,89.3,9.52,32.02,17,Clear,Medium
6.2,53.6,6.01,11.09,21,Cloudy,Low
8.51,70.8,12.81,15.24,10,Rain,Medium
19.14,52.0,14.26,19.11,5,Thunderstorm,Medium
22.12,100.0,14.62,6.18,10,Clear,Low
24.22,100.0,10.07,21.68,6,Rain,Low
13.92,63.0,7.62,15.38,8,Thunderstorm,High
21.34,74.4,9.97,18.78,2,Cloudy,Medium
23.95,65.1,6.18,5.48,18,Clear,Low
17.41,58.7,15.0,16.0,21,Clear,Low
13.29,67.2,12.58,11.92,2,Cloudy,Medium
-2.34,64.3,9.91,22.17,1,Cloudy,Low
22.19,37.6,11.99,7.14,19,Clear,Low
15.51,69.7,7.52,30.29,22,Cloudy,Low
10.04,64.2,5.68,15.05,0,Cloudy,Medium
30.33,70.6,2.36,10.87,15,Clear,Low
-2.13,63.6,9.25,9.82,9,Cloudy,Medium
34.73,58.5,8.38,11.94,18,Rain,Low
14.73,80.7,10.56,6.34,12,Cloudy,Low
18.81,74.6,9.04,18.0,5,Heavy Rain,Medium
10.26,90.1,10.42,11.89,6,Clear,Low
-5.0,73.9,11.43,29.49,14,Cloudy,Medium
13.32,61.4,4.62,8.1,6,Cloudy,Low
19.02,76.1,11.61,10.91,2,Fog,Medium
23.11,29.3,7.78,8.09,12,Rain,Medium
12.62,100.0,10.55,28.82,15,Clear,Low
-11.31,69.9,12.07,1.01,19,Clear,Medium
-3.5,100.0,12.09,12.84,14,Cloudy,Low
39.62,49.4,9.39,14.82,9,Thunderstorm,High
1.89,44.9,9.54,1.85,19,Rain,High
32.12,71.6,11.68,35.79,10,Cloudy,Medium
3.79,71.5,4.5,3.62,15,Clear,Medium
12.81,71.1,6.15,12.3,21,Clear,Low
22.5,68.3,8.16,27.16,23,Heavy Rain,High
5.16,53.7,5.0,8.62,10,Clear,Low
34.11,38.3,8.18,13.29,11,Clear,Medium
15.91,70.1,8.02,8.9,20,Clear,Low
20.53,41.9,9.26,11.52,13,Fog,Medium
11.79,40.2,8.83,21.73,18,Clear,Low
22.9,58.1,12.21,8.21,1,Clear,Low
33.95,72.8,10.72,11.89,19,Cloudy,Medium
13.42,100.0,8.79,11.7,2,Rain,Medium
35.76,82.6,8.0,12.57,9,Cloudy,Low
7.66,90.8,8.86,13.76,4,Heavy Rain,High
24.17,76.8,8.91,10.35,22,Rain,Low
20.87,71.6,15.0,4.24,2,Cloudy,Medium
2.18,100.0,4.63,9.79,13,Snow,High
17.57,41.2,6.22,27.89,3,Clear,Low
15.09,57.6,5.78,11.62,0,Rain,Medium
4.76,59.0,9.81,17.88,6,Cloudy,Low
19.3,81.1,9.69,2.7,1,Cloudy,Medium
16.76,47.4,7.28,9.38,6,Cloudy,Low
14.13,78.7,11.69,2.99,3,Rain,Medium
14.18,75.4,10.11,23.64,16,Clear,Low
13.92,79.6,11.81,2.0,4,Rain,Medium
10.59,79.3,12.61,15.35,11,Cloudy,Low
16.68,92.7,2.61,15.07,0,Heavy Rain,High
7.27,64.1,11.06,14.48,22,Clear,Low
45.0,74.5,5.13,9.1,10,Cloudy,Low
-1.91,51.7,9.75,6.21,8,Cloudy,High
7.98,47.6,8.78,13.05,7,Rain,Medium
8.93,96.8,8.91,3.69,1,Cloudy,Medium
39.49,50.4,5.39,6.21,6,Clear,Low
-0.84,76.5,12.09,8.18,20,Fog,High
20.11,74.6,5.13,2.52,9,Clear,Low
17.98,86.1,11.25,0.97,20,Rain,Medium
19.0,35.2,4.7,12.0,4,Heavy Rain,High
29.84,81.0,8.95,5.15,8,Clear,Low
29.59,64.0,14.41,7.45,15,Cloudy,Low
9.59,54.2,15.0,5.99,1,Cloudy,Medium
17.33,60.5,4.14,11.79,8,Heavy Rain,High
-7.37,83.7,6.89,33.48,21,Snow,High
16.19,78.2,7.43,3.16,11,Cloudy,Low
5.47,62.7,15.0,15.66,22,Cloudy,Low
12.76,44.5,8.8,13.99,3,Cloudy,Medium
-5.22,45.8,12.22,17.04,23,Clear,Medium
19.86,78.6,9.9,10.08,21,Clear,Low
-5.36,42.0,5.4,24.97,9,Fog,High
16.78,62.9,3.42,18.17,13,Clear,Low
0.28,100.0,7.16,18.31,3,Clear,Low
4.8,73.3,15.0,0.73,3,Clear,Low
28.86,78.4,9.77,12.87,9,Fog,Medium
22.06,45.9,12.16,7.41,7,Clear,Low
28.79,42.9,4.75,4.25,14,Rain,Medium
33.72,79.3,8.02,6.36,21,Heavy Rain,Medium
5.73,59.9,11.34,11.5,1,Heavy Rain,High
32.99,86.1,5.73,16.11,20,Cloudy,Low
-2.59,67.6,8.81,20.83,6,Rain,Medium
23.95,100.0,6.36,20.41,15,Clear,Low
9.08,56.5,11.48,14.63,22,Cloudy,Low
3.84,72.0,10.2,12.5,17,Snow,High
22.37,50.7,11.05,9.08,1,Rain,Medium
26.34,85.4,11.61,9.77,14,Cloudy,Low
25.98,74.7,8.32,4.98,3,Rain,Medium
17.58,49.5,12.01,8.14,6,Heavy Rain,Medium
16.58,61.1,7.23,15.18,13,Fog,High
21.32,91.5,10.88,25.86,13,Heavy Rain,Medium
18.65,89.3,3.09,10.65,22,Cloudy,Medium
21.5,41.3,6.76,4.73,6,Clear,Low
17.45,58.4,15.0,20.72,22,Cloudy,Low
25.11,99.6,10.83,6.02,10,Cloudy,Low
-4.53,63.8,10.83,21.39,6,Rain,Medium
13.42,70.1,6.53,0.9,14,Rain,Low
-1.61,85.3,5.72,17.91,14,Clear,Low
18.32,42.8,8.21,7.72,21,Heavy Rain,Medium
34.7,49.9,8.8,14.89,23,Cloudy,Low
9.31,61.0,14.74,30.75,15,Heavy Rain,Medium
16.53,88.5,12.06,4.46,15,Clear,Low
24.08,85.2,9.33,3.0,6,Heavy Rain,High
-9.81,79.8,9.2,12.7,5,Cloudy,Low
8.73,64.3,11.27,25.73,14,Cloudy,Low
19.37,87.1,5.04,13.61,16,Clear,Low
-19.76,64.1,3.24,12.4,8,Fog,High
3.28,77.2,11.23,13.52,12,Clear,Low
28.21,83.2,9.22,2.96,13,Clear,Low
27.04,97.3,5.06,13.61,11,Snow,High
19.49,65.8,2.72,8.46,1,Rain,High
25.59,60.3,11.68,23.9,11,Snow,Medium
17.58,90.1,7.44,19.18,5,Thunderstorm,Medium
21.66,91.5,10.2,0.09,2,Cloudy,Low
11.21,57.0,8.21,9.45,11,Heavy Rain,Medium
16.39,46.9,8.9,16.75,18,Clear,Low
7.41,88.7,7.22,3.17,19,Fog,Medium
30.16,37.2,8.77,2.29,8,Rain,Medium
33.26,36.3,10.73,7.84,13,Fog,Medium
31.56,62.0,8.17,15.1,4,Cloudy,Low
10.1,66.8,8.0,21.33,6,Rain,Low
3.55,45.9,10.82,14.09,10,Fog,High
30.32,69.0,11.02,34.16,9,Clear,Medium
21.53,69.8,5.59,5.91,15,Cloudy,Low
18.94,56.4,8.91,18.66,17,Snow,High
7.4,100.0,7.43,2.02,13,Thunderstorm,High
20.11,72.7,9.04,26.5,0,Rain,High
1.98,85.3,13.3,24.23,19,Cloudy,Low
22.61,38.8,10.08,18.4,10,Clear,Low
31.55,38.6,15.0,3.63,20,Rain,Medium
34.57,73.3,9.66,18.32,6,Snow,Medium
23.5,98.4,8.5,4.63,14,Clear,Low
-1.58,46.8,8.94,16.08,5,Clear,Low
17.37,67.6,9.43,1.09,13,Clear,Low
40.68,42.8,9.97,14.43,20,Cloudy,Low
4.58,52.1,6.02,8.82,13,Cloudy,Low
14.29,68.5,8.3,5.0,23,Clear,Low
31.96,56.1,6.83,17.33,9,Cloudy,Medium
22.41,41.5,12.09,11.54,3,Clear,Low
44.76,41.1,3.22,10.16,11,Snow,High
6.21,31.1,9.47,18.63,19,Rain,Medium
3.12,73.6,4.45,29.14,12,Rain,Medium
29.69,75.8,10.3,14.48,14,Snow,Medium
0.65,75.7,7.8,4.25,19,Clear,Medium
12.64,48.6,3.55,2.02,6,Thunderstorm,Low
14.21,83.1,11.83,12.62,17,Clear,Medium
27.43,77.7,1.45,21.24,22,Cloudy,Medium
22.37,65.1,8.91,13.21,4,Clear,Medium
20.48,62.2,11.07,16.6,4,Fog,High
10.17,53.3,13.13,11.47,23,Cloudy,Low
29.58,68.5,4.17,20.66,23,Clear,Low
45.0,94.1,7.45,17.55,23,Cloudy,Low
23.3,85.5,12.25,2.82,20,Thunderstorm,Medium
16.2,60.4,12.45,16.03,6,Clear,Low
-0.57,74.7,12.84,1.88,13,Cloudy,Medium
7.35,45.2,15.0,16.03,23,Clear,Low
12.44,78.1,7.47,9.46,16,Clear,Low
8.58,50.0,10.12,13.45,12,Fog,Low
14.81,77.4,7.96,14.92,14,Cloudy,Low
36.34,100.0,3.07,14.53,5,Clear,Low
29.97,54.7,8.73,24.76,8,Snow,High
13.09,100.0,3.02,12.31,17,Snow,High
0.5,73.8,7.44,13.7,23,Thunderstorm,High
31.05,51.5,4.6,23.97,1,Clear,High
14.41,50.7,10.32,29.07,9,Cloudy,Low
-5.72,100.0,6.66,11.84,16,Fog,High
23.55,73.9,3.64,7.39,11,Clear,Low
27.31,54.8,11.6,7.84,20,Cloudy,Low
-14.11,61.3,7.19,16.06,15,Fog,Medium
5.11,72.8,7.7,10.17,8,Clear,Low
13.67,64.8,6.07,3.74,18,Rain,Medium
23.81,71.2,12.45,22.11,8,Fog,Medium
8.81,96.9,9.81,19.34,9,Rain,Medium
5.01,44.7,7.16,22.32,6,Snow,Medium
23.73,76.6,3.26,24.1,23,Heavy Rain,High
9.38,63.7,15.0,13.72,9,Heavy Rain,High
21.5,56.0,14.94,14.34,22,Rain,Low
1.66,84.3,13.33,21.06,13,Clear,Medium
-1.23,38.7,6.89,1.06,3,Cloudy,High
24.06,22.4,7.5,8.83,18,Snow,Medium
18.03,69.0,10.2,11.47,4,Clear,Medium
26.07,62.5,6.32,20.3,21,Clear,Low
8.61,40.6,6.03,7.15,23,Cloudy,Medium
5.46,34.2,13.38,5.59,13,Cloudy,Low
31.33,99.8,8.83,8.12,9,Snow,High
-3.28,73.3,5.64,16.23,11,Thunderstorm,High
30.02,65.4,11.86,11.39,18,Clear,Low
30.85,100.0,7.28,1.06,8,Clear,Low
25.32,83.4,3.06,0.72,1,Heavy Rain,High
6.75,96.8,5.6,13.23,14,Clear,Low
5.2,43.8,7.45,13.53,17,Clear,Low
12.48,43.1,9.66,12.25,3,Cloudy,Medium
-0.54,76.1,9.52,7.76,8,Clear,Medium
3.46,72.5,12.68,19.09,11,Rain,Low
22.74,87.5,8.29,15.32,14,Clear,Low
22.79,35.6,7.6,15.01,12,Rain,Low
2.41,77.7,12.74,15.33,18,Rain,Medium
23.11,82.8,11.94,26.38,15,Clear,Low
20.45,81.9,8.36,2.78,17,Cloudy,Medium
33.12,57.7,9.88,8.21,1,Clear,Low
21.83,74.3,7.57,8.97,22,Heavy Rain,Medium
27.7,51.0,5.51,23.32,10,Clear,Low
20.72,59.7,15.0,8.64,10,Snow,Low
26.76,46.2,7.37,4.87,18,Snow,Medium
-0.45,51.3,9.88,11.05,9,Cloudy,Medium
13.54,60.7,4.45,12.94,18,Fog,High
14.53,56.2,11.21,22.77,19,Cloudy,Low
12.08,51.3,5.38,8.58,13,Clear,Low
20.33,41.6,14.03,5.81,13,Clear,Low
22.61,100.0,14.39,3.81,20,Rain,Medium
19.71,56.0,10.7,8.9,17,Cloudy,Medium
12.88,70.9,9.34,35.07,18,Thunderstorm,High
6.17,33.3,8.44,15.44,16,Snow,High
28.17,89.4,8.86,17.38,19,Cloudy,Low
19.2,68.0,10.23,12.0,18,Cloudy,Low
2.78,57.0,9.27,13.24,19,Clear,Medium
12.68,57.2,11.95,19.08,9,Clear,Low
-5.92,80.6,6.25,17.06,17,Clear,Low
15.42,11.8,13.58,15.14,12,Cloudy,Low
12.62,50.2,7.73,12.15,20,Clear,Low
8.11,62.9,6.76,8.83,11,Fog,Medium
34.02,62.6,10.09,15.82,2,Thunderstorm,High
1.13,100.0,10.28,12.75,19,Clear,Medium
23.48,58.9,3.79,31.19,12,Rain,Medium
41.24,82.8,7.56,21.46,0,Cloudy,Medium
27.93,97.6,2.48,5.93,19,Cloudy,High
14.62,77.1,6.97,1.47,1,Heavy Rain,High
1.39,52.9,7.1,8.42,2,Rain,Medium
-1.34,41.9,9.89,2.25,17,Rain,High
10.06,78.4,6.64,7.88,3,Clear,Low
6.76,94.6,7.35,3.27,6,Clear,Low
6.37,74.8,12.91,9.06,9,Snow,Medium
11.08,87.2,15.0,9.16,23,Thunderstorm,High
13.77,100.0,6.24,13.32,13,Cloudy,Low
20.82,80.1,12.06,10.14,23,Clear,Low
0.15,45.2,10.16,3.88,17,Cloudy,Medium
6.81,65.9,3.78,22.93,6,Cloudy,Low
13.08,89.7,6.63,15.63,13,Rain,Medium
12.65,60.5,0.1,7.1,8,Cloudy,High
37.04,92.1,9.97,4.02,5,Fog,Medium
17.79,63.8,5.77,1.21,12,Thunderstorm,Low
-4.36,71.0,9.4,1.86,20,Fog,Medium
20.02,58.7,15.0,21.43,18,Thunderstorm,High
21.55,67.9,13.78,20.47,6,Clear,Low
13.5,68.8,6.7,6.74,6,Clear,Low
0.44,36.0,5.97,24.3,20,Heavy Rain,Low
36.1,57.1,12.88,17.55,15,Cloudy,Low
2.16,42.8,5.99,13.83,11,Thunderstorm,High
22.93,57.7,11.97,19.76,19,Clear,Low
17.4,50.7,15.0,17.57,0,Clear,Low
22.21,83.2,11.03,13.38,18,Rain,Low
35.48,83.4,12.55,9.84,11,Cloudy,Low
21.74,75.1,12.2,11.04,11,Cloudy,Low
8.3,42.2,7.33,2.47,15,Cloudy,Low
28.27,63.2,9.87,4.79,5,Heavy Rain,Medium
7.43,40.8,6.13,28.2,21,Cloudy,Medium
16.96,62.3,12.87,4.55,2,Clear,Low
-0.52,76.7,5.74,4.66,13,Heavy Rain,Medium
2.6,82.9,11.1,20.14,11,Rain,Low
15.62,73.5,12.4,14.24,23,Cloudy,Low
19.42,87.7,7.53,14.74,15,Rain,Medium
-5.43,69.7,6.84,10.58,9,Cloudy,Medium
20.97,60.8,8.49,20.2,10,Clear,Low
5.17,80.7,6.32,25.77,5,Heavy Rain,Medium
30.36,81.3,9.47,7.31,1,Cloudy,Low
10.78,55.6,6.25,17.7,10,Thunderstorm,Medium
1.52,71.8,6.47,22.07,0,Thunderstorm,High
15.91,59.7,10.64,6.8,15,Clear,Low
4.01,28.8,10.85,25.59,21,Clear,Low
30.23,72.9,8.12,22.04,2,Heavy Rain,High
15.01,41.7,4.06,0.82,23,Heavy Rain,High
13.18,70.9,12.51,26.35,2,Clear,Low
22.1,37.4,7.65,1.29,11,Cloudy,Low
2.94,52.0,15.0,5.81,14,Clear,Low
-0.47,57.2,8.6,18.15,15,Clear,Low
19.9,86.6,9.41,21.37,9,Cloudy,Medium
1.8,55.4,7.7,12.89,1,Clear,Low
1.8,45.7,9.73,6.33,18,Clear,Medium
25.04,71.6,15.0,9.66,11,Cloudy,Low
21.3,61.1,7.95,8.59,6,Clear,Low
-0.05,79.2,12.83,19.57,10,Cloudy,Medium
7.57,46.8,9.27,8.35,10,Rain,Low
4.16,68.8,12.52,6.13,14,Heavy Rain,Medium
36.32,100.0,3.2,1.3,12,Cloudy,Low
25.87,60.7,14.83,6.65,14,Rain,Low
9.95,68.4,10.02,10.93,22,Cloudy,Low
21.91,35.1,8.2,1.83,22,Fog,Medium
-1.27,49.6,11.71,3.7,0,Clear,Medium
6.93,73.3,9.43,20.82,15,Clear,Low
16.26,59.1,5.56,3.0,5,Clear,Low
20.43,76.1,1.73,0.22,1,Clear,Medium
13.83,72.6,14.48,26.13,2,Rain,Medium
17.98,41.3,8.33,19.64,15,Thunderstorm,Medium
15.94,83.3,7.16,21.23,23,Rain,Medium
13.04,42.6,7.39,16.55,18,Clear,Low
11.45,51.2,13.39,23.8,3,Snow,High
9.88,69.1,7.53,19.95,5,Cloudy,Low
17.78,93.2,10.93,8.9,19,Rain,High
19.93,46.9,8.0,2.41,14,Cloudy,Low
17.38,67.7,5.24,0.45,12,Cloudy,Low
0.86,67.8,11.7,10.74,4,Clear,Medium
3.01,76.8,12.31,2.1,18,Fog,High
19.79,86.3,6.96,4.82,20,Clear,Low
32.66,57.7,8.89,10.63,7,Rain,Medium
16.83,83.2,9.29,24.58,23,Clear,Low
10.06,88.9,10.34,1.6,11,Cloudy,Low
17.69,97.1,14.91,12.27,0,Heavy Rain,Medium
1.36,74.0,8.03,0.74,23,Rain,Medium
30.71,67.8,8.01,6.99,4,Clear,Medium
17.24,56.5,8.47,20.37,2,Rain,Medium
6.97,38.7,6.17,4.36,10,Heavy Rain,Medium
13.0,60.0,3.83,9.63,14,Clear,Low
8.68,67.0,9.4,13.27,15,Clear,Low
30.74,63.0,10.58,18.31,22,Cloudy,Low
12.57,75.8,9.01,7.07,11,Cloudy,Low
16.86,38.8,8.81,23.35,3,Clear,Low
21.88,61.7,6.3,7.99,10,Rain,Low
6.11,100.0,9.76,16.36,20,Rain,Low
17.32,82.9,9.51,10.29,0,Clear,Medium
18.29,76.1,10.42,18.67,6,Clear,Low
-3.65,72.0,9.97,30.25,16,Clear,Medium
18.03,58.4,10.18,9.5,4,Clear,Low
14.45,33.4,12.96,11.86,11,Fog,Low
16.56,73.2,10.72,8.11,3,Clear,Low
15.43,20.9,10.44,6.73,3,Clear,Low
18.11,59.1,3.77,5.71,17,Heavy Rain,High
31.05,64.9,12.16,11.83,18,Cloudy,Low
0.85,57.0,8.11,5.01,0,Snow,High
10.89,100.0,9.24,5.28,12,Cloudy,Low
23.0,97.8,5.18,16.49,10,Fog,Low
20.77,83.6,15.0,24.46,8,Cloudy,Low
20.51,48.3,1.58,26.79,16,Rain,High
45.0,99.6,13.46,17.84,15,Clear,Low
22.37,76.1,10.28,4.14,3,Cloudy,Medium
28.57,48.0,3.28,0.63,23,Clear,Medium
11.32,65.6,15.0,2.08,5,Cloudy,Low
3.09,82.3,10.54,17.75,13,Cloudy,Low
11.23,54.2,1.93,23.39,3,Clear,Medium
23.54,67.5,7.73,13.49,14,Clear,Low
19.88,70.7,10.6,19.72,0,Cloudy,Medium
19.84,45.2,14.14,16.0,6,Rain,Low
12.43,60.1,7.77,5.06,10,Rain,Low
10.51,46.5,1.06,21.09,2,Rain,Medium
12.84,80.6,13.38,20.51,11,Cloudy,Low
23.69,48.7,10.49,3.09,13,Cloudy,Low
25.09,70.3,2.3,19.26,22,Rain,High
2.93,40.0,10.03,10.67,8,Clear,Medium
24.15,44.6,10.35,9.65,17,Rain,Medium
7.19,43.7,8.03,15.52,6,Clear,Medium
20.63,59.8,6.52,15.24,23,Cloudy,Low
12.7,68.2,7.17,20.0,23,Rain,Medium
33.79,71.6,8.02,4.36,18,Clear,Low
9.98,33.1,10.06,17.09,5,Fog,Low
17.14,62.0,11.37,1.56,23,Clear,Low
22.28,51.5,2.56,10.39,9,Clear,Medium
4.51,74.6,9.77,10.99,5,Rain,Medium
14.13,60.2,10.46,20.73,9,Snow,High
11.8,63.5,9.51,12.08,4,Clear,Low
8.83,51.6,7.79,9.64,8,Clear,Low
9.72,96.0,13.26,24.83,9,Cloudy,Medium
28.34,41.9,13.03,8.14,23,Cloudy,Low
7.82,57.8,7.9,7.76,11,Cloudy,Low
21.8,66.9,8.75,4.89,17,Snow,High
18.78,60.5,11.32,10.05,19,Clear,Low
-1.76,51.2,12.85,3.54,22,Clear,Low
21.23,32.4,6.55,9.74,12,Rain,Low
-1.96,52.6,5.86,14.16,14,Cloudy,High
22.54,47.7,9.82,2.23,22,Cloudy,Low
8.91,95.2,5.63,4.59,16,Heavy Rain,High
15.1,100.0,3.17,2.4,6,Snow,Medium
-0.53,64.1,6.54,7.41,14,Clear,Medium
16.47,39.7,10.25,3.5,13,Snow,High
26.12,78.3,13.66,31.3,14,Cloudy,Low
5.32,47.3,6.87,25.54,15,Snow,Medium
7.71,55.1,8.63,24.08,10,Cloudy,Low
20.46,53.7,9.47,0.35,3,Fog,Medium
20.76,56.0,7.05,10.4,8,Snow,High
-14.21,58.6,6.82,1.17,18,Cloudy,Medium
39.18,41.4,10.0,28.59,23,Rain,Medium
21.34,52.4,5.41,19.48,15,Cloudy,Low
23.36,83.4,6.7,2.53,18,Cloudy,Low
13.28,64.4,8.39,15.33,4,Clear,Low
-7.26,67.3,9.97,1.34,18,Clear,Medium
23.1,24.8,4.45,10.77,9,Cloudy,High
8.22,82.1,8.61,10.42,16,Cloudy,Medium
21.53,52.7,5.13,18.66,15,Cloudy,Low
12.37,85.2,6.95,20.89,18,Cloudy,Low
17.86,67.8,11.37,12.18,17,Clear,Low
5.7,54.9,8.78,9.98,15,Snow,Medium
25.37,34.8,14.01,17.12,10,Rain,Low
0.74,100.0,8.78,26.06,19,Snow,High
41.95,79.5,11.9,6.08,17,Fog,High
41.86,80.5,11.38,12.92,3,Snow,Medium
34.59,97.7,8.96,32.33,6,Rain,Medium
30.31,69.0,5.05,1.25,6,Cloudy,Low
13.99,89.3,8.68,12.19,7,Rain,Medium
29.0,56.4,7.4,16.47,16,Clear,Low
13.85,78.3,7.29,21.83,0,Fog,High
-3.64,53.7,9.47,12.01,6,Rain,Medium
33.04,55.9,4.65,22.58,11,Rain,Medium
28.55,66.7,6.38,8.26,4,Rain,Medium
14.62,42.2,5.96,16.89,4,Rain,Medium
0.3,70.9,8.24,15.73,10,Rain,Medium
7.97,59.4,6.7,11.18,14,Clear,Low
-6.85,29.2,6.89,14.91,8,Cloudy,Medium
26.34,56.8,9.41,4.13,23,Thunderstorm,High
-4.24,58.8,7.66,9.31,10,Heavy Rain,Medium
18.44,80.4,9.01,0.42,23,Clear,Medium
4.88,70.1,5.65,8.03,13,Cloudy,Low
-2.12,91.1,6.51,22.24,8,Cloudy,Medium
17.86,74.4,15.0,15.78,2,Thunderstorm,High
10.99,55.0,6.91,14.77,17,Thunderstorm,High
25.06,63.9,2.68,2.39,12,Clear,Medium
-0.21,58.7,10.03,14.88,23,Clear,Medium
5.91,73.8,6.88,11.44,23,Clear,Low
-13.65,66.1,9.73,16.84,12,Clear,High
-11.21,53.7,8.73,24.45,5,Cloudy,Low
36.58,65.2,10.65,8.32,8,Rain,Medium
40.0,73.3,8.7,9.16,1,Snow,High
16.11,46.9,8.32,20.26,3,Clear,Low
5.11,70.7,12.44,6.57,9,Clear,Low
11.42,36.6,2.35,12.79,4,Rain,High
25.48,84.9,5.02,5.97,20,Cloudy,Low
8.83,74.5,6.52,9.23,20,Clear,Low
17.85,94.3,3.92,23.75,4,Clear,Medium
14.85,44.9,7.56,15.02,6,Rain,Medium
8.17,85.4,7.27,20.09,19,Clear,Medium
8.69,81.8,11.92,20.61,6,Rain,Medium
18.52,61.7,8.74,24.14,6,Fog,Low
3.28,58.2,8.36,8.88,17,Clear,Medium
20.42,45.5,7.86,20.48,9,Rain,Medium
9.34,40.8,5.84,32.23,20,Heavy Rain,Medium
16.53,51.5,11.67,11.76,12,Rain,Medium
31.61,42.4,12.63,0.12,5,Cloudy,Low
12.98,93.7,5.36,6.65,3,Clear,Low
26.04,38.0,13.86,16.22,16,Heavy Rain,High
-6.5,67.7,6.99,2.96,10,Cloudy,Low
9.36,72.8,6.74,5.14,10,Heavy Rain,Medium
15.33,71.4,10.42,9.03,16,Snow,High
38.08,73.0,10.69,12.99,6,Snow,Low
-8.52,82.0,8.79,28.17,23,Snow,High
13.85,57.0,7.96,18.19,12,Fog,Medium
32.48,66.6,12.52,1.98,20,Fog,Low
5.58,59.7,7.13,46.81,18,Cloudy,Medium
12.45,88.4,8.79,11.85,14,Clear,Low
18.98,100.0,14.08,3.12,2,Clear,Low
17.21,43.5,4.99,2.65,17,Cloudy,Medium
33.79,28.4,7.62,2.71,1,Clear,Low
20.38,75.2,12.08,0.13,17,Snow,Medium
30.93,84.3,10.58,16.62,21,Snow,Medium
10.68,100.0,11.68,12.0,12,Cloudy,Low
6.11,78.3,5.03,20.84,23,Heavy Rain,High
12.29,90.1,9.96,19.33,15,Rain,Medium
1.09,94.9,8.14,7.89,12,Cloudy,Low
20.8,91.4,15.0,20.24,12,Snow,Low
10.37,80.9,11.43,2.17,3,Heavy Rain,Medium
6.94,41.9,8.93,4.42,1,Heavy Rain,Medium
20.98,64.8,9.86,16.95,1,Cloudy,Medium
1.28,70.4,9.16,10.11,21,Cloudy,Low
24.25,63.2,11.1,6.37,3,Cloudy,Low
9.26,64.3,6.43,10.98,15,Rain,Medium
28.91,93.2,13.1,23.87,6,Fog,Medium
10.29,51.4,5.03,23.52,9,Rain,Medium
22.58,79.4,9.62,15.84,16,Heavy Rain,High
17.15,70.7,6.53,8.8,20,Clear,Low
23.93,49.6,9.13,16.69,2,Cloudy,Medium
16.32,45.6,11.96,4.24,12,Heavy Rain,High
-4.96,34.4,3.86,22.52,3,Snow,High
27.11,73.7,8.49,20.55,4,Cloudy,Medium
13.95,63.9,4.68,29.38,17,Clear,Low
24.47,50.1,8.16,4.78,0,Fog,Medium
23.28,31.2,4.67,3.66,6,Clear,Low
5.72,72.8,9.49,16.96,13,Cloudy,Low
4.02,61.9,7.72,9.54,5,Cloudy,Low
22.86,52.2,11.24,20.99,9,Thunderstorm,High
11.36,47.6,12.69,23.86,13,Clear,Low
26.24,60.7,9.03,27.33,21,Rain,Medium
12.86,73.5,11.68,12.53,1,Clear,Medium
27.28,59.1,13.15,19.92,12,Cloudy,Low
20.08,43.6,6.23,7.35,15,Cloudy,Low
18.46,64.0,13.3,13.95,11,Cloudy,Low
10.51,83.8,8.89,11.52,0,Fog,High
17.79,65.7,6.06,11.04,18,Rain,Medium
29.31,66.2,9.9,28.42,5,Fog,Medium
14.35,59.1,8.78,0.08,2,Heavy Rain,Medium
21.37,49.0,4.78,11.96,10,Cloudy,Low
15.56,48.4,5.7,12.48,4,Clear,Low
16.5,35.1,13.91,17.79,15,Clear,Low
35.68,86.3,9.84,2.13,12,Cloudy,Low
29.42,73.3,13.45,9.31,4,Clear,Low
15.95,66.5,7.75,6.64,22,Clear,Low
17.57,70.3,6.6,8.27,21,Clear,Low
6.58,71.1,3.95,22.46,7,Cloudy,Medium
12.92,51.8,11.9,1.23,22,Clear,Low
18.71,59.1,10.23,2.43,7,Clear,Low
25.21,56.5,7.78,20.53,11,Cloudy,Low
23.99,100.0,6.62,8.99,13,Clear,Low
1.69,83.4,12.38,9.3,6,Clear,Low
26.72,68.0,8.47,9.47,14,Heavy Rain,Medium
13.93,89.6,8.5,21.67,2,Fog,Medium
3.16,87.3,7.2,7.03,14,Cloudy,Low
31.04,40.2,7.78,17.36,22,Cloudy,Low
32.56,61.0,10.65,1.73,7,Clear,Medium
18.16,64.7,4.75,14.97,3,Cloudy,High
23.51,76.0,9.24,20.12,13,Clear,Low
24.21,61.0,11.87,24.65,7,Cloudy,Medium
31.75,63.2,8.75,1.94,17,Cloudy,Medium
23.74,56.7,12.16,9.33,7,Clear,Low
-0.93,83.9,13.02,26.39,1,Snow,High
39.12,39.0,11.71,20.3,6,Cloudy,Low
27.79,57.3,7.39,10.21,19,Clear,Low
8.89,31.8,8.89,12.03,0,Heavy Rain,Medium
2.64,46.5,10.04,14.67,21,Clear,Medium
21.06,70.7,7.59,8.64,4,Clear,Low
11.66,71.1,7.49,16.92,6,Cloudy,Medium
18.96,59.4,7.31,16.41,17,Heavy Rain,High
23.92,85.2,15.0,1.97,22,Thunderstorm,Medium
8.2,89.4,8.19,7.59,4,Rain,Medium
1.61,63.8,12.21,7.91,21,Fog,Medium
19.63,69.5,6.39,9.7,18,Cloudy,Low
8.6,56.9,14.11,14.43,0,Clear,Low
16.75,76.3,7.86,13.62,9,Cloudy,Medium
-1.12,43.5,9.16,5.52,6,Rain,Medium
11.97,97.3,3.5,24.06,1,Clear,Low
23.58,85.5,12.35,12.05,22,Cloudy,Low
22.27,43.4,13.0,25.17,19,Clear,Medium
5.54,50.8,5.44,24.96,20,Cloudy,Low
0.98,72.6,12.52,2.47,15,Cloudy,Low
15.19,58.9,4.99,7.59,17,Rain,Medium
21.73,74.8,10.9,8.24,14,Cloudy,Low
19.86,58.5,8.14,14.82,1,Clear,Low
8.85,92.4,13.01,18.54,3,Cloudy,Low
18.57,65.1,9.75,13.32,21,Clear,Low
33.03,100.0,11.79,7.04,14,Clear,Low
17.46,75.8,12.71,26.86,7,Rain,Medium
-4.6,40.7,8.13,8.05,19,Rain,High
17.44,100.0,8.91,18.68,12,Cloudy,Low
39.53,84.8,5.67,11.67,23,Clear,Medium
-0.45,71.8,8.1,11.41,11,Fog,Medium
15.36,76.6,14.78,18.06,16,Snow,Medium
12.28,43.6,11.27,25.89,23,Snow,High
16.15,32.5,5.87,14.74,10,Clear,Low
17.33,64.2,13.89,7.6,22,Clear,Low
28.68,89.8,10.17,25.32,19,Cloudy,Medium
16.02,72.1,11.49,16.44,0,Clear,Low
30.33,95.8,10.47,13.53,1,Cloudy,Low
13.59,88.8,10.26,21.25,2,Rain,High
10.8,65.4,3.01,14.9,10,Fog,Medium
6.97,86.3,12.32,34.11,19,Rain,High
-6.81,92.4,2.24,12.02,17,Clear,High
18.31,63.6,12.05,22.35,17,Clear,Low
39.65,61.2,9.3,15.98,8,Clear,Medium
20.5,67.5,11.51,15.95,1,Clear,Low
23.24,21.6,9.48,8.74,1,Clear,Medium
10.04,70.0,12.13,8.79,3,Clear,Low
12.07,78.0,9.05,16.47,2,Clear,Medium
26.82,67.6,9.84,4.19,22,Clear,Low
39.1,71.2,10.21,6.82,4,Fog,High
32.86,64.2,14.64,12.14,7,Cloudy,Medium
24.66,29.1,10.8,23.16,19,Snow,Medium
15.42,94.9,5.05,12.72,4,Rain,Medium
17.52,58.4,7.31,12.58,17,Cloudy,Medium
5.96,53.9,10.79,2.47,11,Cloudy,Low
-2.38,89.4,12.78,27.26,18,Rain,High
1.48,82.6,6.83,21.96,7,Cloudy,Medium
15.6,69.9,15.0,22.98,21,Cloudy,Low
11.5,78.8,9.53,1.07,17,Clear,Low
-2.63,44.2,10.26,15.16,7,Heavy Rain,High
14.55,63.5,5.24,3.56,15,Cloudy,Low
11.18,88.3,12.35,18.94,17,Clear,Low
0.93,52.8,7.66,14.9,23,Heavy Rain,High
10.56,47.0,6.76,16.67,8,Clear,Medium
11.15,66.4,8.05,5.55,23,Thunderstorm,High
7.6,66.8,13.15,2.64,18,Rain,Low
26.12,76.7,10.4,6.23,10,Heavy Rain,High
-7.83,40.2,6.33,14.77,16,Clear,High
-8.83,19.1,7.41,9.82,13,Cloudy,Low
15.04,81.6,13.23,14.28,23,Clear,Low
16.15,45.5,8.29,2.78,1,Cloudy,Medium
19.85,54.0,10.68,11.94,18,Rain,Medium
8.53,25.7,11.42,24.56,19,Clear,Medium
3.98,83.4,0.1,14.99,0,Rain,High
14.91,71.3,12.79,15.55,12,Cloudy,Low
9.7,70.6,6.44,15.63,16,Fog,High
33.61,70.5,7.92,7.39,20,Cloudy,Low
11.11,27.9,13.62,26.69,2,Clear,Low
14.36,47.3,13.34,15.21,6,Snow,Medium
44.71,56.9,10.48,13.59,13,Cloudy,Low
12.66,51.5,11.19,18.18,15,Clear,Low
21.67,60.1,11.93,20.47,3,Cloudy,Low
22.76,69.4,13.29,0.79,19,Cloudy,Medium
23.78,83.1,13.67,12.51,11,Clear,Low
18.47,38.4,9.32,32.12,9,Heavy Rain,High
17.33,64.8,6.79,26.9,19,Snow,High
16.2,77.8,8.23,11.04,12,Cloudy,Low
8.09,48.4,9.38,18.55,6,Clear,Low
18.91,61.5,8.84,9.06,10,Clear,Low
39.34,73.4,5.96,15.18,3,Cloudy,High
29.53,65.2,10.31,7.88,20,Clear,Low
18.65,77.1,4.3,7.72,7,Cloudy,Medium
25.27,66.7,9.26,6.67,8,Cloudy,Medium
4.57,59.4,9.45,27.14,4,Rain,Medium
11.87,43.9,9.35,7.68,8,Clear,Low
26.37,69.4,11.55,22.28,4,Rain,Low
32.85,66.8,11.16,8.12,1,Clear,Low
5.75,47.1,15.0,7.08,16,Cloudy,Low
9.2,75.5,7.45,15.5,9,Rain,Medium
41.18,87.8,9.84,0.31,16,Clear,Medium
16.16,53.1,9.65,17.98,5,Snow,Low
36.88,51.9,9.5,10.77,12,Heavy Rain,Low
17.48,51.2,5.21,7.04,5,Fog,Medium
17.95,34.8,5.45,5.11,6,Cloudy,Low
11.33,100.0,9.02,29.74,23,Fog,High
26.31,56.9,4.27,11.69,12,Cloudy,Low
31.29,49.5,8.0,11.31,0,Clear,Low
2.58,44.7,7.06,19.86,22,Rain,Medium
10.77,58.0,8.11,4.43,19,Fog,High
25.98,52.5,12.4,22.21,9,Fog,High
13.45,90.9,5.76,11.68,5,Clear,Low
9.08,42.5,11.61,0.45,10,Clear,Low
27.11,37.3,7.29,7.23,18,Cloudy,Medium
28.24,74.9,7.66,2.14,11,Fog,Low
9.6,63.1,10.4,12.73,4,Thunderstorm,High
17.55,61.0,8.18,4.86,4,Clear,Low
0.5,75.1,6.32,3.87,23,Clear,Low
4.25,67.5,7.89,14.63,5,Rain,Low
16.49,64.2,3.67,12.4,13,Clear,Low
15.38,39.7,10.14,22.88,16,Clear,Medium
3.4,35.0,0.1,22.48,3,Rain,High
6.41,52.4,11.66,12.55,3,Clear,Low
2.22,45.5,10.85,16.5,7,Heavy Rain,High
20.46,69.8,13.8,0.67,14,Fog,Medium
-8.61,32.6,15.0,18.26,20,Clear,Medium
2.86,57.0,11.81,15.7,9,Cloudy,Medium
-7.36,61.9,7.12,20.59,6,Rain,Low
20.03,64.3,15.0,9.24,7,Cloudy,Low
-6.63,72.2,5.42,9.32,18,Fog,High
15.38,59.1,3.29,9.38,13,Clear,Low
34.67,53.0,14.56,24.91,14,Thunderstorm,Low
35.08,87.4,10.8,14.55,5,Cloudy,Low
-6.67,59.2,3.37,1.46,15,Clear,Low
18.58,90.5,4.93,17.8,7,Rain,High
3.13,59.1,10.65,7.83,21,Rain,Low
0.68,64.7,6.39,21.76,12,Clear,Medium
13.64,62.5,6.82,16.85,3,Snow,High
29.74,69.2,14.9,23.16,15,Clear,Low
22.2,57.4,15.0,21.35,0,Clear,Medium
6.42,66.7,9.44,20.44,20,Rain,Medium
23.46,92.6,8.55,22.21,9,Heavy Rain,High
-11.92,83.9,11.71,19.34,19,Rain,High
5.96,84.0,7.32,5.76,22,Rain,Medium
5.11,40.8,2.31,1.71,11,Cloudy,Low
15.94,43.8,0.72,4.53,2,Cloudy,Medium
12.57,68.9,8.78,18.58,1,Cloudy,Low
13.3,78.9,11.65,8.01,7,Clear,Low
12.9,55.7,9.05,11.86,4,Cloudy,Medium
15.27,52.4,11.43,9.61,17,Snow,High
21.48,90.1,11.73,23.01,0,Cloudy,Medium
16.79,77.3,13.16,10.95,17,Heavy Rain,Low
11.59,84.0,9.56,8.68,4,Rain,Medium
19.82,57.1,9.83,23.84,3,Clear,Medium
24.91,55.6,8.89,11.17,0,Clear,Low
8.33,82.1,8.22,9.72,19,Clear,Low
14.29,60.3,4.28,7.6,17,Cloudy,Medium
28.94,54.0,12.52,14.57,21,Clear,Low
1.77,48.6,7.85,9.02,13,Clear,Low
36.66,55.8,7.68,9.05,14,Snow,Medium
-1.07,80.8,7.38,25.05,0,Cloudy,High
10.86,37.8,4.98,12.44,0,Cloudy,Medium
3.6,76.3,8.74,7.97,14,Clear,Low
41.26,52.3,10.55,3.04,12,Cloudy,Low
8.96,61.2,6.88,13.79,19,Clear,Medium
8.99,62.4,12.11,6.96,13,Clear,Low
10.55,61.0,7.89,8.69,0,Snow,High
16.15,59.8,4.4,4.34,15,Cloudy,Medium
11.06,57.0,13.12,13.77,3,Snow,High
13.41,54.7,9.6,0.27,21,Heavy Rain,Medium
-20.0,88.8,11.59,15.7,11,Clear,Medium
15.69,65.5,11.66,7.08,10,Rain,High
15.21,62.7,6.16,18.45,1,Clear,Low
27.46,53.4,7.43,16.37,7,Clear,Low
30.71,57.7,12.1,12.94,0,Clear,Medium
12.75,53.5,14.51,19.62,2,Snow,Medium
24.79,78.8,9.19,26.01,13,Cloudy,Medium
1.78,51.4,7.12,23.42,11,Heavy Rain,Medium
24.21,24.6,14.05,0.2,13,Rain,Low
8.13,66.0,7.12,6.55,19,Clear,Low
0.78,60.0,9.99,7.65,19,Rain,Medium
12.77,54.5,7.72,17.75,21,Clear,Low
31.81,81.4,9.81,7.3,1,Clear,Low
17.17,15.8,6.16,6.95,1,Cloudy,Low
32.96,93.4,7.88,5.39,21,Clear,Medium
6.02,84.0,7.12,14.69,20,Rain,Low
27.57,53.7,10.99,17.71,0,Rain,Medium
7.17,56.9,9.49,1.1,0,Rain,Medium
17.7,74.1,11.64,7.37,7,Fog,Medium
17.6,74.6,6.52,5.06,13,Cloudy,Low
22.94,53.6,8.37,9.53,1,Cloudy,Low
18.01,35.9,10.88,16.36,10,Cloudy,Low
6.13,100.0,11.58,14.84,5,Clear,Low
25.56,82.2,4.66,13.55,22,Snow,High
35.78,67.8,9.95,26.28,19,Cloudy,Medium
7.99,68.2,6.56,3.08,12,Rain,Medium
-7.02,76.2,11.73,6.72,3,Clear,Medium
20.99,78.3,14.58,1.89,6,Snow,Medium
11.03,27.4,1.16,7.08,4,Cloudy,High
13.43,58.7,7.03,6.48,20,Clear,Low
21.67,56.8,9.79,17.25,14,Cloudy,Low
9.52,62.1,8.99,14.67,8,Cloudy,Medium
11.77,78.9,11.82,21.25,0,Cloudy,Medium
13.8,32.8,9.24,15.34,19,Clear,Medium
32.64,40.7,7.41,8.36,14,Cloudy,Low
15.36,52.7,5.94,7.27,5,Clear,Low
0.17,67.8,5.43,15.94,21,Clear,Medium
0.65,80.0,6.77,1.77,18,Rain,High
16.67,94.4,7.3,16.6,1,Cloudy,Medium
1.45,59.8,10.15,15.51,0,Cloudy,Medium
-3.75,79.9,8.53,14.11,0,Thunderstorm,High
22.63,77.8,7.05,26.12,6,Clear,Low
23.21,74.8,5.97,18.27,9,Rain,Medium
10.58,64.6,6.89,14.78,22,Rain,Low
18.52,57.8,7.31,9.19,20,Cloudy,Low
17.26,45.8,6.76,4.7,23,Clear,Medium
22.23,44.6,11.02,9.48,22,Cloudy,Low
22.26,71.2,13.1,20.6,0,Cloudy,Low
-16.27,64.0,5.47,16.17,19,Clear,Low
12.11,57.5,12.36,20.41,22,Clear,Low
21.21,77.0,11.08,12.96,15,Cloudy,Low
10.07,61.4,9.54,3.9,23,Cloudy,Medium
15.43,48.6,13.58,22.45,10,Clear,Low
24.01,60.2,8.49,21.63,18,Clear,Low
15.97,79.8,10.21,13.67,18,Rain,Medium
33.1,46.6,9.37,17.0,5,Rain,Low
28.52,68.8,9.15,16.51,18,Heavy Rain,Medium
13.58,64.0,10.38,7.78,11,Cloudy,Medium
12.62,51.3,9.14,9.66,4,Clear,Low
-19.2,59.7,10.4,3.81,2,Clear,Medium
11.08,36.7,6.99,9.63,17,Rain,Low
-1.24,67.0,7.08,21.28,19,Clear,Medium
17.65,40.4,6.98,19.57,19,Rain,Medium
16.83,84.3,7.91,17.03,23,Rain,Medium
23.35,63.3,12.04,20.63,21,Cloudy,Low
31.76,54.7,7.61,8.71,4,Clear,Low
14.68,85.9,10.96,1.44,17,Clear,Medium
42.36,46.4,9.8,10.59,5,Rain,High
17.79,51.5,7.68,11.3,17,Clear,Medium
-0.72,32.1,12.93,18.08,10,Clear,Medium
8.26,88.6,11.21,16.6,21,Clear,Low
10.53,98.7,9.01,21.1,2,Rain,High
22.11,34.9,8.76,6.13,4,Thunderstorm,Medium
3.63,50.3,9.28,4.82,14,Cloudy,Low
11.42,66.3,4.41,11.18,13,Cloudy,Low
13.07,55.7,6.53,16.31,20,Cloudy,Low
9.62,64.4,10.39,30.85,21,Cloudy,Low
24.74,62.9,4.25,3.2,6,Clear,Low
22.7,72.3,6.76,5.61,15,Thunderstorm,Medium
29.0,47.7,7.82,8.19,18,Fog,Low
11.03,68.5,15.0,5.29,22,Rain,Low
29.43,44.9,11.02,4.01,8,Clear,Medium
-1.37,57.6,12.29,12.41,1,Cloudy,Medium
-1.66,33.7,6.58,20.85,8,Clear,Medium
0.43,57.7,10.09,13.07,5,Rain,Medium
15.11,54.7,3.72,4.26,1,Cloudy,Low
29.43,82.0,8.01,10.23,5,Cloudy,Low
7.77,63.9,10.52,2.65,4,Fog,Medium
9.28,67.2,4.75,20.85,1,Fog,High
12.41,64.6,10.18,25.24,18,Clear,Low
21.87,26.7,10.43,2.36,14,Rain,Low
9.27,29.1,7.19,14.06,3,Snow,High
8.6,59.3,6.5,5.0,9,Thunderstorm,High
-1.14,70.0,6.85,12.57,20,Heavy Rain,High
8.14,60.8,7.96,11.23,5,Clear,Low
29.13,49.4,8.05,0.07,5,Rain,Low
16.09,60.7,10.53,22.88,17,Cloudy,Low
6.12,59.1,7.4,10.63,9,Clear,Low
29.83,79.0,13.81,7.77,16,Fog,Medium
7.98,78.0,13.78,13.05,4,Rain,Medium
32.04,55.0,9.71,4.16,0,Fog,High
31.84,64.1,7.97,10.35,12,Clear,Low
15.67,70.0,7.4,4.54,10,Heavy Rain,High
-2.98,72.6,9.95,9.21,20,Rain,High
42.47,94.7,10.48,3.27,17,Clear,Low
19.65,64.5,8.4,7.21,8,Snow,Medium
11.11,86.0,7.82,3.81,2,Heavy Rain,High
26.47,44.1,10.06,7.52,13,Cloudy,Low
23.43,53.5,9.21,7.2,19,Thunderstorm,High
30.73,26.6,7.28,11.45,7,Heavy Rain,Medium
7.05,67.7,9.34,17.53,14,Cloudy,Low
18.82,76.7,7.18,27.41,0,Clear,Low
0.77,19.0,6.75,15.85,17,Rain,High
23.0,68.4,8.99,3.14,20,Cloudy,Low
14.72,75.9,7.28,18.0,6,Cloudy,Low
18.37,74.9,6.8,24.61,16,Clear,Medium
13.24,43.5,12.14,1.92,17,Snow,Medium
11.99,78.9,7.82,2.42,5,Heavy Rain,Medium
4.58,65.2,14.53,0.79,4,Heavy Rain,High
24.49,75.6,10.88,6.92,9,Heavy Rain,High
32.88,62.7,6.54,15.36,20,Clear,Low
8.32,71.9,12.48,25.35,8,Cloudy,Low
21.64,85.0,6.85,20.03,4,Heavy Rain,High
20.19,61.3,14.92,15.47,6,Rain,Medium
15.1,70.1,9.68,12.41,6,Cloudy,Low
-3.32,87.5,10.63,15.52,12,Cloudy,Medium
-0.62,62.6,9.09,16.05,16,Rain,High
5.63,44.7,9.8,23.73,6,Clear,Low
-10.67,77.2,8.31,11.81,8,Clear,Medium
31.9,90.8,6.22,14.36,11,Cloudy,Low
19.41,88.2,10.02,8.32,7,Cloudy,Low
14.64,77.9,12.07,13.02,10,Cloudy,Low
-11.28,22.8,5.43,9.69,1,Rain,High
-6.89,53.6,13.62,1.29,9,Fog,High
14.97,54.5,10.8,19.86,19,Clear,Low
38.65,65.8,7.69,25.39,10,Cloudy,Low
6.62,95.4,7.64,11.66,11,Fog,High
25.37,45.6,14.59,14.99,14,Thunderstorm,Medium
9.24,100.0,11.82,19.75,9,Cloudy,Low
15.66,58.1,12.42,10.71,10,Heavy Rain,Low
29.58,51.2,8.25,13.71,5,Clear,Low
10.85,80.2,10.67,10.05,18,Heavy Rain,High
6.72,81.6,10.05,7.05,13,Thunderstorm,Low
32.02,76.7,8.48,16.69,0,Cloudy,Medium
15.55,51.1,9.33,16.61,13,Clear,Low
28.09,74.0,12.33,20.3,8,Clear,Low
6.78,46.4,13.8,11.97,0,Cloudy,Low
31.88,50.6,8.25,1.2,12,Cloudy,Low
18.28,63.3,5.06,21.97,2,Cloudy,Low
20.22,50.2,13.93,5.39,4,Cloudy,Low
16.58,83.9,13.97,5.23,14,Snow,Medium
8.93,54.6,10.2,7.21,12,Fog,Low
14.98,61.0,14.38,3.69,6,Cloudy,Low
9.69,49.2,9.98,10.04,20,Heavy Rain,Low
26.51,83.7,6.27,17.57,23,Cloudy,Medium
12.56,53.0,5.06,8.1,2,Rain,Medium
-2.96,85.6,5.03,24.04,5,Rain,Medium
-5.15,84.2,9.01,23.49,0,Snow,High
-5.72,57.0,7.6,20.0,3,Clear,Medium
22.42,65.5,7.26,5.41,8,Heavy Rain,Low
1.18,56.5,8.68,24.9,1,Clear,Medium
18.6,74.8,11.57,9.87,22,Rain,Low
16.64,61.5,7.36,27.11,16,Thunderstorm,High
14.22,57.5,6.85,6.56,1,Rain,Medium
20.26,65.8,7.56,10.74,6,Fog,Low
16.9,36.5,11.76,12.81,17,Snow,Medium
-17.52,63.6,8.79,3.61,6,Rain,High
11.12,76.7,9.84,2.58,11,Clear,Low
20.1,67.5,13.66,9.58,2,Clear,Low
34.68,82.1,15.0,38.58,20,Fog,High
35.24,58.2,10.92,3.02,1,Rain,Medium
-1.36,56.7,10.62,2.89,2,Cloudy,High
10.8,44.9,5.45,17.15,5,Clear,Low
-3.79,57.7,10.11,0.81,8,Clear,Medium
33.24,100.0,9.19,2.49,9,Rain,High
27.15,70.0,11.68,13.87,16,Clear,Low
19.21,54.5,7.82,14.63,15,Cloudy,Low
16.99,46.9,9.6,2.37,0,Snow,Medium
31.57,36.2,10.82,17.79,2,Cloudy,Medium
29.54,50.1,14.7,11.32,7,Cloudy,Medium
28.9,78.7,13.69,12.77,8,Clear,Low
20.48,57.3,12.8,7.92,18,Cloudy,Low
10.81,47.8,11.18,9.52,23,Rain,Medium
24.21,49.7,7.71,3.95,6,Clear,Low
24.79,76.7,11.18,4.8,16,Cloudy,Medium
12.71,63.5,6.68,2.15,6,Rain,Low
10.79,53.7,8.38,25.63,23,Snow,High
28.6,59.4,14.34,8.43,14,Cloudy,Low
34.97,100.0,10.61,8.38,1,Fog,High
6.01,87.0,9.68,14.33,2,Cloudy,Low
11.84,91.4,10.07,4.77,9,Clear,Low
19.21,33.5,8.72,11.6,10,Clear,Low
20.84,62.3,2.53,9.57,5,Fog,High
8.73,53.4,5.21,25.41,1,Clear,Low
37.6,74.8,10.85,8.55,22,Heavy Rain,Medium
20.07,84.1,6.24,19.34,16,Thunderstorm,Medium
21.38,70.9,8.68,18.39,21,Snow,Medium
36.11,49.3,5.32,0.3,6,Cloudy,Low
9.61,53.1,6.84,13.69,13,Clear,Low
13.94,76.2,8.99,5.18,15,Clear,Low
-0.04,78.0,11.77,1.12,7,Cloudy,High
12.93,67.5,12.37,1.16,15,Cloudy,Low
-2.87,67.3,6.8,19.39,13,Cloudy,Medium
23.97,65.9,9.92,35.79,20,Rain,Medium
20.04,69.8,4.72,4.75,20,Heavy Rain,High
11.68,77.9,9.17,13.94,22,Clear,Low
13.79,76.3,11.86,14.79,13,Cloudy,Low
24.14,65.4,8.8,7.23,1,Heavy Rain,High
1.37,64.1,12.95,24.67,18,Fog,High
17.45,63.4,11.51,31.77,9,Snow,Medium
23.39,51.0,9.72,6.62,16,Thunderstorm,High
-6.39,50.7,8.25,27.61,16,Heavy Rain,High
23.22,74.8,7.4,7.08,2,Thunderstorm,High
-5.09,52.2,4.63,3.27,4,Fog,High
13.59,79.7,5.11,10.75,18,Rain,Low
1.04,64.1,11.98,19.82,13,Rain,Medium
32.17,79.8,13.54,11.06,5,Clear,Low
1.11,76.5,5.76,18.64,20,Fog,Medium
-4.8,80.2,9.2,14.04,20,Rain,Low
16.6,56.4,4.28,24.18,5,Fog,Medium
10.04,72.4,6.07,16.78,7,Clear,Low
-3.06,78.3,9.78,25.77,4,Cloudy,High
21.31,37.1,7.44,4.28,13,Clear,Low
-8.9,95.6,3.25,10.17,18,Fog,High
2.57,100.0,14.16,11.99,6,Snow,High
8.1,82.1,8.85,4.32,0,Heavy Rain,Medium
24.63,79.5,5.69,2.94,0,Cloudy,Low
30.55,75.6,9.38,15.44,6,Clear,Low
28.23,59.2,8.76,17.99,18,Thunderstorm,High
13.16,63.0,10.27,13.01,8,Cloudy,Medium
-14.13,82.4,7.98,21.53,17,Clear,Low
19.69,47.5,9.94,2.07,21,Snow,Low
32.65,45.9,11.83,8.48,22,Clear,Low
29.81,57.8,5.05,1.38,7,Clear,Low
20.56,76.8,6.92,13.25,13,Cloudy,Low
0.73,49.4,11.52,16.39,17,Cloudy,Medium
8.7,60.9,7.35,24.08,4,Fog,Medium
38.21,63.1,8.75,1.4,16,Thunderstorm,High
-2.0,46.8,7.59,15.35,4,Clear,High
1.23,21.1,7.78,24.93,13,Clear,Low
26.31,46.5,7.52,2.98,9,Cloudy,Low
9.83,69.7,5.22,0.87,9,Cloudy,Low
0.82,73.8,10.38,1.27,7,Snow,High
33.34,73.9,12.19,17.62,11,Clear,Low
20.53,76.0,8.47,5.47,9,Clear,Medium
10.42,53.7,11.85,16.3,6,Clear,Low
1.25,49.9,7.53,10.05,5,Clear,Low
39.57,71.8,7.35,28.21,11,Clear,Low
14.71,61.2,10.23,19.09,23,Cloudy,Medium
31.77,81.3,10.28,4.77,15,Fog,Low
25.72,71.9,8.66,9.28,2,Snow,High
8.75,88.1,11.03,19.09,1,Clear,Low
8.84,56.6,5.14,2.38,17,Clear,Low
32.36,84.2,8.09,22.64,13,Rain,Medium
32.55,100.0,11.89,9.75,13,Cloudy,Low
-7.52,66.0,11.89,19.28,8,Cloudy,Medium
21.6,74.0,11.51,10.23,13,Rain,Low
13.55,48.3,12.06,7.29,14,Fog,Low
2.6,81.1,7.88,5.81,14,Clear,Medium
18.14,85.3,3.88,27.59,22,Clear,Medium
-1.2,56.1,8.22,9.34,21,Clear,Medium
9.4,75.6,10.91,39.73,20,Cloudy,Medium
5.42,70.0,11.4,13.37,16,Clear,Low
9.0,72.0,7.42,4.34,16,Cloudy,Medium
14.14,79.6,6.1,2.27,6,Clear,Low
2.81,74.3,6.39,23.1,20,Clear,Low
33.88,62.5,7.37,10.26,6,Thunderstorm,Medium
20.92,80.0,3.31,19.4,2,Snow,High
36.53,85.0,7.42,32.9,19,Rain,High
13.08,55.0,9.14,18.02,9,Fog,Medium
8.41,65.0,8.71,15.04,11,Clear,Low
36.1,33.2,8.01,23.04,15,Snow,Low
8.06,75.5,6.93,19.24,16,Rain,Medium
12.86,87.0,7.28,0.64,1,Clear,Medium
23.64,60.4,7.33,23.99,9,Rain,Low
0.15,67.4,11.12,11.59,18,Cloudy,Medium
23.54,61.0,9.0,25.87,17,Cloudy,Low
22.0,58.1,15.0,16.56,15,Fog,High
30.23,69.2,8.0,22.72,10,Cloudy,Low
25.68,50.9,10.31,9.98,8,Fog,Medium
30.6,60.8,8.07,1.66,11,Snow,Medium
13.67,48.7,8.0,17.07,4,Cloudy,Medium
4.65,75.6,13.69,20.79,22,Heavy Rain,Low
40.32,69.3,11.99,6.99,4,Clear,Medium
-3.32,57.2,3.74,10.17,11,Cloudy,Medium
-2.12,65.7,5.93,7.93,18,Clear,Medium
21.78,61.0,8.59,10.6,5,Clear,Medium
34.5,85.6,7.45,0.75,23,Cloudy,Medium
17.27,57.1,4.48,16.66,12,Clear,Medium
26.99,76.4,9.35,15.01,3,Fog,High
-8.95,52.3,3.37,12.14,0,Snow,High
9.01,79.7,9.38,23.9,7,Clear,Medium
-7.49,83.7,11.19,14.17,6,Clear,Low
24.36,84.5,11.62,13.74,1,Fog,High
-3.57,91.5,8.57,14.89,14,Clear,Medium
-0.33,70.3,13.53,6.75,12,Thunderstorm,High
21.17,87.3,9.99,20.92,1,Cloudy,Medium
27.74,94.2,11.54,3.75,19,Cloudy,Medium
13.09,44.8,6.79,15.8,10,Clear,Low
21.84,54.1,13.56,22.97,14,Cloudy,Low
21.45,38.1,8.99,2.76,14,Snow,Medium
12.41,84.1,13.73,0.08,20,Cloudy,Low
1.86,37.8,13.07,2.6,5,Fog,Medium
21.78,33.0,9.77,28.35,1,Cloudy,Medium
22.36,45.2,10.22,6.52,5,Snow,Medium
25.73,33.7,8.46,1.2,16,Heavy Rain,High
18.74,69.9,6.54,15.3,16,Cloudy,Medium
0.98,45.5,10.79,12.51,7,Snow,Medium
23.28,34.6,10.63,3.41,23,Snow,High
14.98,64.2,4.14,24.73,16,Thunderstorm,High
9.21,65.3,8.75,3.4,7,Clear,Low
11.46,31.3,11.6,9.65,23,Heavy Rain,High
6.72,52.2,13.4,14.65,4,Rain,Medium
25.67,63.7,11.18,14.65,0,Rain,High
-2.02,58.6,4.45,7.21,23,Fog,High
3.08,59.1,5.84,16.92,10,Clear,Low
11.05,86.2,7.96,25.02,20,Heavy Rain,Medium
34.37,100.0,13.2,2.45,20,Cloudy,Low
27.65,59.4,7.18,7.64,22,Rain,Low
-4.69,41.2,12.18,11.05,18,Clear,Low
31.22,60.8,7.13,18.3,1,Clear,Low
31.19,68.5,10.6,12.3,13,Rain,Medium
0.91,64.0,6.18,10.86,22,Cloudy,Low
-15.26,76.0,8.42,1.94,18,Clear,Medium
14.13,100.0,5.61,1.8,20,Clear,Low
28.47,34.2,13.33,13.73,18,Clear,Low
34.1,55.9,6.92,7.38,7,Rain,Low
4.55,92.7,4.36,8.92,18,Cloudy,Medium
36.02,55.6,4.12,11.44,14,Clear,Low
-11.74,79.2,8.74,33.08,13,Cloudy,High
10.58,76.4,7.63,7.52,4,Cloudy,Low
9.99,87.3,10.95,24.48,2,Clear,Low
28.83,99.4,8.29,23.82,10,Clear,Low
30.58,71.0,12.5,19.23,5,Clear,Low
26.45,33.6,7.84,4.37,14,Rain,Low
-1.21,52.4,12.08,13.23,7,Heavy Rain,High
25.35,100.0,6.14,8.49,2,Clear,Low
21.11,39.5,4.49,30.13,0,Cloudy,High
-5.05,73.9,6.53,15.7,23,Fog,High
-9.8,19.7,5.61,10.08,2,Thunderstorm,High
27.46,40.7,5.28,28.06,22,Cloudy,Low
12.84,81.0,10.24,8.83,13,Cloudy,Low
-0.42,65.6,8.21,16.96,20,Thunderstorm,High
12.5,58.2,9.43,18.32,21,Clear,Low
19.37,50.3,10.58,15.13,3,Clear,Low
14.01,29.1,3.94,11.04,12,Cloudy,Low
-3.62,77.5,10.71,19.54,16,Clear,High
37.63,59.9,5.38,6.33,15,Fog,Low
27.05,37.6,7.27,22.02,21,Cloudy,Low
10.98,65.5,3.32,9.47,4,Fog,High
11.46,75.5,10.96,24.04,3,Cloudy,Low
19.31,61.4,3.93,21.42,20,Clear,Low
1.44,67.1,5.4,16.94,15,Fog,Medium
18.87,65.7,5.62,11.19,22,Cloudy,Low
-0.97,52.3,8.61,21.92,4,Heavy Rain,High
14.15,66.0,8.52,17.14,1,Clear,Low
0.98,78.2,11.44,16.95,16,Clear,High
1.58,83.6,8.69,4.64,18,Rain,High
34.75,79.2,11.9,13.52,15,Clear,Medium
15.71,52.8,10.14,14.52,1,Fog,Medium
17.49,76.5,6.16,18.36,20,Clear,Low
-9.14,73.4,7.0,25.94,6,Clear,Medium
7.84,52.2,13.53,17.28,11,Heavy Rain,Medium
20.53,56.6,12.68,6.76,0,Cloudy,Low
17.33,77.2,11.47,13.78,18,Clear,Low
-10.85,89.8,11.87,22.94,19,Clear,Medium
17.49,32.4,10.4,13.0,4,Rain,Low
19.4,94.5,10.01,13.83,1,Clear,Low
30.41,86.0,9.15,7.55,15,Rain,Medium
7.14,68.6,14.1,20.54,13,Fog,Low
-11.9,60.7,7.61,8.82,21,Clear,Medium
3.04,72.0,9.72,17.34,7,Clear,Low
1.84,53.5,3.88,15.86,17,Cloudy,Medium
23.84,61.8,4.71,12.49,20,Rain,Medium
-17.6,38.4,14.45,16.36,21,Rain,Medium
9.62,33.7,10.85,13.82,2,Thunderstorm,Medium
32.11,100.0,8.36,23.5,15,Thunderstorm,High
15.09,66.1,9.23,18.09,8,Cloudy,Medium
25.76,68.7,4.93,21.36,13,Clear,Low
-4.7,64.4,7.72,5.12,16,Clear,Medium
-4.22,50.1,4.63,4.56,21,Rain,High
32.25,59.5,8.11,12.56,11,Clear,Low
16.21,66.6,11.04,18.75,7,Snow,Medium
16.24,61.5,10.36,16.78,4,Cloudy,Low
1.58,51.5,13.77,5.24,17,Clear,Low
16.21,73.6,9.88,19.03,8,Heavy Rain,Medium
1.25,68.4,1.56,6.35,16,Cloudy,High
29.24,72.1,14.85,18.06,6,Thunderstorm,Medium
45.0,77.7,6.48,14.58,19,Heavy Rain,High
20.81,61.9,9.49,9.97,16,Cloudy,Medium
7.38,62.0,9.31,7.18,11,Clear,Low
-15.4,91.7,9.72,13.2,23,Cloudy,Medium
-5.21,48.0,9.14,12.75,11,Rain,Medium
33.66,31.3,9.2,2.58,12,Snow,Medium
2.65,75.0,5.04,17.42,0,Snow,High
10.55,53.7,15.0,22.41,15,Fog,Medium
22.86,45.6,10.95,19.75,22,Rain,Low
32.79,80.9,9.16,14.84,13,Cloudy,Low
12.6,62.4,14.53,7.95,9,Cloudy,Low
10.14,42.3,5.78,13.16,15,Cloudy,Low
15.86,99.8,11.61,10.82,13,Clear,Low
7.47,36.0,7.33,13.12,5,Clear,Low
8.11,63.4,10.21,20.43,4,Clear,Medium
19.94,31.0,10.27,11.03,21,Rain,Low
17.22,69.9,1.99,4.54,14,Clear,Medium
40.58,53.5,4.71,19.2,21,Cloudy,Medium
20.27,79.7,13.76,15.57,8,Clear,Low
28.81,64.7,8.24,13.35,22,Rain,Medium
2.14,89.3,15.0,1.43,14,Cloudy,Low
21.3,57.3,12.93,4.51,20,Cloudy,Low
6.32,36.1,8.34,5.56,17,Snow,High
19.75,69.3,8.07,6.75,22,Cloudy,Low
23.26,60.5,13.95,7.59,14,Clear,Low
15.6,32.3,15.0,1.36,18,Rain,Medium
43.89,46.0,8.14,31.36,0,Thunderstorm,High
32.14,51.7,13.61,25.52,12,Cloudy,Low
29.13,93.0,12.09,14.49,19,Cloudy,Medium
24.17,77.7,12.61,11.7,19,Heavy Rain,Medium
36.16,58.7,9.3,28.44,13,Rain,Low
-2.24,73.5,6.98,26.61,22,Thunderstorm,High
31.44,28.3,5.84,5.34,5,Clear,Low
3.11,54.8,5.09,14.23,19,Thunderstorm,High
8.23,72.2,14.73,10.36,7,Rain,Medium
21.74,68.0,9.03,9.58,6,Rain,Medium
29.8,55.3,5.57,10.51,19,Heavy Rain,High
1.16,64.3,12.01,11.23,19,Clear,Medium
8.85,71.1,7.56,13.9,22,Clear,Low
16.17,64.8,7.05,13.95,10,Clear,Low
12.76,80.5,15.0,24.94,19,Cloudy,Low
25.25,70.7,5.01,4.74,18,Cloudy,Low
45.0,74.2,9.71,20.7,21,Fog,Medium
20.03,95.8,7.23,2.32,7,Cloudy,Low
6.18,79.9,6.75,14.13,11,Rain,Low
-0.56,96.3,4.61,21.39,16,Cloudy,Medium
11.1,52.9,9.18,17.12,10,Heavy Rain,Medium
3.72,36.3,6.38,9.15,23,Clear,Medium
20.61,62.5,10.77,14.56,19,Clear,Medium
20.42,60.9,8.86,26.87,0,Cloudy,Medium
9.44,91.3,8.06,6.67,9,Thunderstorm,High
38.82,44.7,6.39,17.1,12,Cloudy,Low
6.17,63.6,13.29,20.69,16,Rain,Medium
13.57,72.3,11.21,8.51,12,Clear,Low
22.67,66.8,6.96,27.62,14,Cloudy,Low
25.7,61.9,4.92,30.66,14,Fog,High
30.33,71.5,3.34,21.85,3,Cloudy,Low
20.14,84.4,12.41,21.87,8,Clear,Medium
27.61,92.6,11.73,3.56,7,Snow,High
7.02,65.6,12.14,0.11,8,Clear,Low
26.02,50.3,8.64,11.24,5,Rain,Low
25.86,92.6,11.42,6.08,22,Clear,Low
33.15,45.6,12.08,17.63,3,Snow,Medium
-5.02,97.2,8.79,13.63,7,Thunderstorm,High
4.11,89.2,7.93,17.57,10,Clear,Low
24.88,91.8,6.07,10.42,14,Snow,Medium
-16.82,77.3,10.28,7.12,4,Fog,High
20.9,27.0,10.68,29.16,16,Heavy Rain,High
27.72,46.3,7.78,9.23,1,Heavy Rain,High
8.08,70.5,8.13,2.55,1,Rain,Medium
9.84,52.8,8.35,16.11,4,Clear,Medium
2.11,59.3,11.37,15.44,5,Cloudy,Low
8.74,76.0,4.88,10.43,14,Clear,Medium
9.09,61.9,5.68,33.16,19,Clear,Low
6.81,43.1,5.74,13.89,19,Cloudy,Medium
6.15,80.9,8.55,21.13,4,Clear,Medium
11.75,74.3,9.95,14.91,11,Cloudy,Low
11.6,60.5,5.79,23.44,4,Cloudy,Medium
37.49,77.8,11.73,9.02,14,Clear,Low
10.27,66.7,13.39,2.43,6,Clear,Low
19.13,89.0,10.24,18.89,15,Rain,Low
8.08,67.7,12.37,14.69,18,Thunderstorm,High
7.92,88.8,6.25,19.16,15,Cloudy,Low
-5.45,31.3,6.33,6.45,0,Fog,High
-3.86,73.3,10.54,16.32,23,Thunderstorm,High
0.52,57.8,8.88,2.35,10,Rain,Medium
17.2,49.5,6.32,7.68,14,Rain,Low
27.91,85.9,13.28,5.66,16,Cloudy,Medium
-6.44,81.0,9.9,16.46,13,Clear,Low
8.41,28.9,11.11,7.64,22,Clear,Low
-1.4,77.9,6.98,0.36,20,Clear,Low
11.83,75.7,14.04,6.89,15,Cloudy,Low
27.91,52.0,8.53,17.39,14,Clear,Low
9.64,50.0,12.06,13.18,8,Clear,Low
14.43,36.4,7.25,5.29,10,Heavy Rain,Medium
32.46,58.9,9.51,19.55,0,Cloudy,Low
20.49,61.8,10.67,26.09,17,Rain,Medium
5.88,79.3,14.99,20.18,3,Cloudy,Low
16.91,69.8,7.68,8.77,5,Cloudy,Low
5.07,45.9,9.61,14.13,13,Cloudy,Low
20.05,69.3,10.78,10.72,16,Cloudy,Medium
21.18,60.4,4.76,6.32,0,Clear,Low
-1.41,48.2,2.48,0.39,18,Thunderstorm,High
17.1,36.4,6.01,19.19,3,Rain,Medium
13.59,76.2,11.9,13.67,15,Rain,Medium
21.54,73.0,14.15,12.73,18,Cloudy,Medium
24.98,75.0,6.23,6.15,4,Snow,High
20.73,51.9,5.35,21.74,9,Cloudy,Medium
11.36,68.1,13.6,0.93,12,Snow,High
26.2,40.2,7.3,4.01,13,Clear,Low
4.52,47.2,7.88,9.14,19,Snow,High
-0.85,65.6,13.38,1.73,22,Thunderstorm,High
-20.0,69.7,12.88,4.07,9,Clear,Medium
14.16,35.7,11.8,21.55,14,Clear,Low
5.14,46.0,3.87,4.4,22,Snow,High
19.77,58.4,5.22,19.03,14,Rain,Low
-8.65,82.3,12.36,17.71,1,Clear,Medium
7.23,50.4,9.95,10.48,7,Cloudy,Medium
20.64,67.5,6.67,0.77,15,Thunderstorm,Low
2.64,69.4,7.97,12.57,23,Fog,High
19.91,60.5,12.33,7.0,5,Clear,Low
8.32,69.8,13.58,7.24,5,Rain,Low
14.61,40.8,8.98,14.19,15,Cloudy,Low
22.14,53.2,6.94,19.83,2,Clear,Low
26.43,90.8,8.17,10.63,22,Clear,Low
16.11,92.1,13.03,6.53,21,Clear,Low
5.23,80.2,12.97,5.81,13,Clear,Low
9.5,84.8,9.58,7.79,8,Rain,Medium
22.64,32.1,7.41,17.62,10,Clear,Low
2.74,47.9,12.25,15.15,13,Rain,Medium
12.86,59.4,13.87,11.8,20,Heavy Rain,High
10.37,100.0,4.64,17.67,17,Clear,Medium
13.76,59.4,8.3,12.0,11,Cloudy,Low
2.89,78.4,12.47,0.01,15,Clear,Low
-7.22,71.8,9.22,2.01,13,Rain,High
21.25,71.4,7.53,17.42,2,Clear,Low
26.57,64.6,9.56,0.37,7,Cloudy,Medium
-6.51,43.4,10.11,8.57,4,Rain,High
19.43,16.4,5.62,10.97,13,Rain,Low
28.0,88.1,9.27,2.7,23,Clear,Medium
22.15,53.9,10.1,3.01,17,Thunderstorm,High
10.0,31.4,7.53,1.43,15,Cloudy,Low
3.68,72.9,6.66,4.29,12,Cloudy,Low
15.97,72.5,7.39,17.5,8,Rain,Low
17.97,78.8,6.09,15.58,5,Fog,Medium
16.15,85.1,11.55,5.16,21,Rain,Low
12.84,48.5,6.05,0.31,0,Rain,High
2.01,49.3,9.57,22.5,21,Rain,Medium
20.07,59.3,7.88,15.96,5,Rain,Low
20.65,79.8,6.88,6.41,19,Cloudy,Medium
17.41,27.2,13.11,22.68,20,Cloudy,Low
16.33,67.3,8.61,13.24,22,Cloudy,Low
35.15,81.8,6.99,14.86,23,Heavy Rain,Medium
7.51,81.0,6.7,2.62,12,Cloudy,Low
30.38,77.8,10.02,1.65,13,Clear,Low
6.19,84.1,11.48,2.13,0,Cloudy,Medium
28.31,15.6,12.81,30.75,19,Rain,Medium
29.8,94.0,8.5,4.55,13,Cloudy,Low
11.48,70.9,8.32,12.59,1,Rain,High
34.93,89.0,9.39,16.14,8,Cloudy,Medium
20.63,43.9,9.5,11.81,20,Clear,Low
4.47,33.4,6.68,10.61,9,Rain,Medium
10.51,97.2,13.39,10.41,6,Clear,Low
28.59,48.3,9.07,16.32,6,Clear,Low
26.08,59.4,10.6,2.64,4,Fog,Medium
2.3,74.5,10.27,8.04,12,Cloudy,Low
13.33,78.9,10.21,8.73,6,Cloudy,Low
17.44,84.4,5.99,4.77,14,Clear,Low
8.91,69.0,8.98,0.32,11,Clear,Low
43.29,46.0,15.0,19.68,15,Cloudy,Medium
17.8,77.7,13.76,9.55,14,Clear,Low
14.26,78.0,9.47,18.28,1,Clear,Medium
29.29,32.3,7.9,15.46,0,Fog,Medium
10.62,90.5,2.35,14.34,7,Cloudy,Medium
27.09,20.2,7.51,3.5,8,Clear,Low
-5.01,83.6,8.76,12.67,10,Fog,High
9.56,53.6,8.05,14.29,16,Heavy Rain,High
27.59,77.7,8.26,31.81,23,Clear,Low
33.84,74.2,10.87,8.89,18,Clear,Low
5.72,64.3,6.0,18.59,8,Clear,Medium
4.32,73.1,9.82,10.89,5,Rain,Low
21.81,63.4,8.67,5.68,8,Rain,Low
7.52,77.9,6.35,19.83,5,Heavy Rain,Medium
11.78,100.0,14.02,29.02,13,Cloudy,Low
25.52,40.9,11.24,14.36,16,Clear,Low
8.47,10.0,6.64,5.85,6,Clear,Low
-8.59,57.5,10.55,16.21,14,Rain,High
-0.61,56.3,4.83,14.51,8,Cloudy,High
15.12,58.2,7.01,31.95,11,Cloudy,Low
-7.36,48.3,12.98,18.68,5,Clear,High
11.43,80.7,10.05,3.6,13,Heavy Rain,Medium
-1.71,40.1,9.81,23.47,2,Rain,High
34.68,73.1,11.96,18.98,11,Clear,Low
40.98,76.5,10.83,20.42,10,Cloudy,Low
2.3,70.7,8.2,16.0,9,Rain,Medium
18.08,73.8,11.81,21.07,21,Rain,Low
3.48,82.1,3.93,15.97,18,Cloudy,Medium
11.29,66.0,7.0,9.71,13,Rain,Low
36.64,58.8,8.71,13.21,21,Rain,Low
9.4,73.8,10.64,10.96,15,Clear,Low
11.57,75.8,8.03,15.07,15,Rain,Medium
3.69,81.0,3.65,12.71,11,Clear,Low
28.75,34.2,3.23,9.17,6,Heavy Rain,High
-20.0,61.7,8.8,10.37,7,Snow,High
9.69,45.8,7.57,11.97,23,Clear,Low
14.45,75.1,6.27,4.03,16,Cloudy,Low
7.07,78.1,5.77,21.22,2,Heavy Rain,High
25.36,60.1,9.4,15.13,5,Rain,Low
29.42,51.9,12.91,6.5,22,Cloudy,Low
-1.94,75.7,9.4,17.32,5,Clear,Low
40.12,62.6,12.95,7.43,13,Clear,Low
-2.08,90.7,7.88,7.43,8,Clear,Medium
30.46,96.9,10.33,15.37,17,Thunderstorm,High
16.8,83.0,13.06,24.88,20,Rain,Medium
8.96,69.2,8.53,14.52,10,Cloudy,Medium
10.09,97.9,9.08,5.02,0,Thunderstorm,High
14.6,69.3,7.88,8.83,8,Cloudy,Low
17.5,56.4,10.78,19.64,0,Snow,High
3.96,52.8,11.71,15.64,5,Fog,Medium
12.19,52.3,10.05,20.64,9,Clear,Medium
5.75,64.9,8.31,15.54,2,Thunderstorm,Medium
0.42,73.3,4.5,18.94,0,Heavy Rain,High
5.19,39.5,8.85,30.12,7,Cloudy,Low
1.2,56.9,8.42,0.17,0,Cloudy,High
9.96,68.8,9.71,33.66,6,Clear,Low
20.19,76.6,9.35,20.43,2,Heavy Rain,Medium
16.45,64.5,13.72,35.62,12,Clear,Low
38.69,69.4,6.91,3.15,19,Cloudy,Medium
-11.53,42.7,4.27,15.44,20,Cloudy,High
20.63,48.6,5.57,13.43,14,Cloudy,Low
15.08,63.9,7.1,19.95,2,Clear,Low
24.79,74.2,12.25,16.23,1,Clear,Low
23.6,69.2,5.11,15.22,17,Rain,Medium
13.02,49.7,5.51,19.01,17,Cloudy,Medium
17.07,60.7,10.24,11.04,6,Rain,Low
6.07,92.2,11.55,7.36,23,Cloudy,Medium
22.36,74.8,4.35,16.08,15,Cloudy,Low
-7.55,62.1,3.68,7.34,10,Fog,Medium
24.32,46.5,6.64,10.87,15,Clear,Low
14.72,52.2,10.97,0.97,0,Cloudy,Medium
9.16,65.1,9.43,12.5,17,Cloudy,Medium
12.21,70.0,6.75,3.64,5,Clear,Low
13.09,75.2,11.22,11.7,0,Clear,Low
30.57,72.0,9.37,2.23,15,Fog,High
45.0,58.3,8.68,11.83,0,Clear,Medium
29.64,55.8,4.16,20.1,0,Rain,High
8.22,100.0,6.69,6.64,4,Clear,Medium
22.56,55.0,14.87,3.6,22,Clear,Low
23.08,41.7,7.99,19.03,23,Rain,Medium
3.9,35.5,6.13,20.22,10,Rain,Medium
-0.13,58.6,7.85,15.82,8,Cloudy,High
14.24,81.9,9.36,7.81,10,Clear,Low
24.69,54.6,11.65,6.33,15,Cloudy,Low
-4.34,91.6,10.86,9.02,13,Snow,High
6.35,64.9,6.97,11.47,7,Rain,Medium
21.87,85.0,12.81,3.53,6,Fog,Medium
15.5,51.4,11.44,3.15,11,Clear,Low
32.0,51.6,7.66,23.26,6,Cloudy,Medium
-1.94,66.6,8.62,13.87,10,Rain,Medium
43.23,73.7,10.8,23.04,0,Snow,High
-3.46,61.8,12.22,21.14,4,Rain,High
-9.35,70.3,4.44,9.19,23,Clear,Medium
14.29,75.6,9.21,9.32,8,Cloudy,Low
1.39,39.4,8.91,20.7,10,Snow,High
14.53,58.9,7.29,18.83,4,Heavy Rain,High
14.12,55.7,7.27,20.89,20,Thunderstorm,Medium
12.65,56.5,12.16,11.88,6,Heavy Rain,Medium
4.89,72.3,10.6,13.28,7,Clear,Medium
20.19,55.9,15.0,9.7,10,Clear,Low
11.19,28.9,7.29,11.52,19,Cloudy,Low
28.24,60.7,9.41,5.83,19,Clear,Low
12.84,45.8,9.93,11.33,4,Rain,High
3.42,73.9,11.69,10.56,4,Cloudy,Medium
-5.25,79.5,13.08,7.87,6,Clear,Low
12.93,25.9,9.28,19.12,4,Clear,Medium
-0.23,51.1,5.72,0.69,12,Fog,High
-1.2,71.4,6.87,15.04,5,Heavy Rain,Medium
21.33,39.6,9.43,3.7,1,Cloudy,Low
-6.33,79.1,12.37,4.37,18,Heavy Rain,High
31.95,83.9,4.66,5.14,8,Fog,High
16.92,62.1,5.49,16.24,5,Heavy Rain,Medium
14.47,51.1,11.27,8.32,3,Cloudy,Medium
2.58,23.4,5.12,13.52,19,Clear,Medium
24.17,79.7,5.62,12.41,14,Heavy Rain,Medium
14.97,100.0,12.41,3.27,7,Clear,Low
6.77,97.3,8.34,13.64,19,Clear,Low
17.4,61.5,8.11,1.08,7,Clear,Medium
-5.19,45.3,13.1,11.61,5,Clear,Low
-4.62,80.1,5.81,0.74,9,Clear,Low
1.56,62.7,5.21,30.45,0,Cloudy,Medium
19.19,73.6,13.89,19.75,10,Clear,Medium
14.96,70.4,9.7,14.22,18,Rain,Low
27.59,66.7,11.04,3.4,10,Thunderstorm,High
3.96,83.5,8.07,9.52,13,Clear,Low
21.9,84.2,8.68,9.89,9,Rain,Medium
13.63,55.6,6.89,14.18,19,Clear,Medium
3.68,48.4,9.95,15.59,23,Rain,Medium
19.62,20.0,11.49,14.02,13,Clear,Low
14.21,58.8,9.59,15.08,16,Fog,Medium
7.45,45.3,12.18,10.47,14,Clear,Low
15.5,72.5,10.99,15.08,21,Clear,Low
13.45,59.0,5.85,6.26,21,Rain,Low
13.16,60.9,8.57,2.43,21,Rain,Medium
10.05,79.6,7.65,28.63,1,Cloudy,Medium
-0.66,72.2,11.26,15.74,10,Clear,Low
15.9,62.9,10.38,28.25,12,Rain,Medium
5.37,95.4,9.38,9.53,18,Thunderstorm,High
2.76,78.3,12.04,33.7,13,Rain,Medium
12.11,57.5,3.4,12.72,11,Clear,Medium
23.81,58.3,7.19,22.31,12,Fog,Medium
17.23,79.2,7.45,12.3,14,Rain,Low
8.63,68.7,9.76,13.48,14,Rain,Medium
8.14,44.8,10.66,10.96,17,Clear,Low
22.63,81.1,9.0,7.56,9,Clear,Low
-13.76,87.6,5.06,20.82,13,Cloudy,Medium
24.57,86.3,10.22,11.92,2,Rain,Medium
-7.49,92.8,9.38,19.47,12,Cloudy,Medium
-1.98,100.0,4.59,20.13,8,Rain,High
8.83,96.1,8.11,24.73,0,Clear,Low
41.04,71.1,10.12,15.79,4,Snow,High
35.13,61.2,13.96,1.6,23,Clear,Low
23.48,32.1,5.73,9.12,13,Thunderstorm,Low
19.28,65.2,11.37,11.77,0,Rain,High
-7.35,74.3,5.77,12.11,21,Heavy Rain,High
16.88,65.8,5.19,23.87,2,Cloudy,Medium
8.41,31.0,5.37,22.23,14,Clear,Low
5.2,59.8,10.82,10.7,1,Snow,Medium
16.86,76.6,9.39,33.87,20,Snow,High
9.35,46.5,8.06,8.86,15,Rain,Low
25.43,68.0,10.37,9.59,20,Cloudy,Low
-8.23,72.8,9.12,2.17,7,Cloudy,High
15.9,85.1,9.33,2.03,21,Rain,Low
4.45,95.8,8.09,1.38,21,Heavy Rain,Low
10.08,58.2,5.92,21.12,11,Cloudy,Low
18.66,68.3,14.07,18.67,14,Heavy Rain,Medium
1.59,68.9,13.2,4.05,9,Rain,Medium
16.97,76.7,13.77,12.9,18,Snow,High
12.45,74.7,7.38,19.26,15,Heavy Rain,Medium
7.07,90.7,6.95,6.3,3,Cloudy,Medium
9.35,23.0,7.76,27.95,9,Heavy Rain,Medium
13.15,72.5,12.22,21.47,9,Rain,Medium
5.79,73.8,9.0,19.29,10,Rain,Medium
15.09,60.8,7.37,22.82,14,Clear,Low
11.66,24.2,10.09,6.37,6,Heavy Rain,High
7.66,63.9,6.79,10.03,4,Clear,Low
34.08,52.2,4.93,23.33,10,Clear,Low
19.98,95.2,9.39,11.94,9,Cloudy,Low
10.41,71.8,7.45,18.68,21,Heavy Rain,Medium
16.75,50.7,8.96,25.03,18,Cloudy,Low
2.68,28.1,0.95,18.33,5,Rain,High
9.76,75.6,6.32,9.68,16,Fog,High
11.16,77.5,8.86,17.18,14,Rain,Medium
0.04,61.1,4.45,3.04,21,Snow,High
19.65,75.9,4.55,16.41,17,Clear,Medium
8.93,58.7,9.12,18.75,13,Clear,Low
10.73,84.2,11.1,13.36,6,Clear,Low
8.18,82.9,6.32,22.45,4,Fog,Medium
45.0,35.5,8.21,14.51,8,Rain,High
7.05,39.9,8.28,13.32,21,Cloudy,Low
-9.82,100.0,4.31,28.49,21,Fog,High
-4.2,81.8,12.55,3.38,23,Rain,High
24.11,42.3,8.45,24.53,23,Heavy Rain,Medium
31.04,36.7,8.48,23.82,11,Clear,Low
6.82,68.7,10.12,19.61,14,Snow,Medium
30.35,44.4,4.32,8.36,2,Cloudy,Medium
23.9,59.3,11.76,15.08,3,Clear,Low
12.73,64.1,12.15,4.76,6,Clear,Low
11.87,63.4,9.42,6.94,4,Cloudy,Medium
17.17,85.3,10.39,13.18,18,Rain,Medium
25.53,98.0,8.02,4.05,20,Clear,Low
19.77,56.4,11.59,9.9,0,Clear,Medium
6.88,44.6,6.53,2.08,16,Cloudy,Low
12.91,72.0,8.9,17.88,7,Clear,Low
38.78,94.4,9.08,26.71,11,Thunderstorm,High
18.01,57.7,8.88,31.77,8,Snow,High
25.43,80.3,12.21,2.7,3,Clear,Low
21.48,49.9,15.0,4.28,18,Snow,High
18.28,65.4,8.67,11.55,7,Rain,Low
16.3,44.1,10.41,19.4,10,Clear,Low
25.77,65.2,6.59,11.17,14,Heavy Rain,Medium
23.62,62.9,12.1,21.7,12,Clear,Low
18.17,75.9,7.45,17.82,4,Cloudy,Low
6.67,97.0,15.0,2.88,16,Heavy Rain,High
19.63,58.0,3.99,13.52,3,Fog,Medium
14.2,29.0,15.0,1.87,18,Clear,Low
11.3,61.4,11.97,7.94,15,Rain,Low
45.0,70.4,5.63,9.32,8,Snow,High
-3.47,68.6,15.0,19.69,8,Snow,High
26.5,62.2,6.21,12.75,4,Clear,Low
4.65,91.8,8.06,8.82,10,Clear,Low
16.57,67.5,5.11,31.88,4,Clear,Low
45.0,63.1,8.56,4.97,12,Clear,Low
3.45,51.0,8.84,15.6,3,Fog,High
6.31,33.6,11.49,19.02,21,Clear,Low
14.79,70.9,15.0,14.52,2,Fog,High
4.83,69.4,7.46,4.92,17,Clear,Low
25.61,45.9,0.74,4.46,10,Clear,Medium
8.59,64.2,10.95,18.59,8,Cloudy,Low
22.85,62.4,7.35,22.41,4,Rain,Medium
-0.95,53.8,14.46,12.53,15,Clear,Low
-6.68,50.7,8.9,1.14,18,Thunderstorm,High
12.25,72.3,6.72,13.09,15,Clear,Low
-3.82,60.9,5.96,26.63,0,Fog,High
33.22,54.4,10.87,3.94,19,Clear,Low
-3.36,49.5,8.17,10.14,22,Rain,Medium
2.55,62.7,13.4,13.52,16,Cloudy,Low
19.96,81.6,8.37,22.79,0,Heavy Rain,High
7.96,68.7,13.24,8.23,12,Rain,Low
-3.22,60.7,4.86,17.35,7,Clear,Medium
39.48,70.6,3.78,25.52,15,Clear,Medium
2.98,89.6,11.49,0.34,18,Cloudy,Medium
12.64,73.8,7.61,1.2,21,Cloudy,Low
12.49,69.7,8.21,12.15,20,Snow,Medium
23.52,76.5,5.96,21.82,23,Clear,Low
20.55,62.2,5.74,15.99,2,Clear,Low
5.08,68.3,10.91,22.62,2,Cloudy,Medium
11.09,56.2,8.94,2.32,19,Rain,Medium
12.28,37.1,5.82,16.11,17,Clear,Low
23.99,71.2,11.37,12.63,18,Cloudy,Low
0.98,71.2,12.52,24.94,5,Rain,Medium
39.22,59.8,8.67,23.7,11,Cloudy,Medium
5.89,83.6,12.01,10.04,15,Cloudy,Medium
14.9,52.0,5.99,7.79,15,Cloudy,Low
1.08,33.1,10.73,11.11,20,Thunderstorm,High
-0.58,52.5,9.49,23.04,8,Cloudy,Medium
4.51,37.3,6.63,16.72,20,Snow,Medium
3.35,71.1,15.0,29.63,7,Cloudy,Low
10.03,51.5,9.7,10.33,18,Rain,Medium
3.25,82.7,7.23,31.26,0,Snow,Medium
23.35,82.3,9.06,5.21,4,Thunderstorm,High
5.6,48.4,6.39,6.16,0,Clear,Low
4.27,50.5,5.53,1.33,5,Rain,Low
10.28,74.6,7.65,19.61,12,Clear,Low
26.91,82.6,7.85,2.08,20,Clear,Low
17.58,28.8,6.59,22.05,0,Fog,High
13.8,70.1,12.75,19.16,14,Thunderstorm,High
-2.2,25.4,6.7,14.61,2,Rain,High
1.29,55.1,6.2,11.96,4,Cloudy,Medium
-0.34,84.7,5.44,3.5,2,Heavy Rain,High
30.68,100.0,5.15,18.38,14,Thunderstorm,High
21.37,60.7,12.08,8.38,15,Fog,Medium
4.66,42.6,9.77,19.83,6,Snow,Low
8.23,55.8,11.07,26.4,16,Cloudy,Medium
5.1,66.2,12.06,10.14,9,Clear,Low
4.37,52.9,8.0,24.8,18,Clear,Medium
20.52,48.4,13.42,14.63,12,Clear,Low
11.55,57.3,7.12,18.29,23,Cloudy,Medium
39.97,72.1,5.71,1.02,16,Clear,Medium
30.0,62.0,10.12,6.74,23,Rain,Medium
30.71,49.1,9.43,6.64,21,Snow,Low
23.06,52.9,9.43,25.03,4,Heavy Rain,High
9.93,57.6,12.05,9.76,8,Clear,Low
22.17,47.0,9.32,18.57,8,Clear,Low
10.81,52.3,9.94,12.23,14,Thunderstorm,Medium
34.56,76.6,13.08,9.7,13,Thunderstorm,Medium
19.85,60.9,9.8,0.33,11,Thunderstorm,Medium
18.15,33.4,10.48,4.27,1,Fog,Medium
16.52,83.4,4.75,9.87,10,Clear,Low
35.88,72.5,15.0,10.39,4,Heavy Rain,High
-2.21,40.1,4.23,5.01,22,Clear,Medium
37.06,58.4,7.38,14.22,20,Clear,Low
12.77,50.7,7.29,30.59,4,Cloudy,Medium
-1.87,77.2,15.0,26.35,9,Heavy Rain,High
5.97,58.3,7.2,12.76,15,Cloudy,Low
-4.81,63.7,10.33,13.08,11,Clear,Low
22.84,61.6,7.31,18.32,4,Fog,Medium
2.54,38.4,5.88,14.77,17,Clear,High
17.02,90.3,10.71,18.33,21,Heavy Rain,Medium
28.61,76.9,6.84,15.02,19,Heavy Rain,High
6.94,51.5,9.62,13.39,8,Clear,Medium
11.78,68.5,10.88,6.67,20,Cloudy,Low
-0.64,82.5,14.72,15.68,21,Clear,Medium
10.34,66.0,5.21,7.93,21,Rain,Medium
45.0,93.0,8.54,14.81,19,Heavy Rain,High
24.34,100.0,8.67,6.18,7,Clear,Low
11.82,62.7,9.0,14.81,12,Rain,Medium
7.66,54.5,15.0,3.62,15,Cloudy,Low
14.49,47.2,8.48,23.93,19,Cloudy,Low
16.56,25.2,1.44,13.23,2,Rain,High
9.97,87.5,8.4,12.44,1,Snow,High
21.36,58.6,8.64,16.08,23,Cloudy,Low
3.56,80.8,8.28,4.65,16,Rain,Medium
3.5,84.4,6.84,22.52,6,Clear,Low
19.44,45.5,5.04,18.67,23,Cloudy,Medium
0.98,48.2,15.0,7.47,9,Clear,Medium
23.75,96.4,9.95,2.9,15,Cloudy,Low
14.83,63.7,8.42,8.64,22,Cloudy,Low
-6.93,53.1,15.0,11.03,20,Fog,Medium
16.31,46.2,6.39,2.24,15,Clear,Low
-5.22,62.5,10.81,7.89,13,Thunderstorm,High
23.32,92.1,5.25,6.68,6,Clear,Low
12.02,77.3,11.25,10.18,4,Rain,Medium
37.21,68.3,5.6,10.25,2,Cloudy,Medium
27.86,93.6,10.41,16.39,0,Fog,Medium
2.27,90.1,14.86,12.28,11,Cloudy,Low
-9.25,71.0,9.28,15.62,8,Clear,Low
5.94,100.0,2.42,14.24,14,Clear,Medium
0.34,60.5,9.11,10.25,12,Heavy Rain,High
36.91,84.8,10.44,18.15,16,Fog,Medium
14.88,57.9,11.7,12.7,4,Heavy Rain,High
26.2,81.3,13.42,8.77,3,Cloudy,Medium
11.58,60.5,13.57,6.86,3,Fog,Medium
12.84,73.3,8.61,13.07,16,Cloudy,Medium
14.61,100.0,7.02,6.29,21,Clear,Low
28.28,82.1,5.64,16.94,8,Clear,Low
18.74,73.6,7.38,18.53,3,Rain,Low
2.31,51.1,10.43,0.46,22,Snow,Medium
34.47,68.4,4.95,14.01,5,Rain,Medium
11.49,46.9,6.22,0.47,15,Clear,Low
9.53,81.0,10.69,16.32,21,Cloudy,Low
-18.95,80.5,7.06,7.8,22,Clear,Low
22.61,61.8,10.11,4.76,5,Fog,High
16.21,94.9,6.56,3.39,0,Clear,Medium
16.2,92.4,9.86,11.17,10,Fog,Low
10.17,67.7,6.68,1.58,21,Cloudy,Low
8.1,75.2,3.29,1.35,11,Rain,High
10.57,54.4,11.87,13.67,21,Rain,Low
20.56,60.1,6.91,20.72,20,Snow,Medium
22.67,45.6,8.25,15.55,12,Rain,Low
12.23,56.4,6.93,0.88,20,Cloudy,Low
26.39,63.1,10.63,10.77,23,Clear,Low
14.05,35.1,10.0,18.13,16,Clear,Low
8.95,75.4,10.63,10.77,17,Rain,Medium
17.38,83.4,7.35,14.93,10,Cloudy,Low
-1.31,64.9,8.85,8.06,23,Rain,High
17.79,16.4,10.25,8.54,8,Heavy Rain,Medium
-3.51,60.4,13.64,6.06,18,Clear,Medium
2.67,39.9,9.92,17.51,22,Clear,Low
-9.22,54.0,5.99,18.08,21,Cloudy,Low
12.9,91.1,9.8,7.0,21,Cloudy,Medium
34.32,21.2,8.51,18.79,4,Clear,Low
13.6,50.3,3.0,0.84,23,Cloudy,High
22.72,79.9,3.46,10.46,4,Cloudy,High
43.23,52.4,8.8,0.18,5,Clear,Medium
19.85,51.0,9.05,1.81,12,Cloudy,Low
5.82,100.0,8.12,0.29,3,Clear,Low
7.47,71.8,11.65,6.1,17,Thunderstorm,Medium
15.01,81.8,6.19,17.58,22,Rain,Low
7.41,73.9,4.84,11.29,6,Clear,Low
8.3,67.9,6.52,6.74,7,Cloudy,High
26.82,87.8,7.17,10.44,10,Rain,Low
27.31,99.3,8.83,6.51,2,Cloudy,Medium
-4.76,34.7,6.61,17.15,4,Rain,High
5.18,64.4,2.57,8.23,22,Snow,Medium
9.43,64.2,1.29,5.63,22,Fog,High
22.19,57.3,9.37,11.29,12,Clear,Low
28.72,82.7,5.61,16.01,17,Cloudy,Low
45.0,69.6,2.98,14.15,1,Cloudy,High
9.41,99.7,10.87,11.55,0,Clear,Low
10.01,84.8,13.64,25.12,21,Fog,Medium
22.06,89.6,8.72,30.13,0,Thunderstorm,High
6.81,43.4,9.81,12.06,16,Rain,Medium
13.31,50.5,9.83,11.1,23,Clear,Low
10.02,52.0,2.06,10.56,19,Clear,Medium
-16.46,88.8,11.67,6.5,9,Clear,Medium
16.48,47.6,12.72,15.38,12,Rain,Low
12.81,48.1,14.51,23.44,14,Clear,Low
30.25,44.8,7.69,10.41,10,Heavy Rain,Low
15.07,100.0,5.59,10.47,22,Thunderstorm,Medium
-0.06,62.4,13.08,25.4,1,Clear,Medium
11.9,74.5,10.5,15.54,22,Thunderstorm,Medium
-10.09,44.5,11.62,15.72,20,Cloudy,Low
0.47,82.3,7.06,2.41,2,Cloudy,Medium
22.63,33.1,9.81,18.32,13,Clear,Low
12.03,47.4,5.84,21.08,15,Clear,Low
26.07,51.8,8.98,13.8,23,Heavy Rain,High
-8.6,68.9,7.96,6.1,23,Rain,High
12.09,50.7,15.0,15.99,11,Heavy Rain,Medium
9.29,92.4,10.65,2.66,4,Clear,High
26.47,74.1,2.54,1.47,19,Heavy Rain,High
23.07,52.6,9.0,19.22,15,Rain,Low
22.71,83.0,10.1,21.86,12,Cloudy,Low
33.5,57.9,7.58,5.32,18,Clear,Low
10.58,54.4,5.69,1.51,1,Rain,Medium
31.02,81.1,10.98,4.1,1,Fog,Medium
2.47,20.8,6.12,13.78,11,Heavy Rain,Medium
2.03,78.2,10.73,1.52,9,Thunderstorm,High
24.03,52.2,5.86,23.55,3,Clear,Low
-3.06,52.1,7.4,7.82,4,Rain,High
21.87,100.0,11.87,15.3,11,Cloudy,Low
16.22,55.4,10.47,5.31,1,Cloudy,Low
27.86,82.2,9.09,17.26,17,Cloudy,Medium
14.29,70.0,8.91,17.99,2,Rain,Medium
15.67,71.9,9.27,3.1,16,Heavy Rain,High
21.11,60.5,6.63,5.88,8,Cloudy,Medium
7.05,59.6,4.45,10.59,3,Rain,High
6.53,92.5,10.71,7.27,13,Cloudy,Low
20.69,81.7,13.59,19.84,15,Cloudy,Medium
14.65,56.0,10.81,6.63,22,Clear,Low
10.11,46.2,9.76,18.43,10,Clear,Low
14.01,54.5,5.37,16.36,22,Cloudy,Low
34.13,82.7,11.63,11.03,11,Thunderstorm,Medium
9.68,86.2,10.44,18.81,20,Fog,Medium
9.34,75.0,11.28,1.84,6,Fog,Low
-5.49,35.9,12.1,11.44,18,Cloudy,Medium
14.49,78.6,13.76,5.03,5,Heavy Rain,Medium
22.88,88.5,5.66,11.04,0,Fog,High
25.03,68.1,5.13,7.78,3,Clear,Low
16.3,100.0,9.44,12.54,9,Cloudy,Low
26.47,41.2,6.23,12.09,3,Cloudy,Low
23.77,77.3,5.71,13.25,18,Snow,High
28.36,46.6,12.66,13.61,2,Cloudy,Low
26.81,84.1,5.97,17.16,23,Thunderstorm,High
33.84,76.0,8.97,0.67,8,Clear,Low
12.96,97.4,4.11,16.58,11,Clear,Low
-0.92,74.0,9.19,1.61,17,Cloudy,High
22.96,57.7,12.55,13.15,16,Clear,Low
24.37,56.2,12.64,29.75,20,Thunderstorm,High
33.84,60.5,12.13,3.55,23,Rain,Medium
30.38,55.8,8.76,7.97,7,Rain,Medium
38.35,89.2,12.33,4.77,14,Clear,Medium
22.44,88.0,10.29,7.91,16,Heavy Rain,High
17.75,38.1,7.68,13.86,18,Thunderstorm,Medium
-1.62,65.7,10.15,14.19,6,Heavy Rain,High
18.7,66.1,11.66,1.14,23,Cloudy,Low
8.37,50.9,5.02,8.01,5,Rain,Low
17.54,72.9,5.82,15.32,17,Cloudy,Medium
15.65,91.3,8.57,14.15,21,Clear,Low
20.66,81.1,5.33,13.15,3,Snow,High
13.83,89.2,5.29,18.84,12,Clear,Low
26.22,52.1,7.74,11.02,23,Clear,Low
-17.68,65.7,11.98,24.53,3,Fog,High
17.28,51.2,11.92,9.36,19,Heavy Rain,Medium
29.43,69.3,9.96,18.25,20,Cloudy,Low
37.44,70.9,9.54,18.57,6,Clear,Low
23.78,82.3,15.0,2.75,16,Snow,High
35.22,88.6,7.38,15.97,23,Cloudy,Low
17.03,77.4,9.72,6.24,9,Cloudy,Medium
15.03,49.5,7.23,2.92,1,Clear,Low
21.35,40.7,5.14,8.18,6,Cloudy,Medium
14.96,74.4,12.55,13.46,22,Cloudy,Low
5.61,92.0,8.08,2.08,22,Clear,Medium
8.82,64.6,11.08,12.24,20,Cloudy,Low
1.65,37.5,8.26,10.04,13,Snow,Medium
21.34,100.0,12.74,21.34,6,Clear,Low
15.14,73.8,6.01,6.3,14,Clear,Low
10.68,68.1,12.49,22.71,20,Fog,Low
8.2,44.0,11.68,15.48,19,Heavy Rain,High
21.06,65.3,3.62,11.7,1,Cloudy,Medium
24.37,77.4,7.45,23.46,17,Rain,Medium
1.43,74.1,12.06,29.3,22,Clear,Medium
-0.45,52.8,13.91,10.11,3,Rain,Medium
26.45,64.0,11.15,5.34,14,Fog,Medium
-1.5,53.9,7.81,15.86,14,Cloudy,Medium
21.57,95.0,6.09,0.81,12,Snow,Medium
34.4,81.1,10.7,0.29,18,Cloudy,Medium
34.43,55.6,7.72,23.76,23,Clear,Medium
23.85,44.0,7.85,17.15,15,Clear,Low
23.51,70.0,8.33,4.28,0,Clear,Medium
42.02,56.1,11.65,40.22,12,Thunderstorm,High
-13.01,57.5,14.42,0.44,12,Thunderstorm,High
9.43,44.6,12.08,17.58,6,Clear,Low
25.18,46.8,9.03,4.83,17,Cloudy,Low
10.95,67.9,6.3,28.03,13,Fog,Medium
29.88,60.2,11.0,7.22,2,Cloudy,Low
14.53,100.0,14.0,9.44,18,Heavy Rain,High
16.58,75.7,12.01,4.28,0,Clear,Low
11.7,44.3,9.62,30.74,20,Clear,Low
8.73,37.4,7.53,6.44,14,Cloudy,Low
8.43,72.2,10.04,16.32,23,Rain,Medium
18.25,57.9,12.46,12.04,8,Fog,Medium
5.71,89.0,9.7,7.04,5,Heavy Rain,Medium
26.44,70.1,8.69,8.05,11,Cloudy,Medium
22.84,29.3,6.94,9.95,19,Cloudy,Low
28.19,46.7,15.0,9.55,14,Snow,High
1.45,52.8,6.33,14.87,10,Cloudy,Medium
-5.39,73.0,6.05,31.31,9,Cloudy,High
14.95,46.1,9.49,17.8,18,Clear,Medium
45.0,67.8,8.39,19.74,5,Rain,Low
30.19,40.9,12.07,9.25,0,Clear,Low
8.35,65.1,12.17,0.18,5,Cloudy,Medium
20.09,71.7,5.36,9.49,5,Heavy Rain,High
23.73,91.3,6.73,5.39,4,Rain,High
-1.42,69.4,6.37,11.55,7,Clear,Medium
31.44,50.3,11.35,7.55,17,Cloudy,Low
12.99,91.9,10.29,3.1,5,Cloudy,Low
13.91,61.7,7.89,23.4,3,Clear,Low
15.29,78.9,9.65,10.73,9,Clear,Low
28.73,54.0,5.62,9.03,23,Cloudy,Medium
5.94,66.6,6.77,2.06,22,Cloudy,Low
-5.48,50.6,5.1,7.72,0,Rain,High
18.88,70.8,9.44,4.23,0,Rain,High
-9.52,79.5,9.43,1.25,7,Thunderstorm,High
11.39,56.1,6.05,13.46,3,Rain,Medium
29.24,55.1,10.26,7.78,19,Snow,Medium
21.95,71.4,12.17,18.74,3,Fog,High
27.51,50.1,5.91,8.76,2,Cloudy,Medium
22.44,37.7,8.02,13.03,5,Clear,Low
43.92,71.4,10.54,12.78,14,Clear,Low
7.94,63.1,8.98,15.46,3,Rain,Medium
19.78,62.7,4.88,4.43,6,Cloudy,Medium
9.74,74.4,7.68,20.09,12,Clear,Low
26.48,76.9,7.58,1.38,23,Clear,Low
14.26,62.1,8.49,12.38,20,Cloudy,Low
35.63,44.8,8.62,1.16,5,Clear,Low
8.63,53.5,13.7,10.91,6,Fog,Medium
31.89,75.5,8.37,20.02,1,Clear,Low
22.12,67.5,3.85,17.0,7,Clear,Medium
14.61,55.1,9.27,21.53,14,Fog,High
21.51,50.9,14.24,9.27,12,Heavy Rain,High
18.14,76.1,8.5,20.18,9,Fog,Medium
19.27,61.0,7.69,5.77,0,Snow,High
12.52,78.5,8.08,7.87,21,Cloudy,Low
6.58,80.8,10.75,13.17,9,Clear,Low
10.98,59.4,8.07,19.65,21,Snow,High
-5.2,82.1,4.45,7.07,17,Cloudy,High
25.1,67.5,6.98,18.26,19,Clear,Medium
0.18,69.8,8.81,14.08,10,Heavy Rain,High
12.39,25.6,10.61,15.03,3,Clear,Low
22.78,47.5,7.25,4.31,5,Clear,Low
25.07,48.5,8.11,8.54,15,Rain,Medium
-6.3,59.3,9.13,11.16,14,Clear,Medium
13.9,67.1,6.67,15.04,2,Clear,Low
20.52,67.8,8.72,4.73,20,Rain,Low
15.62,70.1,10.4,0.37,0,Clear,Low
31.13,52.7,5.44,7.19,11,Fog,Medium
5.14,77.4,9.92,18.71,4,Clear,Low
-9.59,97.6,5.73,20.5,4,Cloudy,Medium
24.72,58.6,5.79,6.09,11,Fog,Medium
8.55,53.1,7.01,12.68,7,Clear,Low
-6.1,52.7,13.1,8.61,10,Snow,High
13.1,66.5,3.85,22.95,22,Snow,Medium
29.77,55.5,7.61,10.11,18,Clear,Low
-0.16,33.9,8.92,16.91,7,Cloudy,High
43.03,38.8,12.5,8.17,12,Clear,Low
4.95,83.4,14.84,5.82,8,Fog,High
16.04,88.1,7.73,18.91,6,Thunderstorm,High
0.37,93.8,10.62,21.71,10,Cloudy,Low
15.5,69.1,8.72,0.58,3,Thunderstorm,High
13.4,47.2,8.7,22.28,5,Clear,Low
-2.87,57.1,9.82,3.23,13,Rain,High
45.0,38.2,4.24,8.99,17,Clear,Medium
9.06,37.5,8.86,12.1,16,Clear,Low
9.07,69.6,10.35,16.56,23,Cloudy,Medium
26.63,74.7,6.42,1.64,5,Cloudy,Low
36.77,100.0,10.37,5.84,2,Clear,Low
28.52,63.5,3.81,7.55,15,Cloudy,Medium
0.59,40.6,9.28,6.34,13,Fog,High
17.57,62.8,13.03,24.33,20,Snow,Medium
-7.58,59.9,8.34,12.11,3,Cloudy,Medium
25.82,56.2,6.07,18.61,5,Cloudy,Low
-4.62,71.2,4.72,13.89,9,Snow,High
5.36,43.1,10.17,26.12,19,Cloudy,Low
14.96,67.4,11.78,3.97,4,Cloudy,Low
20.34,76.7,8.83,11.21,22,Clear,Low
11.87,90.6,7.61,2.12,2,Fog,High
33.23,70.6,3.21,19.3,22,Cloudy,Low
23.68,83.8,9.37,22.03,16,Cloudy,Medium
22.74,57.0,6.93,19.85,3,Fog,High
0.25,59.5,7.1,10.88,23,Rain,Medium
35.39,89.3,13.85,1.4,1,Fog,High
5.36,40.3,3.6,11.22,9,Clear,Medium
35.85,57.7,4.0,5.9,17,Thunderstorm,High
39.27,85.3,9.69,20.3,8,Snow,High
21.15,61.2,7.84,8.16,9,Rain,Medium
27.38,59.9,7.44,7.97,6,Thunderstorm,Low
-20.0,60.2,9.82,31.57,4,Cloudy,High
12.66,67.1,9.77,19.19,13,Cloudy,Low
28.23,84.5,6.08,21.68,10,Rain,Low
26.09,81.6,7.22,7.39,19,Heavy Rain,High
0.36,65.2,9.15,2.1,13,Rain,Low
11.48,84.7,9.5,21.6,12,Fog,High
-15.44,71.2,10.45,25.43,3,Cloudy,Low
19.96,80.5,7.25,0.42,6,Cloudy,Low
-7.6,46.5,10.04,7.34,0,Cloudy,High
28.57,96.3,11.85,3.77,23,Heavy Rain,High
29.19,69.0,9.14,16.33,18,Rain,Medium
9.31,15.5,8.69,21.78,6,Thunderstorm,Medium
21.26,94.9,8.29,8.69,10,Thunderstorm,Medium
12.39,65.1,7.15,8.66,13,Cloudy,Low
17.9,57.9,6.19,5.61,5,Clear,Low
1.23,54.1,8.11,3.41,3,Rain,High
22.47,72.9,10.35,25.57,22,Rain,Medium
-4.69,49.0,6.33,16.43,8,Clear,Low
-6.96,54.6,8.77,20.34,18,Clear,Medium
13.54,55.0,8.43,8.71,15,Snow,Medium
12.47,59.7,14.33,9.54,9,Cloudy,Low
18.27,55.7,11.17,12.17,14,Fog,Medium
7.21,80.4,11.12,14.92,6,Cloudy,Low
37.63,69.9,11.76,24.38,6,Thunderstorm,Low
16.93,72.1,7.36,5.95,17,Rain,Medium
17.79,76.0,13.13,10.76,18,Heavy Rain,High
17.37,63.3,9.48,4.86,17,Rain,Medium
27.03,46.6,8.87,5.71,16,Cloudy,Medium
21.91,97.5,5.36,20.28,21,Rain,Medium
20.3,81.7,7.8,27.73,7,Clear,Low
23.83,94.0,3.7,18.89,0,Cloudy,Medium
-6.9,83.6,8.26,14.07,6,Thunderstorm,Medium
-6.44,56.7,7.27,28.68,15,Fog,High
14.09,22.7,7.8,16.13,14,Fog,Medium
12.63,42.9,4.84,19.22,6,Heavy Rain,High
21.96,76.5,11.11,13.27,18,Heavy Rain,Medium
15.24,63.2,10.78,14.64,23,Fog,High
21.98,57.4,14.07,10.8,2,Heavy Rain,High
0.05,20.1,13.98,19.49,0,Clear,Medium
14.87,64.8,9.47,2.18,16,Cloudy,Medium
-1.09,45.5,12.07,15.77,11,Clear,Low
19.64,52.0,9.78,4.32,16,Clear,Medium
-7.54,80.3,7.72,16.59,17,Rain,Medium
19.18,46.5,8.17,33.55,0,Fog,High
-2.63,48.2,10.92,18.3,18,Clear,Low
10.4,68.3,15.0,22.57,4,Heavy Rain,High
25.74,80.7,12.5,20.12,15,Cloudy,Medium
17.73,57.8,9.74,8.93,23,Snow,Medium
-4.75,91.4,10.45,10.81,11,Rain,Medium
6.93,42.0,10.42,16.03,8,Rain,Low
-3.02,38.8,8.73,6.8,21,Cloudy,Medium
-5.34,37.3,11.27,9.45,10,Cloudy,Medium
16.41,35.3,8.53,11.29,13,Cloudy,Low
21.72,71.1,5.97,0.92,4,Rain,High
20.29,47.4,10.44,3.27,12,Cloudy,Low
22.23,39.6,10.85,24.04,1,Cloudy,Low
14.86,71.8,8.56,20.23,20,Rain,Medium
11.72,79.8,9.93,14.44,14,Clear,Low
2.12,83.9,11.88,22.47,10,Clear,Low
9.72,80.8,8.84,11.76,17,Clear,Low
-0.86,48.5,7.66,24.68,14,Snow,High
4.86,70.0,6.87,8.15,10,Fog,Medium
16.07,73.9,8.24,3.85,7,Clear,Medium
13.59,56.5,13.6,11.92,1,Rain,Medium
45.0,68.0,8.4,8.57,5,Cloudy,Medium
-1.15,42.5,10.08,6.85,9,Cloudy,Medium
13.5,53.7,8.03,10.38,11,Cloudy,Low
-2.08,71.7,7.77,4.87,23,Cloudy,High
10.35,92.1,6.36,4.46,8,Rain,High
10.83,85.7,9.3,1.9,11,Clear,Low
25.14,76.9,7.45,15.75,0,Clear,Low
9.6,66.4,12.82,3.01,2,Cloudy,Low
12.7,63.6,8.68,0.82,11,Clear,Low
9.84,38.9,8.87,2.34,8,Thunderstorm,High
-1.81,50.0,8.46,13.85,15,Cloudy,Medium
7.17,50.5,10.11,18.02,20,Clear,Low
10.42,75.3,13.47,18.76,1,Cloudy,Low
15.89,82.0,5.88,13.93,3,Cloudy,Low
21.71,78.3,9.83,16.82,13,Rain,Low
12.18,86.3,4.29,11.51,2,Rain,High
11.97,66.3,12.67,16.1,7,Rain,Medium
-5.65,47.3,8.68,15.96,16,Cloudy,Medium
21.48,64.1,4.52,5.43,0,Snow,High
6.65,52.0,5.17,2.32,14,Clear,Low
23.97,76.8,11.44,24.17,2,Cloudy,Medium
30.8,58.5,4.01,13.13,18,Fog,High
12.75,63.2,9.83,21.47,17,Cloudy,Medium
2.72,77.5,7.71,2.1,1,Thunderstorm,High
14.8,51.7,8.42,8.35,12,Rain,Low
19.18,82.4,6.98,0.39,11,Cloudy,Low
11.21,40.7,6.14,17.82,22,Rain,Low
8.23,70.5,7.54,6.47,0,Fog,Medium
21.76,63.4,10.72,7.01,16,Snow,Medium
20.97,79.9,8.12,29.6,13,Clear,Low
10.84,40.3,10.26,18.0,23,Snow,High
-4.85,37.4,8.27,17.89,17,Clear,Medium
20.48,78.5,10.83,1.18,6,Clear,Low
5.79,58.0,10.24,4.72,2,Cloudy,Medium
17.57,63.4,7.38,20.74,13,Rain,Medium
16.81,53.1,6.14,8.16,20,Clear,Low
-7.67,81.4,11.87,7.49,13,Snow,High
15.97,70.4,6.56,4.7,13,Cloudy,Low
21.17,69.3,10.5,3.67,12,Clear,Low
22.65,43.9,9.09,8.03,8,Cloudy,Low
16.41,74.0,7.61,2.5,21,Rain,Medium
-8.73,47.1,10.29,1.06,4,Clear,Medium
30.32,53.1,13.1,14.3,12,Fog,Medium
19.93,40.4,10.88,21.6,20,Clear,Low
0.56,62.2,9.39,3.63,6,Rain,Medium
5.55,84.2,13.86,13.76,10,Snow,Medium
17.77,69.1,3.98,16.87,16,Snow,High
23.16,57.0,5.66,16.02,3,Rain,Low
9.14,67.0,7.61,10.01,6,Clear,Low
24.91,66.9,13.26,6.63,17,Clear,Low
-6.51,66.2,11.83,18.83,2,Cloudy,High
2.49,68.2,3.85,15.02,9,Fog,High
-9.77,46.3,7.69,5.05,14,Clear,Medium
4.23,66.9,5.03,10.01,20,Snow,Medium
33.1,33.4,8.88,12.5,3,Snow,High
39.69,75.4,11.71,2.16,12,Thunderstorm,High
17.82,45.2,11.93,9.81,17,Clear,Medium
7.34,86.2,9.8,16.42,9,Clear,Medium
12.34,21.0,7.72,4.55,10,Cloudy,Medium
20.68,95.1,8.71,14.1,11,Cloudy,Medium
-3.76,35.5,11.05,3.09,20,Snow,High
8.13,43.4,15.0,0.87,14,Fog,High
32.22,70.4,5.44,17.54,9,Cloudy,Low
2.45,76.1,13.77,22.57,0,Snow,High
6.01,59.9,9.73,1.35,9,Snow,High
15.16,81.1,11.46,20.58,19,Cloudy,Low
18.4,50.7,9.56,11.88,10,Cloudy,Low
7.5,57.8,13.21,7.92,9,Fog,Medium
15.92,59.6,9.99,0.91,17,Snow,Medium
22.3,55.3,7.05,17.47,23,Thunderstorm,Medium
38.54,30.2,10.35,2.62,3,Rain,High
13.49,64.6,12.38,6.43,22,Cloudy,Low
14.5,62.9,9.0,11.27,8,Snow,Medium
33.33,84.4,2.78,16.03,14,Clear,Low
8.41,41.9,8.66,13.66,6,Snow,Low
-0.89,53.5,9.29,26.12,0,Clear,Medium
18.0,86.7,8.87,4.66,9,Cloudy,Medium
27.91,70.3,7.51,12.89,21,Rain,Medium
19.33,74.9,12.97,16.07,21,Clear,Low
13.84,73.2,1.88,18.41,9,Cloudy,Medium
-2.38,73.2,9.28,21.46,15,Clear,Medium
14.3,97.8,9.32,8.09,18,Clear,Low
29.8,66.6,15.0,17.86,12,Clear,Medium
0.19,46.8,8.96,3.67,19,Clear,Low
12.06,76.5,10.34,11.3,3,Heavy Rain,High
10.35,54.8,9.38,16.51,22,Cloudy,Low
6.63,63.0,9.28,20.78,13,Clear,Low
17.98,71.7,14.29,17.13,3,Clear,Low
20.32,50.2,5.67,12.81,19,Rain,Medium
20.19,55.8,7.0,11.28,22,Clear,Medium
3.28,73.6,11.26,16.94,8,Cloudy,Low
-4.75,55.1,9.77,31.7,11,Rain,Medium
18.15,82.5,8.15,19.69,21,Thunderstorm,Medium
8.93,47.2,8.79,15.43,12,Clear,Low
37.06,47.2,11.74,0.32,8,Clear,Medium
37.61,99.3,10.46,4.4,15,Clear,Low
38.89,37.5,6.86,9.08,3,Fog,High
3.72,64.5,9.71,20.19,8,Cloudy,Low
21.83,98.3,8.85,3.57,19,Heavy Rain,Medium
25.45,64.5,10.41,17.78,2,Cloudy,Low
24.1,89.2,8.04,13.08,13,Cloudy,Low
10.75,76.7,5.38,15.19,16,Thunderstorm,High
30.35,64.9,11.02,10.06,12,Clear,Low
15.01,62.6,10.65,6.63,9,Cloudy,Medium
16.54,26.9,13.25,3.24,22,Thunderstorm,High
-3.45,59.3,5.05,17.5,19,Clear,Medium
22.74,69.2,8.79,11.31,19,Clear,Low
11.88,69.2,8.31,2.3,2,Clear,Medium
20.58,100.0,7.81,14.01,23,Snow,High
17.82,70.1,4.38,42.81,12,Thunderstorm,High
17.17,76.3,5.8,10.19,16,Rain,High
14.45,86.0,9.81,26.89,9,Thunderstorm,High
24.44,74.7,7.5,11.27,13,Clear,Low
12.61,63.5,6.52,9.57,17,Rain,High
-2.46,63.5,13.29,20.59,12,Rain,Low
21.83,58.7,15.0,12.14,13,Clear,Low
5.29,73.0,8.83,6.22,8,Rain,Medium
-0.89,61.9,4.49,11.76,23,Cloudy,High
2.73,76.2,10.19,20.87,4,Heavy Rain,High
18.4,46.8,2.74,31.29,8,Snow,High
13.84,67.6,4.95,21.59,19,Clear,Medium
-10.59,92.9,10.24,7.46,11,Clear,Medium
10.4,61.0,4.85,9.9,0,Fog,High
29.03,98.2,8.11,9.97,2,Heavy Rain,High
9.58,67.9,4.55,4.19,21,Cloudy,Low
13.01,64.0,9.17,10.6,23,Cloudy,Low
27.52,67.1,12.37,9.54,6,Snow,Medium
24.55,59.4,7.16,1.19,5,Clear,Low
27.26,29.3,8.94,19.54,5,Clear,Low
-18.27,80.8,6.55,15.79,21,Cloudy,Low
35.8,100.0,6.76,6.23,0,Clear,Medium
22.64,73.6,6.51,13.33,2,Thunderstorm,High
44.54,74.7,11.36,3.32,8,Clear,Low
5.61,61.7,4.76,7.03,23,Rain,High
-6.16,85.8,8.0,18.19,2,Rain,High
15.09,64.3,10.23,16.24,7,Clear,Low
11.7,69.8,11.73,7.38,4,Clear,Low
22.84,36.8,10.32,14.8,7,Clear,Medium
27.9,55.5,8.78,11.33,16,Cloudy,Low
13.95,71.6,7.29,3.02,4,Clear,Low
12.11,81.3,11.78,10.49,9,Fog,High
21.27,81.8,6.4,15.89,3,Heavy Rain,High
11.92,36.6,6.44,14.76,0,Clear,Medium
10.92,38.4,13.06,3.23,11,Clear,Low
27.45,75.5,10.08,13.49,7,Clear,Low
30.12,51.6,10.19,12.23,17,Snow,High
28.01,81.1,10.8,5.08,0,Fog,High
12.98,35.7,8.72,4.73,1,Cloudy,Low
-10.68,63.2,4.69,16.42,21,Cloudy,High
13.22,64.4,9.75,24.46,10,Cloudy,Low
5.9,73.6,8.95,2.76,20,Heavy Rain,Medium
13.44,46.4,6.42,20.81,2,Snow,Medium
6.95,29.6,5.73,4.92,8,Clear,Low
14.75,68.1,8.86,24.58,16,Fog,Medium
2.53,74.5,4.93,9.85,5,Clear,Low
-0.37,83.1,8.57,5.57,5,Clear,Low
29.67,58.5,8.21,15.19,2,Snow,Medium
3.36,79.0,8.64,3.34,8,Cloudy,Medium
15.0,73.7,10.21,16.64,16,Clear,Medium
26.45,88.8,10.87,10.88,7,Clear,Low
25.97,64.0,6.87,22.29,2,Clear,Low
24.54,33.9,11.61,4.7,15,Clear,Low
18.63,63.8,8.34,13.72,16,Thunderstorm,High
23.69,66.6,14.26,21.6,9,Rain,High
31.48,74.3,7.24,14.98,6,Cloudy,Low
20.1,37.4,4.17,21.45,17,Heavy Rain,High
-7.05,59.4,11.5,3.95,17,Clear,Medium
8.66,80.6,10.28,18.55,14,Clear,Low
23.36,63.1,12.6,18.7,9,Cloudy,Low
7.47,59.5,9.93,2.68,12,Cloudy,Low
34.44,99.3,15.0,21.9,3,Clear,Medium
14.24,45.7,8.43,14.95,0,Rain,Medium
16.02,87.2,12.14,9.47,6,Cloudy,Low
28.5,83.4,7.42,9.31,12,Clear,Low
12.81,60.9,10.48,2.66,16,Rain,Medium
17.12,64.4,11.03,17.68,5,Rain,Medium
25.79,64.3,11.5,14.72,16,Thunderstorm,High
-2.67,68.3,11.33,17.25,7,Fog,High
11.58,54.3,0.1,12.71,14,Clear,Medium
24.95,57.3,8.79,13.85,2,Clear,Low
15.79,58.6,7.27,9.34,7,Cloudy,Medium
32.61,59.2,7.87,21.69,4,Cloudy,Medium
-3.91,59.4,8.15,17.46,15,Snow,High
-5.28,24.7,11.93,13.56,17,Snow,High
24.24,66.8,9.61,10.79,1,Cloudy,Medium
25.39,55.5,7.48,3.91,9,Fog,High
12.68,31.4,4.6,5.86,14,Cloudy,Low
19.8,58.7,13.6,8.69,17,Rain,Low
23.94,58.1,7.06,23.42,18,Rain,Medium
5.23,88.0,8.61,5.66,18,Cloudy,Low
6.52,55.3,15.0,6.01,3,Clear,Low
17.28,77.0,7.14,3.25,15,Clear,Low
25.85,89.9,8.17,0.39,19,Clear,Low
1.01,53.7,9.7,3.77,13,Cloudy,Low
12.62,64.1,4.18,14.51,21,Rain,Low
12.07,96.1,3.83,7.57,19,Clear,Low
20.02,69.1,7.56,7.17,23,Snow,Medium
14.9,71.7,7.66,6.36,22,Rain,Low
8.45,57.7,9.4,14.13,0,Cloudy,Low
29.98,77.4,6.07,15.51,9,Cloudy,Medium
8.53,64.3,10.3,4.82,21,Clear,Low
11.49,32.0,2.53,5.16,1,Cloudy,High
-4.1,58.6,8.79,11.2,1,Cloudy,Medium
6.44,43.7,10.08,15.95,6,Thunderstorm,High
21.19,67.0,9.99,13.15,9,Heavy Rain,High
18.85,48.5,8.51,19.41,14,Clear,Low
22.19,73.6,7.02,0.71,13,Cloudy,Low
21.61,65.8,8.42,15.74,17,Snow,High
40.05,42.5,12.7,30.46,5,Fog,Medium
6.03,56.1,7.2,12.43,11,Fog,Medium
-4.43,76.2,11.93,12.8,8,Snow,High
2.39,85.7,12.41,16.67,21,Clear,Low
6.56,48.8,3.79,7.09,21,Rain,Low
3.31,45.2,8.62,3.48,19,Rain,Medium
16.12,100.0,6.07,12.52,4,Snow,High
30.03,64.8,4.49,2.89,2,Fog,High
33.48,66.6,11.38,15.56,12,Cloudy,Low
21.05,51.7,10.42,17.08,16,Cloudy,Low
40.7,68.9,9.79,2.43,19,Cloudy,Low
10.72,95.9,5.74,13.47,19,Fog,Medium
-4.59,69.6,9.63,10.05,5,Cloudy,Medium
27.64,84.2,5.07,25.3,8,Clear,Low
-7.06,65.5,9.23,23.79,22,Cloudy,Medium
5.94,46.5,7.02,19.57,16,Heavy Rain,Low
21.24,52.7,12.15,22.9,23,Thunderstorm,High
13.77,44.9,7.91,8.71,5,Cloudy,Low
12.71,68.9,9.69,14.34,6,Heavy Rain,High
0.83,87.0,9.7,9.73,15,Clear,Low
14.87,67.9,8.77,3.03,11,Cloudy,Low
27.04,59.5,9.32,12.74,23,Clear,Medium
15.24,50.8,9.91,11.25,0,Rain,Medium
5.04,71.4,6.31,10.18,14,Fog,Low
0.03,42.7,10.21,11.47,23,Snow,Medium
5.28,44.6,11.59,12.55,12,Rain,Low
19.71,81.2,10.19,19.99,3,Cloudy,Medium
19.12,60.0,7.94,6.74,1,Snow,High
5.39,59.6,9.52,0.48,10,Fog,Medium
-11.53,62.0,7.91,18.1,18,Heavy Rain,High
20.04,78.1,8.64,19.71,16,Rain,High
4.23,68.0,5.44,15.22,2,Heavy Rain,High
23.27,51.6,13.14,1.75,15,Cloudy,Low
5.93,52.3,14.81,10.82,21,Cloudy,Low
3.15,61.5,6.89,14.57,15,Thunderstorm,Low
16.84,70.4,11.36,2.38,6,Cloudy,Low
43.29,64.4,13.37,5.12,0,Cloudy,Medium
23.99,62.8,6.13,10.68,13,Clear,Low
16.63,65.8,2.52,22.65,17,Cloudy,High
19.31,64.3,13.55,14.03,20,Cloudy,Low
-6.01,51.0,8.97,6.85,17,Clear,High
1.53,84.9,7.44,10.19,11,Thunderstorm,Medium
-15.13,56.3,9.14,6.0,13,Fog,High
35.76,67.3,7.89,8.29,4,Thunderstorm,Medium
33.33,27.9,15.0,18.5,17,Cloudy,Low
19.71,61.1,7.41,5.28,15,Rain,Low
16.62,45.2,9.98,23.83,0,Clear,Low
-3.62,47.4,12.88,31.7,7,Cloudy,Medium
12.37,100.0,12.86,13.46,3,Clear,Low
36.51,69.5,12.29,4.52,23,Rain,High
16.58,87.1,7.72,22.47,1,Clear,Low
8.22,80.4,8.54,14.5,12,Clear,Low
-6.1,82.7,2.48,7.27,7,Cloudy,Medium
31.56,61.4,8.78,3.25,22,Clear,Low
14.16,93.9,9.1,8.35,4,Fog,Medium
-6.08,80.2,11.23,13.73,22,Clear,Low
3.91,65.7,14.39,20.06,4,Rain,Medium
-0.33,69.7,11.13,14.56,0,Clear,High
13.42,62.5,12.21,16.09,10,Cloudy,Low
17.49,65.9,8.95,9.0,11,Clear,Low
8.96,64.2,12.85,19.69,14,Thunderstorm,Medium
24.32,71.9,9.03,10.14,12,Snow,Medium
15.95,96.3,12.42,28.54,13,Snow,High
27.75,43.3,11.41,6.13,7,Clear,Low
10.71,85.6,10.18,15.55,20,Cloudy,Low
45.0,58.4,4.38,31.7,13,Snow,Medium
8.23,87.9,12.28,21.38,9,Cloudy,Low
4.16,59.0,10.13,18.71,1,Clear,Low
2.68,72.4,11.11,14.67,9,Cloudy,Medium
12.47,62.1,9.94,12.48,10,Fog,Medium
-5.63,33.8,10.46,10.44,0,Clear,Medium
18.53,96.3,12.9,6.94,19,Clear,Low
-7.86,48.0,7.58,1.82,18,Rain,High
16.94,66.5,10.4,17.77,5,Clear,Low
-1.22,46.1,6.67,1.84,14,Cloudy,Low
10.42,40.9,10.73,17.86,3,Cloudy,Medium
22.25,61.3,9.75,9.22,3,Rain,Medium
42.65,54.3,7.11,3.4,16,Clear,Low
2.06,44.0,9.28,24.65,4,Rain,Medium
13.2,64.4,7.29,1.04,22,Cloudy,Low
6.31,38.3,7.87,6.0,4,Cloudy,Medium
4.56,67.3,10.06,6.85,15,Rain,Medium
6.42,62.7,9.81,13.35,9,Rain,Low
24.89,20.4,3.24,6.49,1,Rain,Medium
9.14,55.6,10.11,25.16,0,Clear,Low
41.99,73.4,8.09,0.34,3,Snow,High
19.99,45.9,7.76,48.77,18,Rain,Medium
2.88,74.2,5.62,2.47,23,Cloudy,Low
10.6,72.8,8.86,38.6,7,Cloudy,Low
5.38,46.7,7.43,21.84,6,Clear,Low
24.6,64.8,12.82,11.01,22,Heavy Rain,Medium
-4.67,79.8,3.75,14.04,9,Clear,Medium
-1.09,49.2,6.11,8.59,6,Cloudy,Low
7.9,61.3,5.91,15.12,13,Fog,Low
23.2,85.7,9.78,5.37,8,Cloudy,Medium
29.8,49.6,12.52,18.38,7,Clear,Medium
31.57,73.3,10.51,13.64,22,Thunderstorm,Medium
21.36,45.6,5.72,3.09,17,Cloudy,Medium
14.01,62.1,7.71,15.84,4,Clear,Low
24.54,73.0,6.57,15.29,14,Cloudy,Low
1.27,21.7,10.52,5.55,20,Cloudy,Low
-7.14,55.4,7.65,8.15,11,Cloudy,Medium
20.24,72.7,4.76,16.61,3,Cloudy,Medium
2.93,69.1,10.75,21.82,11,Snow,Medium
14.22,55.6,12.79,10.72,11,Clear,Low
16.44,45.1,8.46,20.38,4,Rain,Medium
17.98,76.3,9.36,22.5,20,Rain,Low
26.25,59.2,4.48,23.73,0,Thunderstorm,High
24.98,74.8,2.82,15.75,3,Clear,Medium
17.34,71.8,3.45,3.88,2,Clear,Medium
9.7,56.9,8.87,20.02,0,Fog,High
16.29,84.3,8.08,10.28,6,Thunderstorm,Medium
7.85,54.3,10.64,16.56,5,Heavy Rain,High
12.64,86.4,8.41,6.34,19,Cloudy,Low
45.0,88.8,11.96,6.6,6,Thunderstorm,High
17.19,83.9,11.62,5.69,5,Rain,Medium
20.4,61.7,8.03,0.08,9,Clear,Low
6.53,100.0,5.99,6.72,2,Snow,High
27.24,67.7,3.25,2.7,17,Cloudy,High
24.12,69.3,13.3,17.1,19,Clear,Low
24.21,64.6,6.17,2.42,1,Heavy Rain,High
17.58,44.7,4.51,5.98,15,Snow,Medium
27.41,88.3,9.39,12.03,13,Snow,Low
30.26,54.7,4.54,28.31,23,Clear,Low
18.4,81.6,9.39,5.77,17,Cloudy,Low
13.62,85.9,7.99,0.44,21,Heavy Rain,Medium
25.73,75.9,11.77,0.19,19,Heavy Rain,Medium
4.15,52.5,11.51,4.25,14,Fog,Low
6.38,58.9,12.31,6.09,23,Cloudy,Low
14.36,16.8,9.62,32.74,14,Clear,Medium
-5.9,62.9,6.42,20.7,19,Cloudy,Medium
24.93,79.4,5.89,9.16,10,Clear,Low
3.45,60.7,7.41,28.68,2,Rain,Medium
9.34,54.4,14.98,6.49,15,Cloudy,Low
12.44,59.6,8.25,8.3,4,Cloudy,Low
15.47,86.9,9.48,7.76,12,Rain,Low
10.88,64.0,13.56,21.24,17,Clear,Medium
14.19,98.4,9.76,11.37,20,Fog,Medium
14.28,54.7,6.75,25.57,5,Clear,Low
9.64,68.9,11.19,15.91,21,Clear,Low
5.72,57.2,7.71,20.18,5,Clear,Low
27.98,100.0,9.87,4.35,18,Cloudy,Low
-10.25,68.2,10.54,3.29,20,Fog,High
12.53,100.0,7.52,3.0,15,Snow,Medium
9.37,57.4,9.56,8.15,11,Cloudy,Medium
20.03,92.5,13.8,1.85,14,Cloudy,Low
-2.45,67.1,7.12,23.16,9,Clear,Medium
9.0,80.1,12.95,10.21,2,Cloudy,Medium
13.77,43.0,7.23,17.54,11,Clear,Low
27.84,71.3,14.41,7.57,0,Clear,Low
18.99,45.8,6.43,19.42,6,Snow,Medium
0.8,69.6,7.82,5.69,23,Rain,High
9.15,37.7,13.52,11.56,2,Fog,High
25.63,63.3,13.66,16.51,1,Cloudy,Low
0.59,84.7,11.46,17.27,23,Cloudy,Medium
14.06,74.9,5.75,9.14,17,Cloudy,Medium
14.89,42.8,9.25,3.4,7,Fog,High
10.37,30.8,9.0,21.1,2,Clear,Low
45.0,73.9,6.43,8.47,12,Clear,Low
10.05,93.5,11.09,9.25,22,Rain,Medium
20.4,47.6,6.67,31.97,1,Cloudy,Low
5.8,100.0,5.13,12.87,23,Rain,Medium
21.33,64.9,4.14,7.33,3,Fog,High
25.45,29.7,14.14,6.79,23,Fog,High
7.94,36.9,7.47,17.81,2,Cloudy,Low
14.34,78.9,7.53,4.61,6,Rain,Low
4.26,67.3,5.91,16.61,1,Cloudy,Medium
1.27,91.7,13.1,21.91,10,Cloudy,Low
27.44,43.4,4.86,11.21,15,Snow,Medium
8.35,67.1,5.39,20.89,3,Clear,Low
-13.96,65.1,8.03,11.38,0,Clear,Low
36.18,62.4,8.94,5.81,3,Rain,Medium
5.37,58.1,10.98,2.98,10,Clear,Low
12.04,58.5,6.97,14.48,12,Clear,Low
34.69,68.1,13.63,14.66,15,Clear,Low
13.3,70.4,6.99,20.83,22,Thunderstorm,Low
13.04,69.5,5.97,19.96,8,Snow,High
0.26,86.7,5.69,30.61,14,Rain,Medium
-4.62,43.4,6.68,6.77,3,Cloudy,Medium
13.0,32.4,5.49,15.2,8,Clear,Low
19.35,83.3,11.25,5.81,5,Thunderstorm,High
18.67,48.0,6.0,20.37,4,Clear,Low
9.22,58.2,8.6,3.66,3,Rain,Medium
15.24,54.0,5.91,20.22,1,Cloudy,Low
-7.05,53.6,5.48,5.37,7,Clear,Medium
20.52,38.8,12.32,18.9,1,Cloudy,Low
16.94,54.7,13.81,22.86,8,Cloudy,Low
38.68,76.7,12.81,1.99,1,Rain,High
15.09,64.9,4.59,0.12,9,Heavy Rain,High
3.69,74.1,5.0,14.11,19,Clear,Medium
14.39,56.1,14.94,13.16,5,Snow,Low
11.07,81.3,8.24,9.37,1,Rain,Medium
20.22,55.8,4.88,7.71,5,Heavy Rain,High
15.32,27.0,12.25,4.3,10,Cloudy,Low
-0.12,70.7,9.2,14.98,15,Rain,High
-4.63,78.8,10.71,3.32,15,Rain,Medium
18.15,54.9,2.29,15.29,0,Cloudy,Medium
31.6,86.6,8.02,6.83,22,Clear,Low
15.95,49.7,11.85,8.2,10,Rain,High
24.76,77.1,7.08,22.94,7,Heavy Rain,High
27.15,96.4,12.71,20.59,22,Cloudy,Low
18.2,65.7,5.05,3.03,4,Snow,Medium
5.23,60.9,8.66,4.14,18,Snow,Medium
17.34,63.1,13.93,19.0,23,Heavy Rain,High
29.48,94.3,5.55,0.9,7,Clear,Low
21.36,72.3,9.81,25.09,10,Cloudy,Low
23.98,100.0,10.76,13.22,13,Thunderstorm,Medium
9.45,70.0,9.27,6.8,19,Clear,Medium
12.57,53.2,8.25,12.09,23,Clear,Low
13.58,54.5,6.37,24.25,13,Cloudy,Low
14.38,66.1,9.59,7.18,17,Clear,Low
29.02,28.3,8.69,21.24,20,Heavy Rain,Medium
-13.17,56.5,4.69,22.75,14,Fog,High
15.37,56.8,12.3,9.11,18,Cloudy,Low
14.05,69.3,6.27,11.36,13,Heavy Rain,Medium
-1.46,100.0,4.77,13.23,13,Rain,High
23.06,66.0,7.21,18.6,21,Rain,Medium
6.31,30.4,6.32,5.43,8,Clear,Low
10.72,48.5,8.23,11.87,4,Rain,High
37.19,69.7,5.27,11.1,17,Heavy Rain,High
27.12,66.7,10.34,18.11,13,Clear,Low
21.89,94.2,13.14,36.08,13,Fog,Medium
19.57,82.3,9.32,5.4,8,Cloudy,Low
13.02,81.7,4.67,12.71,17,Heavy Rain,High
38.99,61.1,6.26,5.15,11,Rain,Medium
24.63,84.8,9.66,7.6,15,Heavy Rain,High
6.01,48.9,3.1,2.32,0,Clear,Medium
-1.8,82.4,5.3,1.77,22,Rain,Medium
21.8,59.9,4.06,22.65,19,Clear,Medium
14.33,38.9,9.35,15.2,11,Cloudy,Low
-2.15,75.7,15.0,12.84,4,Clear,Medium
20.14,90.2,5.22,4.13,23,Cloudy,Low
11.77,57.7,11.45,11.33,13,Rain,Low
21.37,93.1,7.31,1.59,11,Clear,Low
20.3,35.2,5.04,11.75,22,Clear,Low
7.7,43.5,13.69,15.0,21,Thunderstorm,High
22.59,62.4,15.0,7.12,6,Clear,Low
9.03,58.3,10.24,5.19,16,Cloudy,Medium
9.81,53.0,10.09,7.57,7,Fog,High
8.61,67.4,9.19,19.33,0,Cloudy,Medium
28.57,55.5,8.56,13.81,9,Cloudy,Low
11.63,58.5,10.02,2.46,5,Clear,Low
31.47,70.0,11.03,18.51,13,Heavy Rain,Medium
36.4,53.0,13.99,16.89,10,Rain,Medium
6.14,63.1,7.43,13.68,5,Clear,Low
-20.0,53.4,9.38,26.81,10,Rain,High
27.53,43.3,8.73,12.21,17,Clear,Medium
10.9,78.7,12.07,15.88,14,Clear,Low
4.61,95.7,15.0,16.22,15,Snow,Medium
7.94,84.2,12.18,19.9,3,Fog,High
10.02,71.0,11.39,9.99,2,Heavy Rain,Medium
30.57,53.5,11.72,6.2,15,Rain,High
16.92,59.8,12.8,20.76,12,Rain,Low
30.4,84.0,15.0,20.29,15,Clear,Low
20.93,23.9,3.94,23.47,8,Cloudy,Medium
11.29,58.5,10.8,15.74,2,Rain,High
10.32,78.2,1.26,2.84,8,Heavy Rain,High
21.74,44.5,11.85,13.48,15,Rain,Low
24.85,72.6,10.65,12.3,23,Cloudy,Low
26.96,71.8,7.36,23.07,13,Cloudy,Low
11.86,38.8,0.99,21.53,9,Heavy Rain,High
17.1,66.6,8.96,17.52,8,Cloudy,Low
22.01,53.9,9.67,6.66,0,Cloudy,Low
10.39,72.5,8.81,4.58,4,Clear,Low
1.38,77.1,7.14,8.72,8,Cloudy,Medium
5.32,72.2,6.31,8.93,14,Rain,Medium
12.11,66.3,8.84,13.5,14,Cloudy,Low
22.95,70.2,6.59,25.32,7,Heavy Rain,High
30.11,43.8,11.43,19.01,12,Thunderstorm,Medium
-1.27,64.4,8.76,3.73,5,Clear,Low
7.83,50.7,3.83,4.54,1,Rain,High
10.71,83.6,9.53,3.73,6,Cloudy,Low
24.54,77.3,10.24,10.95,4,Clear,Low
8.66,77.2,13.85,19.25,12,Cloudy,Low
9.84,95.8,11.78,20.68,18,Cloudy,Medium
-1.94,59.1,6.3,8.61,4,Rain,High
20.8,55.1,13.28,11.73,0,Rain,High
13.06,58.6,4.84,27.07,1,Cloudy,Medium
7.15,36.2,9.08,1.36,5,Clear,Low
11.89,37.6,11.26,17.74,3,Fog,High
28.52,76.2,13.38,16.77,23,Thunderstorm,Medium
2.94,39.9,14.67,9.33,5,Clear,Low
4.9,45.7,12.82,11.83,15,Snow,Low
30.03,63.2,8.59,15.78,16,Fog,High
15.91,57.6,10.74,9.35,5,Clear,Low
23.04,80.9,9.67,6.26,3,Cloudy,Medium
19.82,66.1,6.87,5.58,4,Clear,Medium
14.58,50.6,8.65,28.76,21,Cloudy,Low
10.82,82.5,14.39,8.04,9,Clear,Low
24.98,78.1,10.94,13.81,0,Clear,Low
28.95,39.6,15.0,19.07,15,Cloudy,Medium
28.01,69.5,5.75,10.1,10,Clear,Low
0.77,52.1,7.86,12.32,4,Cloudy,Low
30.66,51.7,10.25,16.52,3,Snow,Medium
10.7,98.7,11.23,4.37,17,Rain,High
5.94,67.2,8.65,1.83,7,Heavy Rain,High
12.97,61.1,11.4,5.42,1,Clear,Low
24.97,66.5,11.38,27.56,18,Cloudy,Medium
21.49,80.7,4.84,6.82,4,Clear,Low
11.94,52.4,11.26,13.18,23,Cloudy,Medium
25.05,55.4,12.22,0.07,14,Rain,Medium
16.68,76.8,9.89,24.08,13,Cloudy,Low
8.12,37.7,3.48,9.29,16,Cloudy,Low
6.5,82.8,8.17,7.91,5,Rain,Medium
19.92,36.1,10.31,10.8,16,Clear,Low
14.01,60.6,6.4,34.62,4,Clear,Medium
-1.51,36.2,11.75,15.97,6,Clear,Medium
25.17,46.0,11.19,10.59,13,Fog,Medium
9.24,88.4,9.4,13.95,9,Thunderstorm,Medium
34.11,83.8,9.05,24.18,21,Clear,Low
-1.84,85.7,9.58,5.75,0,Cloudy,High
12.83,38.9,8.99,4.33,2,Cloudy,Low
6.6,46.1,5.14,5.13,0,Rain,Medium
3.29,71.1,7.71,25.19,21,Clear,Low
9.16,77.9,9.22,11.62,9,Thunderstorm,High
36.25,50.6,13.26,1.7,21,Clear,Low
16.72,54.6,11.08,10.16,13,Cloudy,Low
5.5,44.6,13.42,4.52,20,Clear,Low
-6.94,94.8,4.79,15.24,19,Cloudy,High
-5.66,56.5,7.93,8.52,2,Clear,Medium
8.56,65.6,15.0,2.12,23,Clear,Low
7.4,66.5,6.77,11.26,12,Fog,Medium
12.31,84.9,6.71,11.49,14,Rain,Low
-12.27,47.9,8.18,0.72,5,Rain,Medium
13.9,86.0,15.0,5.64,19,Cloudy,Medium
27.33,42.0,6.99,14.54,1,Clear,Low
34.47,86.0,10.67,9.47,3,Thunderstorm,High
-7.73,34.1,10.18,10.06,5,Cloudy,Medium
5.38,63.1,3.21,18.71,19,Rain,High
4.75,94.3,8.95,5.45,19,Fog,Medium
16.75,77.6,7.34,12.54,6,Cloudy,Low
0.36,72.6,11.03,17.96,13,Cloudy,Low
35.19,46.1,14.22,10.36,9,Clear,Low
15.52,51.8,7.97,0.75,13,Clear,Low
13.52,89.2,7.97,6.05,0,Clear,Low
34.11,73.5,15.0,7.94,10,Rain,Medium
14.81,81.0,6.87,2.21,11,Fog,Low
19.8,66.3,4.97,15.34,0,Heavy Rain,High
5.99,59.9,13.13,12.03,15,Clear,Low
-1.45,78.8,8.85,6.21,9,Clear,Medium
7.68,69.7,9.85,20.87,6,Clear,Low
41.24,61.9,15.0,7.3,18,Snow,Medium
22.6,39.5,4.79,25.32,19,Clear,Medium
18.29,82.2,8.41,9.58,6,Cloudy,Low
3.28,72.9,5.29,3.41,22,Thunderstorm,Medium
25.94,54.1,10.01,3.68,0,Thunderstorm,High
-1.29,86.2,7.34,12.82,13,Clear,Low
-3.8,69.4,5.48,2.37,17,Thunderstorm,High
8.29,69.7,11.2,13.3,5,Clear,Low
38.45,80.9,9.03,8.4,8,Snow,High
37.77,77.0,5.25,8.19,16,Clear,Low
9.59,70.3,5.43,11.63,8,Clear,Low
6.91,61.6,9.62,21.04,7,Heavy Rain,High
-4.68,100.0,3.99,7.11,15,Cloudy,High
15.94,51.8,9.68,13.66,3,Thunderstorm,High
16.94,78.4,13.02,16.0,13,Cloudy,Low
24.47,63.5,11.0,1.11,6,Cloudy,Medium
25.93,73.2,7.13,16.7,7,Cloudy,Low
12.63,87.2,9.82,19.34,10,Heavy Rain,High
21.67,59.4,5.25,20.7,17,Clear,Low
6.59,75.8,9.41,2.02,5,Rain,Low
21.44,69.8,8.02,2.65,16,Clear,Low
8.91,53.5,5.88,11.51,8,Clear,Low
20.51,87.6,10.87,11.0,21,Clear,Low
19.54,77.8,3.07,12.17,9,Clear,Medium
15.83,57.2,5.44,8.79,10,Clear,Low
24.53,84.9,5.8,13.67,18,Rain,Medium
-3.84,50.0,7.49,10.99,1,Cloudy,Medium
2.22,64.5,12.9,17.92,20,Clear,Low
11.76,57.3,11.26,25.25,7,Cloudy,Medium
-2.32,78.5,9.32,7.02,19,Snow,High
10.12,56.4,9.17,13.82,8,Snow,Medium
10.5,78.7,8.96,27.13,4,Rain,Medium
30.72,75.7,13.12,12.3,2,Cloudy,Low
16.71,58.2,3.55,14.75,19,Cloudy,High
27.35,97.9,11.31,28.58,0,Cloudy,High
18.62,51.6,7.48,30.33,15,Heavy Rain,Medium
8.57,39.6,10.51,2.45,14,Cloudy,Low
16.6,80.4,10.52,8.3,5,Snow,Medium
23.75,26.3,11.2,20.04,18,Rain,High
29.32,91.9,13.75,16.47,9,Cloudy,Low
13.41,66.8,4.89,18.35,19,Fog,High
-4.77,39.3,12.02,11.59,8,Fog,High
-5.61,47.9,8.81,5.58,18,Cloudy,Low
11.08,35.6,7.62,28.06,10,Heavy Rain,High
-13.05,71.9,15.0,18.96,11,Fog,Low
36.54,41.1,11.11,15.18,20,Rain,Low
22.16,74.0,7.75,0.82,2,Fog,Medium
7.37,59.5,11.87,8.27,9,Clear,Low
1.68,56.4,8.86,17.13,1,Fog,High
27.34,74.2,7.7,0.45,1,Rain,Medium
1.64,76.2,7.18,5.65,3,Clear,Low
2.78,85.6,9.91,15.38,17,Clear,Low
5.81,53.6,7.16,17.31,18,Rain,Medium
16.37,64.5,9.47,7.29,18,Clear,Medium
22.45,53.6,11.66,20.84,23,Clear,Medium
29.31,67.9,9.33,20.55,13,Clear,Low
27.54,51.0,14.93,4.13,4,Clear,Low
15.01,57.4,9.04,26.74,11,Clear,Low
27.25,57.5,13.05,22.5,13,Cloudy,Low
6.95,70.3,11.93,13.86,18,Cloudy,Low
-6.85,65.1,13.58,10.76,11,Cloudy,Medium
6.95,74.1,14.92,19.1,0,Heavy Rain,High
5.32,63.1,3.72,16.8,20,Clear,Medium
7.42,54.6,9.8,9.56,14,Fog,Medium
3.49,68.4,8.66,26.46,2,Thunderstorm,High
9.47,48.5,9.33,6.94,22,Fog,High
22.44,75.2,7.81,6.02,10,Clear,Low
35.58,59.9,7.37,16.03,19,Snow,High
-5.7,68.7,5.7,11.53,17,Heavy Rain,High
-0.45,69.0,9.29,18.3,6,Cloudy,Medium
5.5,93.8,11.8,0.55,21,Thunderstorm,High
24.19,71.9,7.52,9.71,22,Clear,Low
12.54,66.3,8.01,22.35,22,Rain,Low
6.31,52.5,6.91,1.44,4,Clear,Low
23.6,79.4,6.02,9.84,3,Clear,Medium
26.48,60.1,8.29,7.22,13,Snow,Medium
14.77,37.5,10.03,15.27,5,Rain,Low
5.21,61.5,12.77,15.54,14,Rain,Medium
18.24,68.4,5.42,12.87,16,Cloudy,Medium
12.2,50.3,8.91,9.39,0,Fog,Medium
12.11,62.9,12.53,12.57,18,Cloudy,Low
8.85,63.7,5.46,10.52,3,Cloudy,Medium
26.1,64.0,12.8,11.71,13,Clear,Low
18.0,87.2,7.68,25.11,13,Clear,Low
27.43,41.4,11.13,1.18,0,Heavy Rain,High
31.04,100.0,8.35,15.07,4,Cloudy,Medium
20.51,64.4,10.38,3.52,12,Cloudy,Low
8.92,75.4,13.83,29.59,10,Cloudy,Low
27.48,67.3,8.64,12.8,11,Cloudy,Low
20.59,33.9,11.99,0.59,16,Cloudy,Low
45.0,46.0,9.82,9.91,16,Thunderstorm,High
18.72,55.6,6.64,1.13,15,Fog,Medium
23.37,82.9,8.56,6.3,17,Fog,High
18.49,40.1,8.38,17.54,20,Rain,Medium
13.81,49.6,4.76,24.25,5,Thunderstorm,Medium
11.89,68.0,10.38,21.73,22,Cloudy,Low
18.53,73.5,10.97,11.06,11,Clear,Low
21.25,73.0,11.44,17.13,22,Fog,Medium
28.85,47.3,13.29,19.28,15,Snow,Medium
18.71,36.2,11.86,32.25,9,Cloudy,Low
9.45,74.7,7.19,6.56,1,Clear,Medium
11.08,90.8,7.83,25.58,2,Cloudy,Low
-0.88,58.8,11.52,2.17,14,Cloudy,Medium
34.93,44.4,10.17,22.62,16,Snow,High
8.51,57.3,8.95,6.41,3,Cloudy,Medium
26.61,72.1,6.38,5.85,22,Cloudy,Low
18.32,60.8,7.41,9.44,7,Clear,Low
18.64,90.3,10.75,5.02,18,Rain,Medium
13.59,81.6,3.15,15.83,18,Rain,High
5.55,68.3,1.98,23.04,16,Clear,Medium
3.38,29.8,11.08,7.0,21,Clear,Low
35.74,52.5,7.4,10.43,19,Clear,Low
16.37,55.1,10.41,2.22,3,Rain,Medium
28.5,51.6,13.73,20.15,9,Clear,Low
31.62,68.4,5.96,24.78,13,Rain,Medium
10.07,68.8,3.99,10.43,12,Clear,Low
20.08,34.9,8.17,5.67,12,Fog,High
15.54,79.5,6.95,2.54,4,Snow,High
1.11,65.3,8.92,29.54,23,Cloudy,Medium
12.77,71.4,10.61,23.87,16,Clear,Medium
22.05,78.4,9.98,5.81,19,Clear,Low
9.01,51.2,9.14,17.9,8,Clear,Low
11.1,87.7,12.17,1.99,15,Cloudy,Low
12.92,62.4,11.01,7.42,6,Clear,Low
40.34,92.2,8.46,0.76,14,Rain,Medium
-7.01,48.9,10.91,6.01,6,Snow,Medium
21.02,90.9,4.36,11.59,22,Clear,Low
11.96,48.7,12.19,29.06,12,Fog,High
7.31,100.0,9.07,3.67,11,Cloudy,Low
11.67,47.9,5.4,20.02,12,Clear,Low
23.01,84.0,7.75,21.43,5,Clear,Low
23.69,58.5,12.11,18.5,19,Clear,Low
17.23,77.9,6.7,29.97,6,Rain,High
28.11,64.3,10.23,20.6,21,Clear,Low
30.23,45.4,11.64,28.24,20,Cloudy,Medium
24.8,14.7,9.07,1.68,7,Rain,Medium
8.45,100.0,6.41,18.71,13,Cloudy,Low
20.93,66.3,8.81,25.6,7,Clear,Low
20.99,12.0,4.77,5.05,3,Snow,High
5.21,70.4,7.53,19.38,6,Clear,Low
-3.83,77.4,5.68,0.59,20,Rain,Medium
-9.27,52.1,8.86,5.48,7,Rain,Medium
15.84,52.2,5.19,17.05,22,Heavy Rain,Medium
18.58,64.6,9.25,6.9,17,Cloudy,Medium
0.82,86.6,12.4,12.03,10,Fog,High
27.55,66.8,12.59,6.56,15,Clear,Low
16.83,91.3,5.26,10.84,21,Cloudy,Low
31.19,85.4,7.0,11.4,1,Rain,High
19.45,60.9,11.56,6.31,19,Snow,Medium
2.2,36.7,11.11,19.39,13,Rain,Medium
20.5,60.9,7.15,24.42,23,Rain,Low
23.04,74.5,7.54,1.66,20,Thunderstorm,Low
8.43,66.1,9.25,13.96,21,Cloudy,Low
-2.31,76.4,3.5,0.87,1,Cloudy,Medium
16.2,80.5,10.58,3.77,10,Rain,Low
2.99,74.6,12.25,21.33,21,Clear,Low
28.45,60.0,7.83,30.07,6,Cloudy,Low
10.11,74.4,4.74,9.04,6,Rain,Medium
35.7,100.0,13.24,28.5,16,Cloudy,Medium
-10.49,38.2,9.66,6.17,7,Fog,High
16.62,73.8,11.13,9.89,14,Cloudy,Low
32.15,98.0,5.04,27.01,9,Rain,High
4.32,43.9,5.05,3.79,10,Clear,Low
13.09,83.0,10.24,20.25,3,Thunderstorm,High
10.16,85.4,12.08,8.87,20,Thunderstorm,Low
6.79,38.4,5.61,5.51,2,Rain,Medium
17.94,77.8,8.69,7.42,4,Clear,Low
-0.55,60.1,4.24,7.51,5,Cloudy,High
13.67,63.9,6.9,23.35,6,Clear,Low
21.19,59.2,8.23,14.04,0,Clear,Low
12.42,88.6,10.47,10.67,23,Clear,Medium
3.0,63.0,2.68,5.76,13,Clear,Medium
27.36,56.7,12.96,14.81,11,Thunderstorm,Low
23.76,57.0,8.49,19.95,3,Heavy Rain,High
2.51,58.9,12.88,9.53,15,Rain,Medium
-0.53,45.6,11.1,20.67,2,Heavy Rain,High
3.58,56.5,11.56,14.48,6,Cloudy,Low
21.54,67.1,15.0,11.16,13,Thunderstorm,Medium
18.31,72.3,6.66,20.21,23,Rain,High
24.48,86.7,9.41,7.43,14,Clear,Low
11.09,69.3,6.03,0.74,11,Rain,High
3.9,56.5,8.69,11.52,15,Cloudy,Low
26.03,46.8,11.16,12.32,17,Rain,Low
8.36,70.3,12.38,10.0,12,Clear,Low
17.24,62.9,7.85,22.71,8,Rain,Medium
-3.6,63.5,5.39,16.5,21,Clear,Medium
8.16,69.7,9.22,10.96,7,Snow,Medium
27.11,74.3,6.44,11.95,2,Rain,Low
6.4,69.9,7.27,12.73,7,Rain,High
24.77,61.9,11.02,16.73,18,Cloudy,Low
-12.97,50.6,10.46,12.47,1,Thunderstorm,High
8.29,54.0,11.5,10.61,9,Clear,Low
12.94,80.3,7.99,0.01,0,Cloudy,Low
35.91,57.4,12.03,5.61,21,Rain,Medium
0.97,40.8,9.04,14.49,7,Rain,High
23.05,85.9,8.15,13.69,5,Rain,Low
27.68,48.0,5.7,1.37,16,Thunderstorm,High
6.34,65.6,2.73,6.94,22,Cloudy,High
10.52,73.8,4.31,3.63,1,Heavy Rain,High
16.7,65.1,9.65,24.28,20,Cloudy,Low
-2.78,20.4,6.28,14.26,9,Heavy Rain,High
9.54,72.0,4.06,15.87,4,Cloudy,Medium
30.31,88.9,7.74,11.4,1,Cloudy,Low
21.27,79.2,9.84,6.36,10,Thunderstorm,Medium
13.12,26.8,10.25,7.99,5,Rain,Medium
16.36,100.0,8.91,16.43,5,Rain,Medium
21.97,41.1,8.82,9.66,4,Cloudy,Low
24.27,45.6,7.38,16.53,3,Clear,Low
8.32,79.1,10.9,13.29,18,Cloudy,Medium
33.42,73.2,8.47,14.66,9,Clear,Medium
30.8,66.4,8.77,15.12,19,Heavy Rain,High
23.13,54.8,12.11,7.26,12,Heavy Rain,Medium
4.88,89.0,11.38,9.2,1,Clear,Low
2.76,64.3,8.45,20.18,9,Cloudy,Medium
11.08,36.8,8.02,28.44,2,Fog,High
15.73,87.2,8.0,20.26,7,Clear,Low
-6.22,68.9,2.94,13.1,19,Cloudy,High
20.94,85.1,12.29,5.18,7,Clear,Low
30.45,75.3,6.95,13.03,5,Cloudy,Low
21.92,100.0,11.56,2.12,3,Cloudy,Medium
6.89,59.4,9.12,1.69,3,Cloudy,Medium
5.47,65.3,13.18,8.23,5,Snow,Medium
18.6,78.0,10.59,15.11,21,Cloudy,Medium
13.16,59.5,11.74,17.56,12,Clear,Low
20.32,79.4,7.22,8.69,18,Heavy Rain,High
22.22,11.9,5.14,8.0,3,Clear,Low
28.1,63.7,9.44,4.41,14,Rain,Medium
1.41,63.1,3.25,16.56,19,Cloudy,Medium
17.66,62.5,7.6,15.96,18,Clear,Low
10.64,49.2,5.43,20.16,17,Clear,Medium
13.82,81.3,6.48,13.17,18,Snow,Medium
25.37,55.9,10.79,0.2,23,Clear,Low
26.68,68.6,10.59,8.86,9,Thunderstorm,Medium
31.78,64.3,8.51,19.71,7,Cloudy,Medium
20.11,74.0,9.96,3.62,2,Rain,Medium
13.68,90.8,7.38,11.24,4,Cloudy,Medium
11.97,68.5,15.0,14.57,9,Thunderstorm,High
-5.82,80.1,9.9,30.03,1,Clear,High
31.08,67.6,7.23,6.59,18,Cloudy,Low
11.14,55.9,11.63,10.9,8,Fog,High
21.07,62.5,12.72,27.19,7,Clear,Medium
23.15,59.9,6.68,6.71,22,Rain,Low
0.06,75.2,4.74,21.67,1,Fog,High
3.92,66.9,5.34,15.53,14,Thunderstorm,Medium
33.56,50.7,6.99,10.01,14,Heavy Rain,Medium
18.49,61.0,8.84,16.06,23,Clear,Low
8.03,37.5,4.11,10.67,9,Cloudy,High
13.48,61.7,7.75,32.32,21,Rain,Low
28.03,65.0,8.38,6.59,16,Clear,Low
26.21,97.6,9.97,9.46,9,Rain,Medium
-2.59,89.3,10.84,9.72,12,Fog,Medium
34.61,46.4,10.2,10.79,10,Rain,Low
26.59,68.6,14.38,21.72,14,Cloudy,Low
13.17,68.9,12.28,7.98,7,Heavy Rain,High
0.7,60.9,9.67,16.43,7,Clear,Low
27.65,62.0,6.09,14.08,17,Rain,Medium
20.72,58.6,6.97,19.55,23,Cloudy,Low
-2.49,98.7,4.71,10.77,13,Rain,High
12.22,57.5,9.46,14.9,7,Cloudy,Medium
45.0,71.1,9.99,10.89,1,Cloudy,Medium
15.2,19.5,11.68,3.13,22,Clear,Low
6.1,79.8,9.8,26.39,22,Rain,Medium
2.9,86.3,12.16,5.14,4,Thunderstorm,High
36.27,46.1,12.22,7.69,18,Cloudy,Medium
25.17,55.8,5.92,4.29,16,Rain,Medium
31.89,73.1,7.45,15.62,22,Rain,Low
17.98,65.4,8.97,7.7,12,Rain,Low
30.05,73.4,6.88,25.64,5,Fog,Low
4.82,59.8,8.27,16.81,8,Fog,Medium
16.95,98.5,9.9,9.51,18,Snow,Medium
18.44,52.9,8.63,3.81,4,Cloudy,Medium
31.59,100.0,9.0,11.0,15,Clear,Low
18.83,87.4,6.17,16.68,19,Cloudy,Low
7.49,80.0,10.52,11.59,2,Cloudy,Medium
15.77,46.3,10.3,10.74,12,Clear,Low
-5.12,81.4,6.71,2.82,6,Snow,Medium
-12.85,75.9,5.12,32.19,11,Fog,High
24.98,26.8,12.69,10.19,4,Rain,Medium
10.5,39.7,14.24,0.37,7,Rain,Medium
11.86,71.4,9.7,2.32,3,Cloudy,Low
24.97,62.6,7.91,8.9,9,Thunderstorm,Medium
31.76,55.7,12.14,29.5,15,Cloudy,Low
21.41,84.4,10.41,10.47,7,Clear,Low
38.14,49.1,8.37,8.63,20,Thunderstorm,Medium
21.03,56.8,11.9,19.6,14,Snow,Medium
18.63,53.4,6.57,20.26,23,Cloudy,Medium
17.88,74.2,6.93,17.93,16,Cloudy,Low
-0.43,34.0,10.09,13.8,5,Rain,Low
26.47,56.0,9.34,2.06,13,Snow,Medium
-14.35,34.0,10.91,5.24,16,Cloudy,Medium
7.96,59.4,12.58,2.32,11,Cloudy,Low
15.28,78.0,4.34,9.98,1,Rain,High
5.52,78.3,9.12,8.18,4,Thunderstorm,High
9.58,51.9,14.7,7.24,5,Clear,Low
37.07,74.6,7.21,14.51,9,Rain,High
28.25,61.7,6.86,6.09,20,Clear,Low
6.77,89.5,2.28,8.94,0,Clear,Low
9.37,62.7,9.31,7.62,22,Rain,Low
-0.32,11.5,10.74,11.71,12,Rain,Low
23.46,81.1,10.74,15.28,23,Snow,Medium
12.0,56.7,5.89,0.1,16,Cloudy,Low
-8.6,60.1,8.97,16.08,11,Heavy Rain,High
16.21,71.0,9.66,14.38,2,Cloudy,Medium
20.27,39.4,9.16,15.77,17,Clear,Low
26.56,66.3,5.72,13.2,14,Cloudy,Low
14.12,74.6,9.23,15.25,8,Clear,Low
10.53,71.6,6.56,8.26,19,Cloudy,Low
38.84,54.2,3.38,15.99,16,Cloudy,High
15.08,82.9,11.04,22.3,6,Clear,Low
23.63,47.0,9.42,7.54,3,Cloudy,Medium
8.53,53.7,10.78,7.87,15,Rain,Medium
23.28,62.6,7.4,17.67,2,Cloudy,Low
-2.47,70.3,10.88,7.01,12,Clear,Low
9.46,59.2,12.07,5.53,23,Thunderstorm,High
0.5,87.1,14.26,15.8,17,Heavy Rain,High
7.74,70.3,11.44,8.13,7,Clear,Medium
30.01,66.4,10.15,23.0,23,Cloudy,Low
7.65,69.7,4.86,7.8,21,Cloudy,Low
23.62,78.2,8.68,4.63,11,Thunderstorm,High
33.21,69.3,4.73,11.96,0,Rain,High
14.67,32.4,6.54,15.92,21,Rain,Low
26.93,84.6,14.87,14.88,19,Clear,Medium
21.37,67.2,5.93,16.85,23,Clear,Low
16.4,77.3,1.97,7.02,22,Fog,High
24.0,57.7,11.44,22.22,11,Cloudy,Low
37.08,32.1,6.98,2.9,0,Clear,Low
7.35,24.0,11.3,4.97,9,Cloudy,Medium
3.49,48.0,5.49,12.35,9,Rain,Medium
2.79,74.3,7.72,5.73,7,Clear,Low
26.93,88.4,12.59,9.21,19,Cloudy,Low
28.55,70.4,5.03,3.17,19,Clear,Low
8.56,46.1,8.49,10.13,0,Cloudy,Medium
-10.63,50.9,9.87,16.17,21,Thunderstorm,High
6.9,89.5,6.84,7.18,7,Cloudy,Low
21.57,41.4,9.73,4.09,4,Heavy Rain,High
14.2,100.0,9.05,7.85,6,Clear,Low
17.16,98.8,10.6,21.93,1,Heavy Rain,Medium
8.72,100.0,14.53,21.86,3,Cloudy,Low
27.17,71.9,15.0,7.7,7,Cloudy,Low
19.12,58.9,10.39,16.57,2,Cloudy,Medium
22.04,71.4,8.67,11.83,4,Cloudy,Low
16.91,81.4,10.32,23.56,5,Heavy Rain,Medium
21.29,53.3,8.3,13.72,18,Heavy Rain,Medium
20.5,45.2,4.24,10.19,4,Clear,Medium
3.86,59.9,8.86,26.4,22,Cloudy,Low
19.48,51.1,12.25,3.69,23,Clear,Low
24.5,87.3,4.61,14.87,8,Clear,Low
28.86,53.9,6.05,24.29,0,Clear,Low
19.99,66.7,7.25,18.0,6,Cloudy,Low
3.42,82.7,10.12,5.13,3,Heavy Rain,Medium
5.26,88.0,15.0,4.65,0,Fog,Medium
9.78,68.8,6.57,0.68,19,Cloudy,High
17.27,71.9,9.27,25.35,2,Clear,Medium
13.53,46.7,9.02,1.8,18,Rain,Low
1.52,83.4,8.1,18.42,16,Clear,High
1.44,87.7,8.86,0.84,11,Cloudy,Medium
-10.18,31.3,7.61,35.01,7,Cloudy,High
-20.0,96.7,15.0,0.18,9,Clear,High
13.42,52.4,11.25,12.38,7,Clear,Low
42.84,75.7,7.63,22.91,8,Cloudy,Medium
36.56,66.4,12.55,5.67,6,Clear,Low
3.26,63.9,9.77,17.07,23,Rain,Medium
16.8,61.3,9.17,9.46,22,Cloudy,Low
-2.57,47.1,8.45,15.49,20,Rain,Medium
-0.75,74.4,8.25,21.73,20,Rain,Medium
0.63,59.9,5.34,8.14,6,Clear,Low
12.29,41.4,3.98,25.47,20,Cloudy,Medium
12.81,46.4,10.11,15.17,11,Fog,Medium
18.03,41.7,8.42,29.54,3,Cloudy,Medium
22.96,55.6,11.63,4.51,17,Clear,Low
10.96,73.7,6.33,6.22,23,Rain,Low
15.43,52.2,5.71,9.91,19,Cloudy,Medium
1.87,82.6,11.33,1.09,0,Cloudy,Medium
-1.13,62.9,8.11,20.33,2,Clear,High
-2.99,59.8,11.57,11.32,3,Clear,Low
22.79,65.3,9.1,1.68,22,Rain,Low
10.95,90.1,14.63,4.59,12,Cloudy,Low
-7.45,40.3,11.27,4.17,19,Cloudy,Medium
14.24,94.8,10.23,20.31,3,Fog,Medium
0.01,82.3,11.4,16.11,12,Clear,Medium
34.92,64.6,8.18,10.81,8,Rain,Medium
8.05,86.3,4.07,8.71,12,Snow,High
23.18,59.2,10.08,9.85,16,Cloudy,Medium
28.07,70.1,14.82,28.03,12,Heavy Rain,Medium
3.54,55.3,2.13,9.89,1,Cloudy,Medium
15.91,82.4,10.41,19.72,19,Cloudy,Low
21.64,52.3,4.39,9.04,21,Fog,High
16.39,64.1,8.93,27.14,13,Cloudy,Low
19.33,77.2,9.24,1.03,4,Cloudy,Medium
-0.96,83.9,11.24,19.26,19,Rain,High
21.65,50.2,9.63,5.17,14,Rain,Low
9.17,78.6,13.12,31.92,20,Cloudy,Low
19.19,47.3,12.5,18.28,14,Rain,Low
26.04,26.3,8.41,3.33,16,Rain,Low
23.03,51.5,12.28,3.62,18,Cloudy,Low
19.18,80.0,8.06,18.17,1,Cloudy,Low
22.71,64.8,7.55,17.92,5,Clear,Low
23.26,55.4,5.39,17.25,10,Rain,Medium
32.95,66.0,12.94,13.41,16,Thunderstorm,High
14.59,65.4,8.1,9.13,6,Clear,Low
16.97,76.2,1.74,21.78,10,Clear,Medium
26.18,36.0,10.63,4.22,1,Fog,High
9.12,63.2,7.7,12.48,15,Cloudy,Low
-1.02,67.2,8.1,6.42,15,Rain,Medium
20.92,40.4,8.3,5.7,13,Cloudy,Low
12.53,40.2,7.99,7.87,12,Cloudy,Low
0.51,58.4,15.0,5.38,23,Cloudy,High
21.01,65.2,13.99,16.95,1,Heavy Rain,Medium
32.17,65.2,11.1,1.28,17,Cloudy,Low
-4.56,55.0,9.72,15.88,14,Cloudy,Low
27.27,54.2,12.39,6.29,10,Cloudy,Low
-15.44,57.9,9.73,12.27,4,Fog,High
10.2,70.4,11.45,10.5,22,Snow,Low
37.09,87.4,10.67,7.51,22,Clear,Low
11.06,25.0,9.39,22.92,8,Cloudy,Medium
16.08,76.2,11.82,8.66,16,Clear,Low
24.15,63.0,7.74,18.33,2,Fog,Medium
-5.6,74.5,9.18,18.45,0,Clear,Medium
15.87,86.3,6.06,9.55,23,Heavy Rain,High
15.77,51.4,6.41,0.68,20,Rain,Medium
37.35,82.0,1.41,4.06,0,Heavy Rain,High
0.17,42.4,10.37,23.51,1,Rain,High
10.42,67.3,11.19,16.43,3,Clear,Low
3.86,60.6,12.26,13.25,0,Cloudy,Low
2.59,65.8,5.69,6.9,8,Clear,Low
28.53,47.2,10.32,27.59,9,Clear,Medium
15.32,72.9,9.0,4.19,15,Clear,Low
8.33,93.6,11.21,13.26,3,Snow,High
8.79,47.5,7.05,16.52,21,Clear,Low
8.24,68.4,7.99,0.25,19,Clear,Low
9.31,80.4,4.34,5.17,16,Clear,Medium
-0.17,59.7,6.85,7.88,22,Clear,Medium
11.9,89.5,9.01,19.76,4,Clear,Low
10.69,57.3,9.52,8.06,18,Rain,Medium
5.91,62.9,3.94,0.93,10,Rain,Medium
16.86,47.1,7.47,1.79,8,Rain,Medium
17.88,67.3,9.48,5.1,16,Snow,High
8.32,65.1,13.22,1.41,7,Clear,Low
13.27,76.4,6.46,18.92,0,Rain,Medium
40.9,53.5,10.47,19.27,8,Rain,Medium
40.45,52.7,7.32,12.06,18,Rain,High
2.35,73.3,7.66,9.63,2,Cloudy,Low
4.03,90.1,6.37,18.67,20,Cloudy,Low
2.29,76.3,5.87,18.3,21,Cloudy,Medium
27.68,98.3,7.58,3.12,11,Cloudy,Low
10.22,75.0,12.14,4.36,5,Rain,Low
17.88,74.3,6.74,18.36,19,Clear,Low
38.96,77.2,6.27,14.43,6,Snow,High
14.87,91.8,9.63,17.47,4,Thunderstorm,High
23.47,87.3,9.02,3.95,17,Cloudy,Low
21.25,45.5,8.8,5.24,7,Thunderstorm,High
7.94,79.4,9.76,16.17,14,Cloudy,Low
27.71,69.8,5.97,5.86,5,Clear,Low
4.8,61.5,6.3,1.68,23,Fog,Medium
31.08,33.1,11.96,6.0,5,Cloudy,Low
7.95,37.3,8.56,10.15,23,Clear,Medium
9.26,58.4,10.79,27.31,18,Clear,Low
1.94,38.6,12.67,4.45,10,Rain,Medium
3.91,58.8,11.54,11.44,16,Clear,Low
9.88,77.9,4.89,30.39,22,Rain,Medium
-14.18,54.5,8.65,2.16,15,Snow,High
12.2,66.5,12.12,17.94,22,Fog,Low
8.9,45.7,10.57,5.6,22,Fog,Medium
24.48,70.4,9.55,15.62,20,Clear,Low
20.08,74.1,4.08,33.01,22,Cloudy,Medium
6.51,39.4,7.15,19.12,22,Fog,Medium
9.5,51.5,9.21,13.37,0,Clear,Low
12.18,42.2,4.72,3.44,14,Thunderstorm,High
32.83,74.2,11.38,10.42,16,Rain,Low
5.13,68.0,8.65,6.91,2,Fog,Medium
6.36,64.1,3.06,1.05,15,Clear,Medium
1.46,62.7,7.3,7.16,20,Clear,Low
-2.78,70.8,8.14,4.53,17,Fog,Medium
18.68,71.2,8.61,11.72,7,Clear,Low
17.43,56.1,13.26,22.07,11,Fog,Low
30.39,53.6,10.74,5.36,22,Clear,Low
27.5,63.9,4.9,13.72,6,Cloudy,Medium
43.77,61.6,4.53,3.31,12,Rain,Medium
14.11,100.0,8.2,4.8,20,Fog,Medium
11.87,58.1,9.38,10.03,11,Cloudy,Low
-0.6,70.2,11.98,32.11,2,Rain,High
23.36,73.4,14.19,13.78,19,Cloudy,Medium
16.42,90.2,14.35,13.5,8,Clear,Low
22.82,50.4,7.67,16.82,9,Heavy Rain,High
1.33,89.1,11.8,34.79,20,Rain,Medium
19.22,62.3,10.28,8.08,2,Snow,Medium
17.46,100.0,5.73,3.17,17,Clear,Low
16.67,71.5,3.34,30.0,18,Clear,High
6.8,42.9,9.43,0.92,21,Rain,Low
29.27,61.5,4.51,23.68,6,Cloudy,Medium
39.6,89.1,6.45,11.34,0,Rain,High
1.68,66.5,6.95,15.9,20,Clear,Low
23.65,63.9,9.66,0.93,3,Snow,High
-19.53,77.9,12.84,35.34,21,Cloudy,Medium
23.02,58.8,9.04,8.56,17,Rain,Medium
-7.44,61.2,7.38,5.69,9,Clear,Medium
8.7,48.0,2.79,16.94,8,Clear,Low
-0.76,96.1,10.38,6.2,16,Cloudy,Medium
12.41,43.0,9.09,15.82,20,Cloudy,Low
25.07,68.1,7.35,0.65,0,Cloudy,Low
-7.29,73.6,12.5,13.31,0,Clear,Medium
10.69,64.8,5.43,6.57,19,Cloudy,Medium
8.84,42.4,6.95,4.95,9,Cloudy,Low
33.97,47.0,8.26,3.53,11,Clear,Low
20.18,74.4,7.31,19.97,0,Cloudy,Low
0.87,51.0,10.65,8.85,6,Cloudy,Low
9.34,27.7,10.39,10.35,14,Clear,Low
33.67,72.0,12.15,15.84,21,Clear,Low
23.57,49.3,10.51,22.26,3,Cloudy,Medium
3.98,76.4,8.65,3.69,9,Clear,Low
11.8,61.4,7.98,13.99,17,Heavy Rain,Medium
12.18,60.5,10.37,3.81,19,Rain,Medium
8.54,65.9,8.43,10.12,11,Clear,Low
-5.52,44.5,9.14,21.59,10,Cloudy,Low
6.87,50.1,10.53,9.11,20,Clear,Low
31.67,60.3,9.42,3.69,22,Fog,Medium
10.43,44.4,9.93,9.92,18,Clear,Low
13.76,77.8,6.63,15.43,16,Cloudy,Low
16.69,59.5,13.05,22.98,16,Heavy Rain,Medium
41.62,38.9,5.68,3.28,16,Clear,Low
15.11,54.9,10.32,24.74,12,Clear,Low
28.13,66.8,7.54,16.69,2,Heavy Rain,High
7.82,57.0,12.25,9.83,21,Cloudy,Low
11.89,72.2,11.65,1.22,17,Clear,Low
15.15,75.3,8.99,6.85,8,Clear,Low
5.71,100.0,13.66,21.23,12,Heavy Rain,High
12.56,85.7,8.44,12.24,1,Clear,Low
25.66,35.5,11.65,10.37,17,Cloudy,Low
5.4,58.5,6.82,3.26,9,Clear,Low
15.0,60.2,10.21,18.61,20,Cloudy,Low
23.5,75.4,6.2,10.65,5,Clear,Low
5.11,48.2,9.06,9.87,16,Clear,Medium
28.14,55.4,8.85,11.14,8,Cloudy,Medium
15.87,42.6,11.64,6.19,11,Cloudy,Low
13.02,54.2,6.99,4.66,7,Clear,Low
-9.1,54.8,15.0,1.68,20,Clear,Low
10.52,59.4,4.85,6.42,4,Heavy Rain,High
19.46,43.6,9.7,4.2,17,Cloudy,Low
35.94,82.7,9.86,16.37,0,Rain,Medium
21.81,73.5,10.61,5.99,18,Clear,Low
28.51,38.9,7.45,8.47,11,Rain,Medium
0.49,65.5,9.73,11.67,21,Cloudy,Low
13.48,36.8,7.31,4.78,9,Clear,Low
29.65,89.2,14.62,1.42,3,Cloudy,Medium
4.35,94.1,7.09,14.0,16,Clear,Medium
26.58,64.0,8.56,29.0,11,Clear,Low
23.8,49.7,7.01,20.19,1,Cloudy,Low
18.3,53.0,6.6,23.52,2,Clear,Medium
11.06,56.8,4.8,0.31,11,Heavy Rain,High
3.16,63.1,11.02,10.28,17,Clear,Medium
36.3,89.7,6.98,10.22,23,Clear,Low
22.58,82.2,6.61,24.86,10,Clear,Low
19.09,82.5,6.11,20.25,22,Snow,Medium
10.05,68.1,9.91,10.52,17,Snow,Medium
15.45,44.2,9.07,8.6,12,Fog,Medium
16.98,51.1,9.08,1.57,2,Fog,High
19.8,66.1,6.72,17.7,20,Snow,Medium
23.81,43.4,10.31,9.11,14,Thunderstorm,Medium
5.61,70.5,7.01,11.01,18,Cloudy,Medium
-2.6,79.5,9.21,17.52,2,Rain,Medium
16.01,74.8,8.58,22.19,22,Clear,Low
-5.97,74.1,3.93,4.99,8,Snow,High
11.12,31.4,15.0,17.32,9,Clear,Low
8.89,89.0,10.72,26.5,12,Rain,Low
20.9,36.8,9.54,24.85,0,Cloudy,Low
38.79,62.3,10.01,7.22,16,Rain,Medium
-8.34,76.1,15.0,14.65,6,Heavy Rain,High
42.29,71.5,12.41,18.76,12,Cloudy,Low
12.2,42.0,10.05,12.18,12,Thunderstorm,Low
19.17,45.2,6.88,9.76,17,Clear,Medium
-1.98,70.2,7.35,3.57,19,Cloudy,Medium
26.96,74.2,3.59,4.21,4,Snow,High
15.5,45.1,7.9,5.74,19,Cloudy,Low
14.26,72.1,10.99,0.65,15,Cloudy,Low
-8.25,37.7,10.9,12.99,21,Cloudy,Medium
15.89,76.2,10.85,19.8,9,Heavy Rain,High
25.15,49.1,7.45,8.23,13,Cloudy,Low
12.16,66.4,10.65,7.83,3,Clear,Low
29.09,63.4,11.47,10.93,8,Clear,Low
28.59,85.9,2.32,14.47,20,Cloudy,Low
7.31,69.4,9.91,13.86,18,Clear,Low
34.14,54.2,15.0,5.51,23,Thunderstorm,High
15.54,71.5,8.13,1.16,20,Rain,Medium
15.6,100.0,1.43,19.98,5,Thunderstorm,High
16.19,78.3,6.56,15.17,7,Rain,Medium
15.83,63.9,3.56,5.87,3,Snow,High
-16.56,50.0,7.1,1.51,12,Clear,Medium
12.77,53.9,5.33,14.0,18,Rain,Medium
-1.37,77.2,11.79,3.92,19,Clear,Medium
34.52,49.1,11.34,15.44,23,Clear,Low
34.03,65.0,10.03,13.42,8,Clear,Medium
25.22,90.9,12.68,30.69,10,Rain,Low
12.14,67.7,7.3,11.3,13,Rain,Low
2.9,45.6,9.22,30.01,18,Clear,Low
7.11,100.0,15.0,12.74,23,Fog,Medium
38.31,96.7,10.76,6.0,3,Fog,High
6.69,74.0,10.75,2.5,8,Heavy Rain,High
-13.27,88.0,6.7,4.11,5,Rain,High
27.36,60.2,7.75,15.86,5,Rain,Low
33.01,78.0,5.99,13.16,3,Cloudy,Low
34.91,57.4,14.04,4.55,14,Cloudy,Low
27.46,40.6,4.33,21.18,15,Clear,Low
29.42,100.0,11.74,25.29,10,Thunderstorm,High
15.64,39.7,10.74,4.64,14,Rain,Low
-9.92,70.4,4.19,21.11,16,Cloudy,Medium
15.33,70.1,12.43,27.15,15,Clear,Low
22.46,74.3,8.22,4.16,22,Cloudy,Low
13.38,63.4,5.04,7.79,4,Clear,Low
12.83,63.6,10.09,4.35,22,Heavy Rain,Medium
3.43,67.5,6.53,20.77,1,Rain,High
2.98,73.6,8.39,8.27,0,Heavy Rain,High
37.06,65.0,7.48,7.91,12,Rain,Low
37.49,63.8,6.36,15.79,11,Fog,Medium
14.97,41.2,5.43,26.04,12,Clear,Low
18.38,100.0,11.39,11.45,23,Cloudy,Low
3.23,74.6,9.97,7.76,10,Rain,Low
22.71,68.8,9.78,9.44,20,Thunderstorm,High
36.12,53.8,7.91,17.92,16,Cloudy,Low
-3.35,46.9,9.15,0.02,1,Clear,Low
20.57,80.5,6.79,11.85,10,Clear,Low
21.47,62.1,6.74,3.56,3,Thunderstorm,High
21.33,76.2,14.13,1.17,20,Clear,Low
34.71,40.7,11.65,5.5,8,Clear,Medium
39.43,92.8,7.32,7.37,18,Fog,High
12.2,81.2,4.51,21.71,1,Fog,Medium
23.08,63.5,3.9,5.85,8,Cloudy,Medium
16.01,73.4,7.1,16.88,19,Clear,Low
7.41,78.3,9.32,6.16,21,Cloudy,Low
18.25,40.9,9.36,2.43,0,Clear,Low
23.06,95.2,9.44,15.09,11,Clear,Low
17.6,73.7,10.0,23.8,21,Cloudy,Low
4.43,52.3,5.88,25.48,11,Snow,Medium
9.44,45.3,13.52,14.55,7,Clear,Medium
9.53,82.8,8.41,11.37,17,Rain,Medium
4.89,68.8,9.88,15.52,19,Cloudy,Low
18.76,73.7,7.03,34.29,22,Clear,Low
20.02,65.5,9.93,9.37,21,Clear,Low
26.75,47.0,15.0,22.21,0,Clear,Low
4.71,74.2,6.03,6.67,19,Clear,Low
8.07,61.4,5.65,4.52,4,Clear,Medium
33.65,64.6,6.41,27.92,20,Clear,Low
13.03,100.0,8.0,12.02,19,Cloudy,Medium
15.36,80.6,7.44,14.02,5,Clear,Low
12.9,81.7,5.88,16.92,10,Clear,Low
28.6,100.0,8.85,3.97,18,Heavy Rain,High
29.06,71.9,13.68,8.06,20,Heavy Rain,Medium
28.36,67.2,8.55,6.22,20,Cloudy,Low
15.32,52.8,8.71,14.99,8,Thunderstorm,High
4.53,56.9,10.03,15.3,1,Clear,Low
38.1,28.2,10.94,6.6,23,Heavy Rain,High
25.28,79.2,13.12,30.25,20,Cloudy,Low
9.52,42.2,9.72,11.75,5,Cloudy,Low
32.09,81.2,8.99,12.93,13,Clear,Low
8.57,64.2,6.03,24.09,22,Clear,Low
31.93,67.3,11.22,4.13,7,Rain,Low
32.74,64.2,6.47,7.31,18,Clear,Low
3.94,89.9,6.37,14.57,11,Fog,Low
21.98,86.8,9.58,1.28,23,Clear,Low
24.39,64.5,13.62,9.86,9,Cloudy,Low
45.0,48.8,11.18,30.46,3,Cloudy,Medium
6.09,81.6,8.89,28.46,22,Fog,Medium
32.19,47.5,6.06,20.07,8,Clear,Low
15.21,37.0,13.57,22.64,6,Cloudy,Low
0.1,74.0,8.83,16.44,4,Rain,Medium
13.56,86.9,8.13,8.12,9,Clear,Low
15.03,57.7,10.67,26.79,19,Cloudy,Medium
2.29,72.3,7.66,3.46,8,Clear,Medium
18.75,57.5,6.74,20.72,6,Fog,Medium
26.49,78.0,7.03,7.42,10,Snow,Medium
17.86,84.7,7.02,7.96,12,Clear,Low
8.5,60.3,5.62,16.85,19,Rain,Medium
13.22,46.5,5.28,30.31,4,Clear,Medium
14.95,38.8,11.92,24.86,7,Fog,Medium
17.61,81.7,11.01,15.05,16,Clear,Low
28.32,44.5,6.53,12.57,10,Cloudy,Low
18.26,71.7,11.67,19.03,17,Snow,High
-1.83,79.0,9.93,24.29,10,Clear,Low
8.25,56.0,8.03,3.85,2,Fog,Medium
16.99,62.0,5.32,10.86,20,Rain,Medium
28.49,83.0,10.02,2.53,16,Cloudy,Low
30.57,50.5,14.6,10.03,3,Clear,Low
36.3,48.6,9.04,0.68,3,Rain,Medium
16.57,60.8,12.0,4.25,8,Rain,Medium
24.16,88.0,8.36,0.13,22,Cloudy,Low
-2.45,94.0,11.77,7.02,7,Cloudy,Medium
20.16,63.2,8.55,17.28,21,Rain,Medium
2.1,52.2,1.78,4.67,11,Cloudy,High
14.25,84.2,6.83,4.21,4,Rain,Medium
45.0,35.0,9.4,15.56,2,Cloudy,Medium
18.64,69.5,12.25,14.58,8,Thunderstorm,High
4.63,64.2,8.54,27.32,5,Cloudy,Medium
19.89,88.3,9.09,20.41,14,Clear,Low
8.8,90.1,7.24,2.77,23,Thunderstorm,High
3.47,48.0,13.68,5.96,19,Thunderstorm,Medium
40.24,68.0,13.5,18.72,7,Thunderstorm,High
27.8,54.7,6.97,4.02,22,Clear,Low
19.15,59.7,4.45,9.08,23,Cloudy,Medium
10.3,76.1,3.58,3.39,10,Clear,Low
11.27,59.0,10.81,0.24,11,Fog,Low
33.51,68.5,9.41,23.33,11,Rain,Low
18.68,82.2,6.65,13.5,9,Clear,Low
-20.0,92.3,9.82,6.34,3,Clear,Medium
44.05,70.2,5.31,7.6,21,Fog,High
17.2,67.1,11.38,27.44,8,Cloudy,Medium
19.12,45.1,7.85,6.09,2,Cloudy,Low
28.04,93.5,5.76,16.26,23,Clear,Low
20.58,73.9,7.9,19.84,2,Clear,Medium
23.96,67.5,7.8,25.0,22,Cloudy,Low
9.92,66.5,10.1,4.34,3,Clear,Low
0.24,71.5,12.5,0.59,9,Clear,Medium
18.36,78.9,12.34,2.07,12,Cloudy,Low
32.18,81.1,9.48,18.58,5,Clear,Low
7.23,94.0,8.44,29.93,13,Fog,High
6.26,69.4,7.29,18.89,13,Rain,Medium
29.65,96.6,3.7,6.06,20,Clear,Low
9.51,84.0,8.94,22.69,10,Clear,Low
10.07,63.9,6.45,7.78,21,Cloudy,Low
10.52,35.0,12.66,4.51,18,Cloudy,Low
14.22,66.5,8.4,9.02,19,Rain,Medium
-3.88,93.1,11.24,6.77,15,Heavy Rain,High
8.53,51.0,7.55,5.68,4,Cloudy,Low
17.76,66.5,6.97,23.0,15,Cloudy,Low
17.68,68.0,10.81,7.36,17,Clear,Low
28.9,82.0,9.83,2.29,8,Clear,Low
37.07,58.0,9.97,17.27,15,Clear,Low
33.15,49.4,8.72,3.41,14,Cloudy,Low
25.98,75.3,11.37,3.7,15,Clear,Low
13.22,51.6,10.93,18.31,16,Cloudy,Low
7.52,32.0,2.47,5.47,16,Clear,Medium
15.21,98.1,8.23,7.92,15,Snow,Medium
22.03,81.7,12.04,12.38,7,Clear,Low
24.86,98.9,5.94,9.42,16,Rain,High
22.48,80.7,3.92,8.14,3,Fog,High
13.55,77.2,8.58,9.09,21,Fog,Medium
24.44,71.7,10.56,10.44,19,Snow,Medium
30.13,61.7,7.62,26.52,6,Rain,Medium
25.56,74.2,12.88,17.67,1,Clear,Low
14.62,55.0,14.53,8.62,3,Cloudy,Medium
4.99,45.8,3.22,16.23,16,Cloudy,Medium
4.71,59.0,7.85,17.65,0,Rain,High
6.83,88.2,2.15,4.42,2,Cloudy,Medium
18.08,42.8,10.98,23.31,16,Clear,Low
21.24,43.1,6.96,13.47,11,Clear,Low
-1.97,75.6,7.57,9.19,8,Cloudy,Medium
8.95,57.5,12.44,26.31,6,Snow,Medium
17.92,73.7,5.01,6.61,12,Rain,Medium
4.2,82.8,4.26,1.42,7,Clear,Medium
20.21,73.3,2.17,17.77,1,Fog,High
11.31,53.6,12.81,18.07,10,Rain,Low
6.32,88.1,12.11,26.82,22,Snow,High
15.64,78.4,8.12,8.3,12,Snow,Medium
19.71,65.5,5.17,19.73,14,Rain,Low
4.82,64.6,11.5,0.79,7,Fog,High
12.09,71.7,15.0,15.77,2,Cloudy,Low
20.61,59.4,8.29,11.41,17,Heavy Rain,High
5.85,35.6,5.39,19.65,9,Clear,Low
-4.89,78.5,12.73,9.88,1,Fog,High
-3.44,77.4,5.6,21.1,7,Rain,High
9.98,23.6,7.9,4.55,0,Clear,Low
-0.82,74.2,1.08,11.27,20,Rain,High
10.83,96.6,8.09,13.74,23,Clear,Low
34.98,44.7,5.17,27.09,21,Cloudy,Low
-1.54,63.7,12.78,19.5,19,Heavy Rain,High
11.61,61.7,6.07,13.84,18,Cloudy,Low
40.59,94.9,11.34,17.76,11,Rain,Medium
19.9,85.2,8.69,21.78,9,Rain,Medium
10.59,49.2,9.38,15.37,1,Fog,Medium
13.12,71.2,10.57,2.77,22,Thunderstorm,Medium
20.15,100.0,8.84,17.66,0,Clear,Low
35.35,53.8,7.06,11.75,6,Cloudy,Low
8.63,64.8,6.56,8.82,10,Clear,Low
5.91,74.2,10.53,4.93,15,Cloudy,Low
-1.55,54.0,3.29,17.21,23,Clear,High
16.24,96.7,14.03,16.61,12,Cloudy,Low
-1.87,56.5,9.4,3.4,19,Fog,High
9.43,40.0,7.99,2.04,10,Rain,Low
4.1,55.6,9.8,29.02,23,Cloudy,Low
27.89,76.8,7.22,19.75,4,Clear,Low
8.9,50.6,8.47,12.78,9,Clear,Medium
19.76,70.4,5.6,17.46,5,Clear,Medium
-4.25,75.1,10.13,7.79,6,Clear,Medium
16.58,43.2,8.76,10.45,19,Heavy Rain,High
0.56,54.9,9.56,12.19,17,Fog,Medium
9.89,71.3,13.45,20.68,16,Snow,High
41.53,77.6,6.59,0.72,2,Fog,High
26.19,55.3,8.61,2.82,22,Clear,Low
13.46,67.7,4.05,0.98,22,Cloudy,Medium
45.0,59.9,10.65,19.68,16,Clear,Low
4.02,78.1,8.95,11.09,9,Clear,Low
28.98,74.3,9.05,3.75,1,Clear,Low
-3.39,58.3,8.53,10.01,10,Rain,High
12.07,73.6,7.27,6.31,2,Cloudy,Medium
-1.17,57.6,15.0,0.91,15,Fog,High
18.09,73.2,9.11,23.34,17,Clear,Medium
15.67,73.5,9.89,10.66,1,Rain,Medium
11.31,100.0,5.58,23.55,6,Rain,Medium
28.1,58.9,11.66,1.04,15,Heavy Rain,Low
8.19,62.5,8.63,16.54,5,Cloudy,Low
18.92,53.3,10.34,0.98,20,Clear,Low
24.85,46.4,11.71,34.01,9,Cloudy,Medium
-2.8,56.8,8.69,3.57,16,Clear,Medium
6.02,77.0,6.97,28.16,17,Clear,Low
15.65,78.3,2.02,11.82,14,Clear,Low
22.56,70.3,7.84,10.36,15,Rain,Medium
32.05,59.7,6.95,17.3,13,Fog,Medium
12.41,56.1,5.57,3.56,4,Clear,Low
11.2,48.5,13.36,19.07,7,Cloudy,Low
4.53,55.0,11.95,19.73,21,Clear,Low
18.96,41.7,3.51,12.11,8,Clear,Medium
11.43,89.4,9.46,14.25,23,Cloudy,Low
11.71,98.1,6.55,29.37,13,Heavy Rain,High
13.87,30.2,10.1,17.86,19,Clear,Low
21.62,70.2,6.6,4.96,5,Clear,Low
8.24,69.9,7.38,18.75,4,Fog,High
5.73,68.8,11.89,7.16,9,Rain,Low
20.18,54.3,11.46,5.42,19,Clear,Low
-20.0,83.4,13.53,16.61,16,Clear,Low
7.76,72.4,8.35,2.92,12,Thunderstorm,Medium
1.18,83.6,4.63,12.42,4,Thunderstorm,High
29.44,51.7,11.76,18.06,0,Rain,Medium
9.71,40.1,11.78,29.19,3,Clear,Medium
8.27,72.8,10.88,17.75,16,Rain,Medium
14.42,47.7,6.77,1.23,22,Cloudy,Low
7.86,84.0,5.79,0.18,23,Clear,Low
10.17,26.7,10.61,27.54,18,Clear,Medium
16.17,56.6,6.34,6.29,10,Clear,Low
9.94,53.9,8.08,1.65,17,Clear,Low
9.85,59.0,15.0,2.96,1,Cloudy,Medium
2.88,69.7,15.0,19.15,8,Rain,Medium
1.15,72.1,11.38,13.02,5,Thunderstorm,Low
15.73,76.5,7.01,17.83,23,Thunderstorm,High
18.68,78.6,6.83,11.7,13,Snow,Low
-2.14,61.9,11.15,2.07,22,Clear,Low
24.12,100.0,13.49,4.09,18,Cloudy,Low
24.17,90.0,7.47,4.49,17,Clear,Low
26.7,59.4,7.63,13.1,4,Rain,Medium
18.6,62.5,9.26,1.35,1,Clear,Low
22.64,59.0,4.83,20.85,5,Rain,Medium
41.22,71.5,4.92,3.0,19,Clear,Medium
11.38,47.5,5.47,2.87,22,Rain,Low
2.45,50.8,10.64,12.01,16,Rain,Medium
-3.41,26.0,9.82,18.85,21,Clear,Low
36.07,57.8,12.41,25.43,1,Thunderstorm,High
36.23,84.2,3.79,2.51,21,Clear,Medium
3.9,62.3,4.45,24.81,2,Clear,Low
6.27,63.3,10.37,13.67,4,Rain,Medium
11.11,70.0,6.38,6.41,19,Cloudy,Medium
29.69,47.0,6.6,18.13,22,Snow,Medium
-0.45,65.5,12.04,24.2,3,Cloudy,Medium
-8.6,81.0,7.34,3.11,8,Clear,Medium
41.01,70.5,7.69,8.12,19,Cloudy,Low
18.75,82.6,8.25,7.1,12,Snow,Medium
20.45,87.8,8.43,17.63,9,Clear,Low
12.54,76.9,11.05,25.14,10,Clear,Low
20.59,52.2,5.37,12.66,7,Snow,Medium
-3.17,58.8,8.44,9.37,23,Snow,High
4.91,99.8,12.49,16.01,12,Snow,Medium
16.26,70.7,15.0,9.89,6,Clear,Low
-12.25,68.3,4.93,7.53,21,Heavy Rain,High
11.37,49.5,9.99,16.65,22,Clear,Low
10.63,63.4,8.43,20.87,1,Rain,High
11.37,77.9,8.7,21.66,23,Clear,Low
8.39,65.3,6.63,1.6,23,Cloudy,Medium
3.05,55.7,11.27,17.46,22,Fog,Medium
-6.86,59.8,11.11,25.79,3,Clear,Medium
16.74,86.5,15.0,34.78,8,Clear,Low
11.4,77.0,5.04,16.31,20,Rain,Low
-1.5,74.6,3.76,20.85,9,Heavy Rain,High
15.75,72.9,15.0,3.07,10,Cloudy,Low
11.46,43.7,8.84,1.89,4,Heavy Rain,Medium
9.47,69.9,7.63,20.89,10,Thunderstorm,Medium
-10.88,84.2,9.56,6.32,11,Rain,Medium
23.19,60.3,4.82,13.4,9,Cloudy,High
0.2,82.6,10.13,24.88,5,Rain,Low
15.76,74.8,8.76,18.41,2,Clear,Medium
5.3,79.9,12.22,18.35,15,Clear,Low
10.34,65.9,11.57,11.55,1,Clear,Low
28.83,81.0,11.82,8.31,20,Cloudy,Low
21.38,38.6,9.57,31.39,1,Clear,Low
28.56,65.6,13.81,23.1,22,Clear,Low
18.96,77.8,10.73,19.62,13,Cloudy,Low
19.75,70.3,7.4,12.25,10,Snow,Medium
-6.37,84.7,6.57,6.74,20,Clear,Medium
11.19,62.2,6.91,21.72,10,Fog,Medium
12.3,55.1,10.77,9.24,3,Clear,Low
29.68,35.5,5.01,12.71,12,Cloudy,Low
8.93,60.1,9.47,17.54,11,Fog,High
18.18,74.3,6.5,13.89,21,Clear,Low
17.71,78.7,5.24,25.95,12,Rain,Low
28.89,39.8,5.73,0.12,1,Heavy Rain,High
13.4,86.2,8.93,12.61,8,Cloudy,Low
24.93,47.5,11.29,31.24,7,Clear,Low
-5.46,62.8,6.97,20.07,5,Cloudy,Medium
-4.37,54.8,2.77,10.23,4,Clear,Medium
-12.4,72.5,15.0,19.19,1,Cloudy,Medium
24.43,66.7,12.35,11.57,18,Clear,Medium
23.08,77.2,11.8,25.2,9,Heavy Rain,High
25.76,98.2,13.88,19.39,9,Heavy Rain,High
6.87,72.2,9.28,4.2,10,Clear,Low
8.24,54.6,8.59,14.15,23,Rain,Medium
13.55,73.3,13.07,15.77,16,Heavy Rain,Medium
32.32,100.0,13.05,16.21,23,Cloudy,Medium
35.33,76.8,10.85,14.87,14,Fog,Medium
24.53,82.0,11.65,17.08,21,Clear,Low
18.97,36.3,5.28,15.77,22,Clear,Low
31.02,72.0,8.23,5.51,12,Clear,Low
11.93,60.2,14.11,7.89,11,Fog,Medium
10.31,52.8,11.41,9.71,22,Rain,Low
13.45,64.6,4.61,12.86,17,Clear,High
3.26,67.0,7.41,9.74,9,Cloudy,Low
12.9,53.8,13.62,21.93,7,Clear,Low
1.59,68.4,10.37,3.36,9,Snow,High
27.3,61.9,9.55,3.61,6,Cloudy,Low
21.52,77.6,9.64,29.7,11,Clear,Low
32.15,69.1,8.75,4.64,16,Clear,Medium
-4.55,71.8,7.43,21.9,16,Cloudy,Medium
37.82,82.6,6.5,17.48,1,Clear,Medium
-3.87,75.0,12.03,4.96,1,Thunderstorm,High
0.62,64.9,9.71,10.8,15,Fog,High
7.55,27.4,11.12,9.46,12,Cloudy,Low
30.69,74.2,10.64,15.21,1,Rain,Medium
17.71,48.6,13.23,5.09,23,Clear,Low
12.07,63.4,10.36,10.41,23,Clear,Low
5.49,71.7,11.47,11.66,1,Clear,Low
-1.51,89.0,9.5,21.92,0,Cloudy,High
28.59,98.2,6.16,8.3,2,Clear,Low
24.58,48.4,8.32,3.22,15,Rain,Medium
31.23,41.3,10.77,7.1,22,Rain,Medium
19.76,70.9,11.03,15.3,9,Thunderstorm,High
-16.71,69.4,13.35,3.94,19,Heavy Rain,High
0.07,43.4,7.62,22.78,5,Cloudy,Low
20.58,64.7,9.68,12.18,0,Cloudy,Medium
10.56,75.8,8.61,15.9,11,Thunderstorm,Low
8.29,42.9,13.87,13.97,10,Clear,Low
1.76,47.1,10.13,5.99,23,Clear,Medium
26.37,53.4,10.19,2.26,7,Rain,Medium
20.47,61.2,8.89,5.7,10,Thunderstorm,Medium
21.01,77.5,8.32,1.55,4,Clear,Low
7.4,59.1,4.65,15.13,9,Thunderstorm,High
17.12,66.0,5.22,10.54,1,Cloudy,Medium
-1.05,100.0,9.54,1.81,8,Rain,High
13.44,47.8,9.16,6.45,5,Rain,Low
-15.34,53.2,9.55,17.87,9,Cloudy,Medium
-3.82,77.2,11.82,23.64,15,Fog,Medium
11.13,82.8,9.28,0.45,18,Cloudy,Low
43.5,72.5,7.96,31.45,7,Rain,Medium
-6.61,97.6,8.37,3.37,20,Cloudy,Low
0.08,70.7,9.73,3.34,7,Heavy Rain,High
17.6,29.4,7.86,27.82,1,Snow,Medium
36.23,66.7,12.19,2.63,6,Cloudy,Low
17.43,54.7,8.97,25.71,5,Clear,Low
23.43,89.9,9.75,6.02,2,Heavy Rain,High
10.95,82.4,6.55,9.36,15,Clear,Low
8.87,36.4,12.19,0.25,14,Clear,Low
15.99,89.3,13.32,23.5,7,Cloudy,Low
7.1,81.9,4.91,22.26,17,Clear,Low
23.69,59.2,10.2,6.06,5,Snow,Medium
-4.28,63.6,8.68,11.33,23,Clear,High
25.68,90.1,9.85,17.96,8,Cloudy,Low
15.47,29.5,10.36,7.76,5,Rain,Medium
12.42,73.0,2.3,24.28,17,Clear,Medium
-4.72,84.7,11.28,11.05,3,Rain,High
3.24,63.4,12.34,7.32,23,Clear,Low
29.38,76.7,12.67,2.25,16,Rain,Medium
12.5,66.9,6.17,0.36,4,Cloudy,Low
18.34,50.9,8.91,17.3,7,Heavy Rain,High
4.45,50.4,7.38,14.12,23,Clear,Medium
14.65,77.8,3.25,19.34,12,Fog,Medium
-1.47,53.6,7.14,6.93,13,Cloudy,High
16.2,37.6,5.75,2.77,17,Cloudy,Medium
19.45,67.2,10.0,7.53,6,Clear,Low
18.85,55.8,4.11,30.34,10,Clear,Low
4.16,43.4,6.06,3.32,10,Clear,Low
10.9,66.3,7.44,11.67,8,Clear,Low
21.45,78.8,11.31,9.72,7,Cloudy,Medium
12.46,65.4,15.0,7.32,10,Rain,Medium
11.55,45.8,9.91,8.27,18,Clear,Medium
37.84,73.7,5.9,14.99,10,Clear,Low
3.59,83.6,6.96,9.14,2,Clear,Low
27.97,100.0,10.97,1.67,0,Cloudy,Low
1.14,91.0,4.96,6.02,0,Clear,Medium
22.86,46.9,12.29,10.16,4,Clear,Low
23.5,80.4,9.82,3.03,18,Cloudy,Medium
8.88,69.6,8.62,4.34,14,Rain,Low
0.39,44.3,3.95,21.05,8,Clear,High
-8.65,70.1,11.76,6.38,0,Heavy Rain,High
7.62,99.5,6.72,15.96,7,Rain,High
21.31,86.5,9.46,10.41,6,Heavy Rain,Medium
2.07,46.8,8.53,0.93,11,Cloudy,Medium
16.16,65.2,4.25,9.0,10,Cloudy,Low
-2.72,73.9,8.31,14.62,4,Thunderstorm,High
12.19,33.9,5.37,27.63,10,Rain,Medium
1.24,34.5,7.04,5.05,2,Clear,Low
14.06,67.8,10.3,11.23,1,Rain,High
8.99,68.0,11.11,20.18,22,Heavy Rain,Medium
0.72,31.9,8.95,23.34,21,Thunderstorm,High
7.09,72.0,6.35,6.16,23,Cloudy,Medium
3.79,84.6,7.06,10.6,2,Rain,Medium
-0.77,61.1,7.01,22.01,16,Clear,High
27.99,66.1,2.59,16.6,21,Cloudy,Low
10.68,75.3,9.22,21.3,9,Clear,Low
-11.43,72.9,4.0,22.54,23,Snow,High
7.52,35.0,9.23,16.98,23,Rain,High
25.98,48.7,4.62,13.29,4,Rain,High
5.86,57.9,5.38,5.96,20,Rain,Low
32.97,49.5,11.01,9.8,1,Clear,Medium
4.72,91.4,9.07,10.4,3,Clear,Medium
21.04,76.4,3.35,22.79,2,Cloudy,High
27.44,45.0,7.32,13.59,23,Cloudy,Medium
20.4,61.1,9.79,13.67,20,Snow,Medium
-1.49,85.3,7.14,3.05,6,Rain,Medium
3.69,53.4,7.97,22.84,23,Cloudy,Medium
29.04,80.3,9.73,5.09,3,Cloudy,Low
5.34,89.9,9.13,9.44,14,Cloudy,Low
26.71,86.9,6.02,23.78,20,Rain,Medium
9.84,68.2,9.07,19.98,22,Heavy Rain,Medium
16.7,87.5,8.14,4.35,5,Rain,Medium
-1.63,55.6,14.17,2.29,18,Snow,High
7.7,100.0,8.69,10.17,16,Clear,Low
4.5,69.3,9.4,6.81,13,Snow,Low
17.71,85.6,9.78,1.21,19,Clear,Medium
16.12,58.5,8.03,5.22,21,Snow,Medium
20.55,74.0,6.84,12.73,3,Clear,Low
9.11,74.8,10.38,20.14,11,Rain,Medium
3.84,48.3,10.4,19.57,5,Rain,Low
17.19,47.7,15.0,24.69,9,Cloudy,Low
2.64,61.3,11.23,15.18,9,Clear,Low
27.94,84.9,11.28,7.97,17,Heavy Rain,High
13.63,32.0,11.15,21.21,14,Clear,Low
11.09,58.5,6.93,5.69,17,Cloudy,Medium
20.55,88.6,5.23,0.06,16,Rain,Medium
14.08,42.8,5.99,10.67,8,Rain,Medium
-4.9,87.6,11.06,15.7,15,Clear,Medium
2.26,44.7,13.26,4.69,11,Cloudy,Low
27.69,48.5,11.2,2.57,12,Snow,Medium
16.01,62.4,8.5,8.25,5,Cloudy,Low
-5.18,98.7,14.03,15.71,6,Cloudy,High
19.23,53.5,7.67,10.69,2,Rain,High
8.29,33.8,5.56,35.73,3,Clear,Low
4.51,39.8,9.76,10.78,8,Fog,High
1.26,81.8,12.88,18.76,4,Clear,Medium
27.0,40.6,6.47,1.04,11,Rain,Low
-8.59,86.4,3.89,17.28,17,Rain,High
4.95,66.3,9.11,7.84,3,Rain,Medium
16.44,64.4,11.31,11.92,5,Snow,Medium
33.94,70.4,0.11,27.18,3,Cloudy,High
21.65,50.6,11.93,8.65,19,Fog,High
4.85,67.5,4.9,0.23,2,Rain,Medium
33.35,43.5,11.17,1.63,22,Thunderstorm,Medium
-1.26,89.3,3.01,13.56,21,Clear,Medium
18.18,46.5,4.58,13.07,9,Snow,High
20.85,72.9,10.86,12.69,16,Rain,Low
4.43,46.4,12.65,0.43,4,Fog,Medium
23.37,55.4,8.97,30.24,3,Cloudy,High
8.83,58.3,15.0,25.18,15,Rain,Medium
23.34,100.0,5.93,13.17,15,Cloudy,Low
-7.08,64.7,5.89,1.69,7,Heavy Rain,High
19.02,50.2,8.09,26.26,11,Rain,Medium
10.05,57.0,7.95,22.23,12,Fog,Medium
28.8,37.9,9.85,12.93,13,Cloudy,Low
14.47,62.1,6.77,22.79,6,Rain,Low
29.99,98.3,10.7,7.55,19,Snow,High
21.09,71.0,10.63,3.36,14,Cloudy,Low
13.47,81.3,13.84,13.42,11,Cloudy,Low
24.45,48.6,7.53,1.97,12,Cloudy,Low
24.53,61.3,10.01,2.01,6,Heavy Rain,Low
20.66,68.7,10.82,16.89,8,Fog,Medium
-12.51,51.9,8.98,14.16,18,Clear,Medium
3.21,72.2,8.37,0.43,3,Clear,Low
31.61,76.1,2.81,8.32,3,Clear,Medium
-0.07,74.8,9.25,0.04,4,Clear,High
25.59,62.3,10.79,7.6,22,Clear,Low
23.48,84.6,8.83,6.62,19,Heavy Rain,Medium
6.29,60.4,6.65,20.93,22,Cloudy,Low
-8.94,58.7,3.96,10.59,7,Cloudy,Medium
8.17,90.9,10.36,9.81,8,Snow,Medium
39.94,45.1,9.1,8.47,6,Fog,Medium
4.64,34.3,13.17,3.49,18,Cloudy,Medium
5.47,49.4,4.65,11.11,18,Clear,Medium
3.03,72.0,7.59,16.35,22,Cloudy,Low
29.58,88.1,5.04,14.08,6,Fog,Medium
12.09,53.1,12.08,18.23,22,Fog,High
7.49,97.7,12.72,18.67,22,Cloudy,Low
31.96,65.5,14.77,31.78,2,Thunderstorm,High
21.95,62.9,10.56,1.84,8,Cloudy,Medium
3.97,49.7,11.37,14.11,4,Snow,High
0.32,100.0,10.31,15.12,23,Fog,High
28.9,62.3,10.72,9.12,11,Clear,Low
15.2,41.0,9.15,6.31,0,Clear,Low
-3.59,100.0,10.86,16.49,13,Cloudy,Medium
-6.4,72.1,15.0,15.63,4,Cloudy,High
1.61,79.4,9.66,2.52,8,Thunderstorm,High
0.13,95.3,9.07,4.18,13,Cloudy,Low
-9.55,76.1,9.59,7.58,1,Snow,High
1.81,82.5,8.55,5.94,21,Clear,Low
3.97,66.0,9.74,17.42,10,Thunderstorm,High
9.45,78.2,8.45,3.68,15,Rain,Low
35.31,64.4,12.43,10.4,6,Clear,Medium
11.8,64.6,12.13,3.36,18,Clear,Low
12.99,67.2,15.0,1.96,10,Clear,Low
21.11,57.9,8.93,5.07,12,Rain,Low
12.15,74.1,9.87,9.75,6,Snow,Medium
19.8,74.0,9.74,4.62,4,Heavy Rain,High
18.37,79.7,9.6,13.28,10,Cloudy,Low
16.47,76.5,12.39,3.31,7,Rain,Medium
45.0,100.0,4.13,10.06,14,Fog,High
25.93,83.9,10.38,10.17,14,Cloudy,Low
2.02,61.3,14.99,1.03,8,Heavy Rain,High
19.44,73.2,13.09,14.06,3,Clear,Medium
5.5,90.4,12.75,7.52,5,Clear,Low
20.36,47.9,11.53,5.83,6,Clear,Low
-1.5,100.0,7.21,19.09,9,Thunderstorm,High
1.71,51.1,6.75,8.03,18,Heavy Rain,High
19.13,81.2,6.77,18.04,6,Fog,Low
26.97,65.1,5.58,1.51,17,Cloudy,Low
21.03,64.1,11.84,6.69,1,Clear,Low
25.25,41.5,13.41,24.66,15,Clear,Low
19.49,81.3,10.3,6.36,15,Cloudy,Low
17.07,41.8,11.41,26.52,19,Thunderstorm,Medium
8.96,39.0,9.88,9.25,15,Clear,Low
24.76,85.9,10.71,11.24,7,Fog,High
27.3,97.2,2.65,19.58,7,Clear,Medium
14.24,53.0,9.94,16.9,19,Clear,Medium
13.6,83.1,7.72,13.39,23,Clear,Medium
34.1,79.3,8.88,7.83,12,Clear,Low
14.75,63.4,9.68,1.96,18,Rain,High
15.91,89.0,6.85,1.52,23,Thunderstorm,High
20.81,62.1,5.77,23.82,21,Thunderstorm,High
13.83,74.3,6.76,27.29,0,Clear,Low
5.16,42.4,4.65,13.17,11,Cloudy,Low
19.54,43.2,5.53,3.96,14,Cloudy,Low
14.53,86.0,5.95,5.05,12,Clear,Low
37.11,74.9,4.69,4.6,14,Cloudy,Medium
24.46,62.4,10.59,7.0,16,Clear,Medium
7.85,99.3,6.3,4.04,5,Clear,Low
23.75,99.2,3.41,16.69,14,Thunderstorm,High
18.69,72.9,7.8,14.23,16,Heavy Rain,High
30.71,38.8,5.66,26.22,16,Heavy Rain,High
8.71,63.0,13.38,8.5,14,Cloudy,Low
17.26,50.0,9.4,13.8,10,Cloudy,Low
13.81,66.6,4.59,18.67,8,Cloudy,Low
15.7,48.1,10.71,21.2,3,Clear,Medium
4.38,43.5,9.25,0.89,18,Thunderstorm,High
21.91,24.3,8.28,15.64,19,Rain,Medium
20.02,68.0,13.72,13.32,23,Cloudy,Low
30.42,23.6,6.07,14.73,9,Rain,Medium
14.88,59.2,12.11,12.54,5,Thunderstorm,Medium
10.06,77.5,7.77,27.42,14,Clear,Low
24.47,52.0,8.94,3.98,14,Snow,Medium
5.47,45.5,6.75,3.45,8,Clear,Low
28.02,63.8,6.94,4.61,8,Clear,Low
27.99,50.1,7.69,9.39,11,Fog,Medium
30.09,68.3,3.3,14.64,10,Clear,Low
19.52,46.4,10.04,7.89,15,Rain,Medium
9.16,63.1,9.34,21.06,17,Cloudy,Low
16.31,58.8,4.51,11.97,13,Cloudy,Low
19.56,64.8,10.98,11.13,16,Thunderstorm,High
8.28,94.4,13.37,0.03,3,Cloudy,Medium
31.0,68.6,7.01,28.39,7,Clear,Medium
21.96,74.1,6.65,11.57,5,Clear,Low
4.29,53.8,12.34,26.73,19,Thunderstorm,High
37.59,69.0,10.21,6.4,4,Fog,High
16.17,60.1,8.59,19.48,20,Clear,Low
1.87,65.5,11.44,6.94,13,Cloudy,Low
5.04,76.7,9.82,28.37,4,Rain,High
32.85,56.0,13.29,22.09,9,Thunderstorm,High
36.9,57.8,8.95,19.65,1,Rain,Medium
27.11,56.2,10.28,5.48,5,Snow,Medium
30.83,55.9,12.29,29.16,14,Clear,Low
29.6,68.1,1.66,30.34,1,Cloudy,High
21.68,58.4,12.4,8.58,12,Heavy Rain,Medium
18.95,92.0,7.48,13.45,18,Clear,Medium
21.48,100.0,10.5,20.34,5,Cloudy,Low
23.83,54.8,13.99,5.75,1,Fog,Medium
6.1,70.3,8.08,22.31,14,Heavy Rain,High
23.78,83.7,7.63,21.21,9,Clear,Low
32.5,60.2,8.84,6.93,9,Cloudy,Medium
12.52,47.1,4.64,7.73,10,Cloudy,Low
11.24,96.3,15.0,15.0,14,Clear,Low
20.72,77.4,8.87,1.8,10,Clear,Low
7.2,70.7,13.94,2.29,7,Clear,Medium
-0.8,91.1,8.0,15.34,3,Thunderstorm,High
28.77,78.9,9.1,23.86,23,Cloudy,Low
9.59,64.1,11.83,10.03,17,Clear,Low
15.22,47.4,5.69,22.67,15,Cloudy,Low
7.68,56.1,8.69,17.98,5,Clear,Low
30.32,86.7,11.72,0.36,0,Snow,High
25.24,77.3,8.36,7.01,15,Rain,Medium
12.11,61.6,7.55,21.71,21,Cloudy,Low
0.84,96.8,12.35,6.94,9,Rain,High
10.84,62.2,13.2,19.37,2,Clear,Low
21.84,82.8,13.68,8.31,12,Cloudy,Low
17.26,69.0,6.98,18.49,23,Clear,Low
16.31,99.8,7.26,15.86,10,Clear,Low
17.54,78.6,7.59,9.77,8,Clear,Medium
24.11,65.8,11.16,18.24,22,Clear,Low
14.5,61.8,5.41,7.44,5,Rain,Medium
20.4,64.7,5.58,2.23,8,Clear,Low
3.16,51.9,6.86,7.83,5,Clear,Low
45.0,40.4,6.19,22.55,3,Clear,Medium
11.59,70.6,11.65,1.02,21,Clear,Low
17.44,55.4,11.45,11.69,8,Clear,Low
21.8,55.3,7.55,14.86,19,Clear,Medium
10.07,63.4,8.42,14.23,11,Thunderstorm,Medium
15.09,65.9,1.38,11.11,17,Clear,Medium
14.95,65.1,7.63,6.41,1,Cloudy,High
4.03,96.3,12.73,9.78,13,Heavy Rain,Medium
20.26,76.9,7.46,20.77,22,Thunderstorm,Medium
-4.79,100.0,5.72,5.81,23,Cloudy,Medium
36.03,57.1,13.13,7.43,4,Clear,Medium
24.52,79.1,5.66,16.2,18,Cloudy,Low
22.67,58.1,13.64,25.46,22,Rain,Medium
-5.84,54.9,15.0,2.54,17,Cloudy,Medium
5.49,100.0,8.67,24.25,9,Cloudy,Low
31.67,51.2,12.73,16.69,3,Fog,High
45.0,24.8,3.99,1.59,13,Cloudy,Low
29.34,52.3,3.86,5.67,0,Clear,Low
27.44,28.9,6.61,5.27,16,Thunderstorm,High
21.3,47.9,11.47,13.52,9,Cloudy,Low
4.83,49.5,9.01,10.37,1,Snow,High
26.94,65.6,8.44,21.95,16,Cloudy,Low
1.79,28.1,5.13,19.64,9,Clear,Medium
0.47,86.5,8.62,1.91,12,Clear,Low
-0.28,31.2,7.07,0.77,6,Heavy Rain,High
26.71,62.7,6.23,17.53,10,Thunderstorm,High
14.31,59.2,5.98,7.36,4,Fog,High
16.21,79.9,9.58,10.43,4,Rain,High
14.82,71.3,6.84,16.92,16,Rain,Low
1.49,86.4,8.98,19.73,19,Clear,Medium
6.95,58.5,3.69,0.9,3,Cloudy,High
7.55,56.6,10.51,7.99,3,Clear,Low
-1.86,72.4,9.72,10.98,13,Cloudy,Medium
8.95,83.5,8.31,4.31,13,Thunderstorm,Medium
2.02,79.9,9.48,12.6,9,Rain,High
21.93,70.8,11.8,11.2,23,Cloudy,Low
22.93,69.2,4.65,3.22,23,Clear,Medium
-0.52,64.3,9.2,30.78,15,Cloudy,Medium
11.44,72.4,5.08,12.15,21,Cloudy,Low
37.27,100.0,9.26,6.84,10,Fog,Medium
3.23,60.6,8.22,12.91,0,Rain,High
20.12,58.4,8.93,16.77,2,Clear,Low
16.27,57.1,11.55,6.31,19,Cloudy,Medium
28.11,72.0,11.46,32.88,3,Clear,Low
18.55,26.8,12.26,1.7,4,Clear,Medium
9.82,62.6,7.81,1.08,16,Cloudy,Medium
15.8,80.9,11.11,2.39,11,Cloudy,Medium
15.98,55.5,10.52,12.04,5,Clear,Low
13.9,68.4,7.89,16.26,19,Cloudy,Low
-0.83,100.0,9.35,9.03,17,Clear,Low
29.92,71.0,8.6,16.23,6,Clear,Low
27.8,24.7,13.18,16.11,4,Cloudy,Low
2.47,39.6,11.43,8.75,17,Rain,High
11.39,60.5,7.99,15.85,5,Rain,Low
12.3,50.5,7.78,10.23,5,Cloudy,Low
1.12,66.9,11.87,8.32,21,Thunderstorm,High
-7.4,59.7,13.02,7.51,20,Rain,Medium
6.95,86.0,9.95,14.1,23,Rain,Medium
10.72,45.4,10.98,22.96,10,Cloudy,Low
-2.29,61.3,12.91,1.15,17,Fog,High
17.12,68.9,8.48,7.68,4,Cloudy,Medium
28.95,71.1,9.25,13.46,23,Heavy Rain,High
25.11,67.6,10.46,27.81,1,Cloudy,Low
13.48,21.6,7.71,15.89,20,Snow,Medium
-7.08,66.5,14.1,4.69,14,Heavy Rain,High
23.59,62.3,7.69,3.68,22,Snow,Medium
16.76,80.6,9.18,20.87,16,Clear,Low
20.09,78.0,14.75,9.18,4,Cloudy,Medium
38.23,69.3,3.41,0.92,16,Cloudy,High
5.1,70.6,9.65,21.12,17,Cloudy,Medium
-19.5,89.3,7.02,14.77,11,Clear,Low
2.36,85.7,9.0,1.25,14,Snow,High
20.83,70.0,5.38,0.06,9,Clear,Low
15.32,100.0,7.89,7.51,6,Cloudy,Low
0.41,53.7,9.07,6.4,14,Cloudy,Low
-2.04,43.7,9.71,14.74,12,Cloudy,Low
10.74,64.8,11.69,20.64,0,Fog,Medium
0.05,58.3,2.03,15.82,18,Fog,High
21.25,20.6,8.62,0.26,5,Rain,Low
10.06,53.3,8.48,9.45,1,Clear,Medium
7.47,71.2,8.81,24.86,6,Clear,Low
5.9,64.0,9.1,7.39,21,Clear,Low
18.16,51.0,6.51,18.92,18,Cloudy,Low
15.51,65.8,4.36,17.81,10,Clear,Low
17.42,67.2,9.65,18.84,10,Cloudy,Low
17.16,77.9,6.02,15.88,10,Cloudy,Low
14.13,53.5,10.21,18.81,1,Clear,Medium
2.6,80.7,6.19,1.33,8,Heavy Rain,High
6.24,45.4,11.08,25.64,21,Thunderstorm,Medium
10.26,55.9,8.84,4.26,15,Cloudy,Low
39.78,95.6,9.04,14.81,9,Clear,Medium
-1.19,46.6,8.26,11.56,23,Clear,Medium
9.97,53.1,7.78,6.37,1,Clear,Medium
16.18,42.4,8.3,3.22,20,Rain,Low
11.36,50.1,12.54,16.95,10,Cloudy,Low
27.89,67.5,4.4,19.21,12,Heavy Rain,High
11.3,77.7,7.06,11.07,22,Cloudy,Low
12.19,64.7,12.17,9.4,22,Clear,Low
24.78,59.2,11.46,23.53,19,Snow,High
36.73,42.6,13.03,8.2,12,Fog,Low
31.89,51.9,8.82,11.62,14,Heavy Rain,Medium
13.36,37.2,5.05,10.17,21,Thunderstorm,Medium
14.41,78.3,5.68,34.24,18,Snow,High
15.56,79.5,8.1,4.44,7,Cloudy,Low
16.76,64.3,11.28,19.48,12,Snow,High
4.83,72.9,8.24,3.29,19,Rain,Medium
26.24,80.8,8.0,3.38,19,Cloudy,Low
17.48,66.8,10.19,9.22,7,Cloudy,Low
14.46,90.1,9.08,10.82,20,Rain,Low
-0.25,46.6,7.68,9.53,13,Clear,Medium
15.75,58.7,6.0,11.11,8,Rain,Low
-7.72,56.6,11.84,5.8,11,Cloudy,Low
8.02,76.7,12.14,23.59,10,Cloudy,Low
8.24,39.2,5.83,3.0,1,Cloudy,Medium
18.44,91.1,7.79,18.7,5,Fog,Low
37.56,75.1,11.0,18.1,3,Thunderstorm,Medium
21.86,96.5,5.59,3.47,16,Thunderstorm,Medium
32.38,64.3,10.1,8.7,10,Rain,Medium
22.74,55.1,8.02,11.98,3,Heavy Rain,High
28.5,76.8,5.35,27.08,14,Clear,Low
37.29,83.6,14.33,8.68,11,Cloudy,Low
6.22,52.1,7.98,44.61,16,Clear,Medium
5.43,29.0,10.57,18.91,23,Clear,Low
23.03,32.1,5.64,15.09,23,Rain,High
14.96,69.7,13.66,19.96,11,Clear,Low
17.64,92.7,14.84,3.47,0,Snow,High
12.02,41.6,4.49,22.55,1,Thunderstorm,High
7.84,60.1,8.51,0.09,3,Cloudy,Medium
34.45,58.7,12.98,19.83,0,Clear,Low
1.8,99.6,7.59,6.67,15,Heavy Rain,High
23.24,100.0,10.23,4.81,22,Heavy Rain,Medium
21.29,72.6,3.96,27.95,18,Heavy Rain,High
-3.95,81.2,6.64,11.1,16,Rain,High
5.03,80.7,9.92,1.78,7,Heavy Rain,Medium
7.05,42.0,7.23,20.77,17,Snow,High
21.78,77.6,7.92,1.01,12,Clear,Low
10.6,46.6,4.45,24.25,8,Thunderstorm,Medium
13.97,61.9,10.96,11.85,1,Heavy Rain,High
-2.49,85.5,4.98,0.54,12,Cloudy,High
42.91,66.5,13.62,19.39,10,Cloudy,Low
15.85,84.8,6.95,16.69,13,Thunderstorm,Medium
20.99,88.4,11.4,7.11,11,Clear,Low
8.51,33.4,11.11,11.43,18,Heavy Rain,Medium
7.17,25.8,6.04,14.69,21,Clear,Low
37.95,85.9,7.27,14.16,12,Cloudy,Low
-8.0,86.6,7.63,10.34,8,Cloudy,Medium
18.34,69.6,7.83,18.7,7,Clear,Low
0.46,72.1,5.11,17.12,21,Clear,Low
10.14,81.1,10.6,12.28,12,Cloudy,Low
7.34,80.7,6.93,9.87,23,Cloudy,Medium
3.17,59.5,8.66,13.33,16,Clear,Low
15.43,82.2,12.02,6.57,13,Cloudy,Low
-15.82,58.8,10.72,2.8,1,Rain,High
11.21,69.4,7.14,1.89,17,Rain,Medium
13.92,68.6,12.12,11.1,11,Cloudy,Low
-1.31,49.5,11.0,4.28,2,Rain,High
33.16,51.6,6.88,10.57,8,Rain,Low
7.87,100.0,7.46,23.97,10,Rain,Low
12.15,48.9,12.0,10.14,21,Thunderstorm,Medium
7.89,71.7,11.34,13.24,15,Fog,Medium
14.02,75.4,4.49,9.94,9,Snow,Medium
30.7,64.0,5.98,23.76,23,Rain,Medium
44.68,77.1,11.09,26.92,15,Clear,Medium
23.95,70.9,5.48,7.77,23,Clear,Low
28.06,49.3,11.41,18.55,10,Rain,Medium
35.6,74.7,14.81,30.82,20,Rain,Low
17.99,55.2,10.12,1.55,19,Cloudy,Low
33.84,96.3,6.23,20.82,17,Rain,Medium
24.51,72.7,9.53,3.67,22,Rain,Medium
16.73,52.4,12.1,12.27,13,Clear,Low
19.2,71.2,9.3,10.74,2,Fog,High
-6.86,48.4,10.45,3.36,9,Fog,High
18.51,69.6,6.6,21.8,0,Clear,Medium
-3.52,60.9,6.83,13.33,6,Rain,High
-4.5,50.1,11.72,3.65,16,Fog,High
17.31,49.9,6.86,14.96,3,Rain,Medium
1.63,100.0,1.24,20.13,15,Cloudy,Medium
14.91,66.6,8.08,3.92,15,Fog,High
16.66,57.2,9.94,16.33,13,Heavy Rain,Medium
17.2,54.1,12.18,11.62,16,Rain,Medium
4.15,73.5,13.94,5.09,10,Cloudy,Low
25.78,53.5,9.25,24.05,15,Heavy Rain,Medium
13.93,45.3,10.98,8.67,17,Snow,Medium
20.29,64.4,9.36,14.78,14,Clear,Low
0.64,64.3,10.06,10.32,16,Rain,Medium
12.86,57.5,8.44,1.91,18,Rain,Medium
28.17,49.0,10.16,12.27,9,Clear,Low
26.64,58.0,6.81,0.06,21,Snow,Medium
5.43,56.5,14.94,0.38,7,Snow,High
8.45,54.0,1.83,2.12,1,Clear,High
3.14,70.0,10.71,1.33,23,Rain,Medium
7.12,100.0,9.96,10.11,20,Clear,Low
-1.79,89.0,10.11,8.47,9,Clear,Low
13.34,100.0,5.45,14.56,5,Clear,Low
22.6,54.8,3.97,2.17,5,Rain,Medium
5.58,95.1,10.82,9.73,13,Fog,Medium
13.91,69.1,13.02,7.67,23,Cloudy,Low
12.35,82.8,9.66,13.81,7,Clear,Low
27.66,73.2,11.42,14.24,16,Clear,Medium
7.66,58.8,7.63,13.41,8,Clear,Low
8.1,78.0,9.99,3.09,13,Clear,Low
4.85,73.7,12.68,12.22,15,Cloudy,Low
1.35,33.2,8.06,7.38,18,Thunderstorm,High
21.35,62.8,12.56,23.83,17,Fog,High
13.38,80.7,4.1,12.99,5,Clear,Low
15.66,70.0,7.16,12.71,2,Clear,Low
30.3,73.5,10.64,0.47,13,Rain,Medium
30.98,51.5,14.71,6.69,9,Rain,Medium
-4.75,69.6,9.04,14.33,6,Clear,Medium
22.77,63.3,5.9,11.29,4,Thunderstorm,High
17.71,61.3,14.64,11.19,20,Rain,Low
9.46,52.8,8.62,3.78,2,Cloudy,Low
18.93,81.5,10.99,4.67,3,Snow,High
-5.72,71.2,8.0,9.53,8,Cloudy,High
32.55,69.4,9.43,22.82,5,Rain,Low
21.18,100.0,7.31,5.02,1,Fog,High
4.62,73.5,15.0,2.6,5,Fog,Low
7.98,86.6,12.57,5.08,8,Clear,Medium
-5.44,69.9,14.3,14.93,10,Clear,Low
11.23,58.6,6.63,22.68,12,Rain,Medium
9.21,45.9,3.52,15.24,3,Clear,Medium
-0.9,69.3,8.12,17.19,23,Rain,Medium
24.32,17.1,15.0,2.71,13,Snow,Medium
30.32,69.9,8.03,15.32,9,Clear,Low
14.67,70.7,12.16,5.05,17,Clear,Medium
11.33,61.1,5.93,12.54,22,Cloudy,Low
20.22,63.3,6.51,16.52,0,Thunderstorm,High
14.76,42.5,8.76,9.37,12,Cloudy,Medium
2.01,89.9,15.0,19.38,21,Thunderstorm,High
7.17,58.9,12.3,10.53,5,Rain,Low
11.44,47.5,2.84,14.46,20,Clear,Low
17.98,74.8,11.0,29.02,14,Clear,Low
15.11,67.0,5.55,16.48,1,Rain,Medium
17.52,58.5,6.96,5.26,20,Cloudy,Low
-3.3,56.6,10.53,7.68,1,Clear,Low
22.98,64.9,13.2,19.86,17,Cloudy,Low
15.04,89.2,13.05,21.38,13,Cloudy,Low
45.0,73.5,9.99,11.67,19,Fog,High
10.35,64.4,10.04,1.74,7,Thunderstorm,High
18.88,80.3,13.04,3.45,2,Rain,High
45.0,65.5,4.27,13.63,11,Clear,Medium
17.33,72.2,14.48,17.22,17,Cloudy,Medium
14.19,67.7,6.79,21.04,13,Clear,Low
3.16,75.6,9.78,6.29,2,Cloudy,Medium
33.34,57.0,7.51,19.84,15,Rain,Low
1.09,44.5,5.53,24.84,9,Cloudy,Medium
20.13,81.3,10.38,9.54,17,Clear,Low
9.32,92.1,9.71,11.95,22,Thunderstorm,High
12.73,45.3,8.68,18.82,20,Clear,Low
-2.09,68.2,8.54,0.7,23,Rain,Medium
31.12,56.9,13.58,7.51,14,Rain,Low
11.67,80.9,15.0,17.04,17,Cloudy,Low
0.42,69.4,12.76,7.3,2,Clear,Low
30.03,100.0,9.83,8.73,4,Snow,High
8.95,59.6,4.09,13.99,3,Rain,High
19.02,92.7,10.88,1.47,17,Rain,High
25.1,94.4,11.01,2.4,14,Rain,Medium
20.69,74.6,11.31,16.22,22,Clear,Low
-11.36,65.7,5.58,20.54,17,Cloudy,High
23.34,66.7,11.55,15.59,20,Heavy Rain,Medium
13.79,65.2,13.68,24.25,18,Cloudy,Medium
11.05,85.4,6.05,15.78,15,Rain,Low
13.69,49.3,11.05,28.62,12,Cloudy,Medium
-4.32,62.1,6.56,12.59,3,Heavy Rain,High
17.31,59.9,8.69,14.27,14,Snow,Medium
-1.37,33.9,6.15,15.63,12,Snow,High
11.57,80.5,7.95,6.35,23,Rain,Medium
16.88,84.1,7.97,5.02,21,Cloudy,Low
27.89,53.6,10.24,3.9,8,Snow,Medium
5.16,83.5,11.67,7.0,4,Cloudy,Medium
32.42,36.5,12.65,30.64,5,Thunderstorm,Medium
26.36,65.4,7.04,28.39,11,Snow,Medium
9.85,62.7,10.08,9.05,23,Clear,Low
1.7,66.6,5.71,8.22,20,Cloudy,Low
-2.33,66.5,8.67,7.32,22,Fog,High
18.26,63.6,9.13,3.05,5,Clear,Low
6.15,58.0,6.23,4.72,0,Clear,Medium
29.39,63.0,10.68,8.04,16,Clear,Low
6.85,89.5,8.53,6.87,9,Snow,Medium
4.19,54.6,9.46,13.93,11,Cloudy,Low
17.8,100.0,12.67,18.97,17,Clear,Low
6.77,53.6,7.72,5.45,23,Clear,Low
15.1,69.3,11.55,24.93,4,Rain,Medium
26.83,75.3,13.33,15.11,14,Cloudy,Low
16.41,59.7,13.14,19.99,0,Clear,Medium
16.45,89.9,8.44,8.04,12,Cloudy,Medium
17.46,74.8,6.08,16.92,0,Rain,High
-5.32,61.3,6.87,16.08,19,Cloudy,Medium
19.7,89.7,4.24,25.21,13,Rain,High
16.92,46.7,11.06,17.87,6,Rain,Low
25.71,54.8,11.24,19.68,5,Rain,Low
22.27,75.1,9.35,7.24,15,Clear,Low
12.58,79.4,4.87,22.76,6,Cloudy,Low
27.39,70.8,7.9,0.51,9,Fog,High
11.49,62.7,13.14,6.84,0,Clear,Low
17.97,60.5,10.83,14.53,8,Snow,Medium
11.27,85.4,11.35,1.63,17,Cloudy,Low
20.54,69.3,15.0,3.69,1,Rain,Medium
10.48,49.3,9.98,3.7,20,Clear,Low
34.77,48.3,2.52,15.41,6,Rain,High
39.21,92.2,5.7,10.57,17,Clear,Medium
25.49,52.1,9.92,20.67,3,Heavy Rain,High
33.5,69.9,9.06,28.93,3,Clear,Medium
-3.47,89.3,8.48,14.43,20,Clear,Medium
-2.06,74.8,8.54,7.4,22,Clear,Low
11.14,51.4,6.65,15.31,6,Snow,Medium
15.49,46.7,10.12,3.94,23,Snow,High
12.62,98.7,13.18,11.43,19,Cloudy,Low
-4.71,46.3,14.2,34.16,6,Clear,Low
28.82,55.0,14.11,10.17,19,Fog,Medium
40.85,71.7,6.13,14.72,23,Clear,Medium
30.37,61.1,8.94,10.55,7,Clear,Low
28.03,75.3,8.06,8.31,10,Clear,Low
17.71,38.6,10.78,16.33,6,Clear,Low
4.88,61.2,8.75,0.56,1,Fog,Medium
15.87,77.2,8.32,10.5,22,Rain,Low
40.27,77.3,13.36,0.22,13,Cloudy,Low
10.78,54.7,9.3,25.9,4,Heavy Rain,Medium
9.54,46.6,9.37,20.88,12,Heavy Rain,Medium
28.29,68.8,10.24,5.09,18,Clear,Low
29.08,41.4,11.03,4.7,20,Clear,Low
4.83,88.1,11.05,16.41,18,Clear,Low
11.86,67.8,13.66,11.61,8,Cloudy,Low
8.98,52.5,5.14,32.19,22,Clear,Low
15.84,46.0,9.97,24.62,18,Cloudy,Low
28.24,53.6,8.69,17.72,10,Clear,Low
5.35,36.9,8.1,7.25,18,Heavy Rain,High
28.08,73.9,11.27,9.65,23,Cloudy,Medium
16.22,50.5,12.89,14.72,0,Rain,Medium
42.91,72.2,7.22,15.2,14,Rain,Medium
18.83,74.7,14.06,5.63,16,Heavy Rain,Low
13.84,82.4,4.71,0.28,20,Cloudy,Low
21.9,69.5,10.77,29.35,11,Cloudy,Medium
10.95,85.3,6.33,12.3,8,Clear,Low
-6.54,89.9,7.07,15.82,4,Clear,Medium
12.11,69.6,9.18,4.28,9,Clear,Low
11.92,70.7,7.8,24.3,10,Clear,Low
-4.11,55.0,0.41,21.36,19,Rain,High
14.12,47.2,10.83,12.54,20,Heavy Rain,Medium
-9.81,88.1,11.34,13.89,12,Cloudy,Low
10.83,75.9,8.52,14.56,16,Snow,Medium
17.92,77.4,8.28,12.88,17,Cloudy,Low
16.16,54.4,7.88,17.02,15,Rain,Low
10.07,94.2,3.87,15.39,18,Cloudy,Medium
13.97,60.9,3.55,10.42,1,Clear,Medium
5.59,50.6,11.41,1.48,11,Cloudy,Low
15.13,54.7,12.19,11.77,16,Thunderstorm,High
15.7,93.3,10.79,18.75,12,Clear,Medium
4.2,45.0,10.14,18.05,18,Cloudy,Medium
18.21,51.5,11.35,23.81,7,Cloudy,Low
18.14,100.0,11.15,24.76,22,Heavy Rain,High
13.01,81.9,6.64,18.31,2,Clear,Low
44.05,51.8,9.67,13.69,19,Cloudy,High
13.31,45.5,8.11,15.09,17,Clear,Low
11.65,34.9,8.15,6.83,1,Clear,Medium
9.93,66.7,12.42,19.19,5,Cloudy,Low
3.35,78.1,13.72,23.91,22,Clear,Low
23.23,92.3,1.96,21.37,16,Cloudy,Medium
6.77,30.9,8.23,17.01,19,Clear,Medium
8.18,41.1,8.08,9.83,20,Fog,Low
8.54,62.8,12.48,8.8,0,Cloudy,Low
3.18,100.0,4.65,10.56,20,Clear,Low
-6.01,80.9,0.1,5.43,17,Clear,High
9.44,71.7,11.46,14.47,5,Heavy Rain,Medium
25.48,43.0,11.89,13.17,7,Clear,Low
17.36,26.8,3.65,7.15,9,Cloudy,Low
33.73,65.7,8.63,12.61,14,Fog,Medium
24.01,63.2,13.59,34.51,6,Clear,Low
21.29,60.2,5.77,12.04,6,Thunderstorm,Medium
37.59,58.2,9.3,12.37,12,Cloudy,Low
13.83,51.5,10.52,4.5,17,Clear,Low
15.76,47.4,4.72,27.48,10,Snow,High
14.86,90.0,7.31,4.68,4,Cloudy,High
33.53,49.0,3.93,30.3,2,Clear,High
15.03,60.0,8.51,5.34,20,Rain,Medium
7.22,64.3,6.63,20.47,11,Heavy Rain,Low
22.05,77.7,9.62,11.49,1,Cloudy,Medium
5.2,49.7,10.9,6.94,8,Rain,Medium
21.4,82.6,13.17,21.09,0,Clear,Low
19.97,54.6,15.0,23.96,4,Clear,Low
12.73,62.1,9.62,10.33,3,Clear,Medium
21.79,94.6,8.05,11.78,22,Thunderstorm,High
-2.85,47.6,7.88,8.29,9,Clear,Medium
16.96,78.0,6.11,14.02,4,Fog,High
9.45,83.1,10.34,2.15,15,Clear,Low
45.0,70.6,7.52,12.24,23,Cloudy,Medium
16.87,62.9,10.55,4.83,11,Rain,Low
7.84,100.0,6.2,10.01,4,Clear,Low
-1.54,64.8,7.6,2.37,11,Clear,Medium
30.66,68.7,10.3,10.94,14,Clear,Low
10.8,58.9,8.63,7.39,20,Cloudy,Low
5.5,67.7,3.24,5.64,3,Cloudy,High
19.04,82.4,8.95,6.16,13,Clear,Low
22.8,60.0,6.59,20.7,1,Clear,Medium
22.61,27.0,12.54,14.12,12,Snow,Medium
15.24,74.2,11.91,26.08,0,Cloudy,Medium
16.91,45.6,2.15,12.93,10,Fog,High
17.78,78.4,11.4,5.19,11,Clear,Low
19.04,65.0,10.17,2.61,23,Clear,Medium
20.1,82.0,4.55,13.04,4,Cloudy,Medium
28.13,47.9,11.63,14.18,5,Clear,Low
15.68,55.4,5.16,6.73,13,Clear,Low
5.2,58.9,12.44,4.84,3,Cloudy,Medium
13.27,38.3,7.06,6.53,1,Rain,Medium
24.05,85.0,4.45,10.7,11,Clear,Low
-6.44,35.7,15.0,11.56,5,Fog,High
-6.37,84.8,4.36,2.12,16,Snow,High
26.02,72.6,6.58,14.22,2,Cloudy,Medium
33.24,61.4,7.17,14.13,0,Cloudy,Medium
-0.18,71.2,7.63,11.01,5,Rain,High
16.21,70.7,11.1,5.78,20,Clear,Low
10.21,57.8,9.17,18.04,13,Cloudy,Low
11.87,70.4,12.01,23.91,6,Clear,Low
18.67,78.2,10.12,7.97,14,Fog,Medium
-0.51,48.0,3.98,6.34,15,Cloudy,Medium
1.71,71.2,10.65,16.19,10,Cloudy,Low
11.38,17.7,9.7,1.46,4,Heavy Rain,High
13.26,30.3,7.13,0.51,8,Heavy Rain,High
1.49,75.2,15.0,6.16,20,Clear,Medium
24.48,57.5,10.83,14.79,16,Rain,Medium
9.99,49.6,11.83,4.08,8,Snow,High
9.94,64.0,11.93,11.83,21,Cloudy,Low
18.39,57.9,7.74,6.08,4,Clear,Low
13.45,47.2,10.9,17.55,4,Snow,Medium
25.05,35.5,9.95,24.96,0,Fog,High
3.8,29.6,7.33,3.81,2,Clear,Low
-1.77,78.3,5.34,16.0,7,Clear,Low
